id	page	radical	strokes	desc	jis	level	unicode	sub	sub_kind	sub_rule	cross	glyph
p10-0	10	一	1	尓−小	2-1-1	4						
p10-1	10	一	1	朽のつくり	2-1-2	4						
p10-2	10	一	1	ぼう／一			4E04					
p10-3	10	一	1	一／ぼう			4E05					
p10-4	10	一	2					凡	包摂適用	37	1	1
p10-5	10	一	2	勹＜一				勺	包摂適用	32	1	1
p10-6	10	一	2	一／力				万	デザイン差			1
p10-7	10	一	2	鼾のへん−自−田			4E0C					
p10-8	10	一	3	鼾のへん−自−田			4E93					
p10-9	10	一	3	丈＋一の右上に丶	1-14-2	3						
p10-10	10	一	3	眄のつくり	2-1-3	4						
p10-11	10	一	3	刃／一	2-1-4	4						
p10-12	10	一	4	卅			534C				1	
p10-13	10	一	4	三／二								1
p10-14	10	一	5	七／（七＋七）	1-14-3	3						
p10-15	10	一	5	匕／（匕＋匕）				※［＃「七／（七＋七）」、第3水準1-14-3］	包摂適用			1
p10-16	10	一	5	王／厶			4E1F					
p10-17	10	一	6	柳の本字			4E23					
p10-18	10	一	6	丙			4E24					
p10-19	10	丨	0	十−一	1-14-4	3						
p10-20	10	丨	1	収−又	2-1-5	4						
p10-21	10	丨	2	Ｙ	2-1-6	4						
p10-22	10	丨	3	挈−刀−手	1-14-5	3						
p10-23	10	丨	3	蚌のつくり	1-14-6	3						
p10-24	10	丨	3	虱	2-1-7	4						
p10-25	10	丨	9	叢−取			4E35					
p10-26	10	丶	4	麈−鹿				主	包摂適用			1
p10-27	10	丿	0	乂−丿	2-1-8	4						
p10-28	10	丿	0	迅−しんにょう−十			4E41					
p10-29	10	丿	1	〆の続いてる部分をとったもの				〆	包摂適用			1
p11-0	11		2	托のつくり	2-1-9	4						
p11-1	11		2	公の右上の欠けたもの	2-1-10	4						
p11-2	11		5	派のつくり	2-1-11	4						
p11-3	11		5	衆−血	2-1-12	4						
p11-4	11		5	殷のへん	2-1-13	4						
p11-5	11		5	師のへん	2-1-14	4						
p11-6	11		5	昔			20017					
p11-7	11	乚乙	0	礼のつくり	2-1-15	4						
p11-8	11	乚乙	1	也−ぼう			4E5C					
p11-9	11	乚乙	2	力＋礼のつくり			529C				1	
p11-10	11	乚乙	3	幺＋礼のつくり			4E63					
p11-11	11	乚乙	3	土へん＋礼のつくり			5720				1	
p11-12	11	乚乙	4	戸の旧字＋乙			6239				1	
p11-13	11	乚乙	5	示＋礼のつくり							1	1
p11-14	11	乚乙	5	占＋礼のつくり	2-1-16	4						
p11-15	11	乚乙	5	台＋礼のつくり			4E68					
p11-16	11	乚乙	6	耳＋礼のつくり			8034				1	
p11-17	11	乚乙	6	自＋礼のつくり			81EB				1	
p11-18	11	乚乙	7	郛のへん＋礼のつくり				乳	包摂適用			1
p11-19	11	乚乙	7	折／乙			4E74					
p11-20	11	乚乙	7	辛＋礼のつくり			4E75					
p11-21	11	乚乙	8	朝のへん＋礼のつくり			4E79					
p11-22	11	乚乙	8	金＋礼のつくり			91D3				1	
p11-23	11	乚乙	8	金＋乙			91D4				1	
p11-24	11	乚乙	10	孚＋礼のつくり			4E7F					
p11-25	11	乚乙	11	鳥＋乙	2-94-1	4					1	
p11-26	11	乚乙	15	齒＋礼のつくり	2-94-75	4					1	
p11-27	11	二	1	行のつくり	1-14-7	3						
p11-28	11	二	2	研のつくり	1-84-17	3						
p11-29	11	二	2	二／二			4E96					
p11-30	11	二	2	鼾のへん−自−田			4E93				1	
p11-31	11	二	3	山／二			4E97					
p11-32	11	二	3	大／二			5933				1	
p11-33	11	二	4	二／心			5FC8				1	
p11-34	11	二	6	參	2-1-17	4						
p11-35	11	二	6	二／（勹＜方）			3AC4				1	
p12-0	12	亠	1	氓のへん				亡	包摂適用			1
p12-1	12	亠	4	皎のつくり				交	デザイン差	UCV235		1
p12-2	12	亠	3	麈−鹿							1	1
p12-3	12	亠	5	流のつくり	2-1-18	4						
p12-4	12	亠	7	亠／兌	1-14-50	3					1	
p12-5	12	亠	7	京			4EAF					
p12-6	12	亠	8	田＋十＋畝のつくり			755E				1	
p12-7	12	亠	8	亠／（田＋畝のつくり）							1	1
p12-8	12	亠	8	亠／口／田			7557				1	
p12-9	12	亠	9					商	デザイン差	UCV62	1	1
p12-10	12	亠	9	滴のつくり	2-4-4	4					1	
p12-11	12	亠	9	璃のつくり	2-82-78	4					1	
p12-12	12	亠	10	亠／舛／木			6909				1	
p12-13	12	亠	11	譲のつくり	2-1-19	4						
p12-14	12	亠	14	羸	2-5-84	4					1	
p12-15	12	亠	17	羸	2-87-91	4					1	
p12-16	12	亠	18	鶉のへん＋單	2-4-50	4					1	
p12-17	12	亠	19	羸			81DD				1	
p12-18	12	亠	20	亠／興	2-1-20	4						
p12-19	12	亠	20	雍／（餮−殄）			9954				1	
p12-20	12	亠	21	羸	2-93-5	4					1	
p12-21	12	亠	22	羸			9E01				1	
p12-22	12	人亻𠆢	0	にんべん	2-1-21	4						
p12-23	12	人亻𠆢	0	人がしら	2-1-22	4						
p12-24	12	人亻𠆢	1	人がしら／一	2-1-23	4						
p12-25	12	人亻𠆢	2	訛−言				化	包摂適用	77	1	1
p12-26	12	人亻𠆢	2	にんべん＋丁	2-1-24	4						
p12-27	12	人亻𠆢	2	にんべん＋八	2-1-25	4						
p12-28	12	人亻𠆢	2	人がしら／十	2-1-26	4						
p12-29	12	人亻𠆢	3	にんべん＋乞	1-14-8	3						
p12-30	12	人亻𠆢	3	人がしら／小	1-47-59	3					1	
p12-31	12	人亻𠆢	3	にんべん＋公の右上の欠けたもの	2-1-27	4						
p12-32	12	人亻𠆢	3	人がしら／山	2-1-28	4						
p12-33	12	人亻𠆢	3	にんべん＋托のつくり			4EDB					
p12-34	12	人亻𠆢	3	にんべん＋干			4EE0					
p12-35	12	人亻𠆢	3	にんべん＋勺			4EE2					
p12-36	12	人亻𠆢	3	にんべん＋三			4EE8					
p12-37	12	人亻𠆢	3	珍のつくり			3431					
p12-38	12	人亻𠆢	4	にんべん＋扮のつくり	1-14-9	3						
p12-39	12	人亻𠆢	4	にんべん＋方	1-14-10	3						
p12-40	12	人亻𠆢	4	にんべん＋予	1-14-11	3						
p12-41	12	人亻𠆢	4	にんべん＋（岌−山）	1-14-12	3						
p12-42	12	人亻𠆢	4	にんべん＋今	2-1-29	4						
p13-0	13		4	にんべん＋午	2-1-30	4						
p13-1	13		4	にんべん＋蚣のつくり	2-1-31	4						
p13-2	13		4	にんべん＋友	2-1-32	4						
p13-3	13		4	にんべん＋少			4EEF					
p13-4	13		4	にんべん＋比			4EF3					
p13-5	13		4	にんべん＋互			4EFE					
p13-6	13		4	にんべん＋市			4F02					
p13-7	13		4	にんべん＋心			4F08					
p13-8	13		4	にんべん＋厄			4F0C					
p13-9	13		4	にんべん＋斤			4F12					
p13-10	13		4	にんべん＋夫			4F15					
p13-11	13		4	人がしら／从			4F17					
p13-12	13		4	にんべん＋火			4F19					
p13-13	13		4	にんべん＋王			4EFC					
p13-14	13		4	にんべん＋弖								1
p13-15	13		5	にんべん＋（麈−鹿）				住	包摂適用	UCV201		1
p13-16	13		5	にんべん＋絆のつくり				伴	包摂適用	12		1
p13-17	13		5	にんべん＋欠	1-14-13	3						
p13-18	13		5	にんべん＋布	1-14-14	3						
p13-19	13		5	にんべん＋去	1-14-15	3						
p13-20	13		5	にんべん＋必	1-14-16	3						
p13-21	13		5	にんべん＋（鼕−鼓）	1-14-17	3						
p13-22	13		5	にんべん＋瓶のつくり	2-1-33	4						
p13-23	13		5	にんべん＋由	2-1-34	4						
p13-24	13		5	にんべん＋丕	2-1-35	4						
p13-25	13		5	にんべん＋占	2-1-36	4						
p13-26	13		5	人がしら／示	2-1-37	4						
p13-27	13		5	にんべん＋奴			4F2E					
p13-28	13		5	にんべん＋（人がしら／小）			4F31					
p13-29	13		5	にんべん＋世			4F33					
p13-30	13		5	にんべん＋駟のつくり			4F35					
p13-31	13		5	にんべん＋且			4F39					
p13-32	13		5	にんべん＋怦のつくり			4F3B					
p13-33	13		5	にんべん＋（官−宀）			4F40					
p13-34	13		5	にんべん＋正			4F42					
p13-35	13		5	にんべん＋召			4F4B					
p13-36	13		5	にんべん＋此			4F4C					
p13-37	13		5	にんべん＋央			4F52					
p13-38	13		5	にんべん＋用			4F63					
p13-39	13		5	にんべん＋玄			4F2D					
p13-40	13		5	にんべん＋秬のつくり			4F62					
p13-41	13		6					使	デザイン差	UCV235		1
p13-42	13		6	にんべん＋回	1-14-18	3						
p13-43	13		6	にんべん＋老	1-14-19	3						
p13-44	13		6	にんべん＋（八がしら／月）	1-14-20	3						
p13-45	13		6	にんべん＋光	1-14-21	3						
p13-46	13		6	にんべん＋牟	1-14-22	3						
p13-47	13		6	にんべん＋同	1-14-23	3						
p13-48	13		6	にんべん＋両	2-1-38	4						
p13-49	13		6	にんべん＋艮	2-1-39	4						
p13-50	13		6	にんべん＋舌	2-1-40	4						
p13-51	13		6	にんべん＋銓のつくり	2-1-41	4						
p13-52	13		6	にんべん＋（咨−口）	2-1-42	4						
p13-53	13		6	にんべん＋（广＋托のつくり）	2-1-43	4						
p13-54	13		6	にんべん＋亥	2-1-44	4						
p14-0	14		6	にんべん＋安	2-1-45	4						
p14-1	14		6	にんべん＋旬	2-1-46	4						
p14-2	14		6	にんべん＋合			4F6E					
p14-3	14		6	合			4F71					
p14-4	14		6	にんべん＋危			4F79					
p14-5	14		6	にんべん＋先			4F81					
p14-6	14		6	にんべん＋至			4F84					
p14-7	14		6	にんべん＋夸			4F89					
p14-8	14		6	陰のつくり			4F8C					
p14-9	14		6	にんべん＋米			4F8E					
p14-10	14		6	にんべん＋血			4F90					
p14-11	14		6	にんべん＋聿			4F93					
p14-12	14		6	にんべん＋式			4F99					
p14-13	14		6	にんべん＋如			4F9E					
p14-14	14		6	にんべん＋存			4F9F					
p14-15	14		6	にんべん＋曳			20210					
p14-16	14		7	にんべん＋駸のつくり				侵	包摂適用	54		1
p14-17	14		7	にんべん＋哽のつくり				便	デザイン差	UCV235		1
p14-18	14		7	にんべん＋誨のつくり	1-14-24	3		侮	包摂適用	98		
p14-19	14		7	にんべん＋夾	1-14-26	3		侠	78互換包摂			
p14-20	14		7	にんべん＋吾	1-14-25	3						
p14-21	14		7	にんべん＋寿	2-1-47	4						
p14-22	14		7	にんべん＋辰	2-1-48	4						
p14-23	14		7	にんべん＋孝	2-1-49	4						
p14-24	14		7	にんべん＋求	2-1-50	4						
p14-25	14		7	にんべん＋邑	2-1-51	4						
p14-26	14		7	にんべん＋悄のつくり	2-1-52	4						
p14-27	14		7	にんべん＋完	2-1-53	4						
p14-28	14		7	畝のへん＋人	2-81-28	4					1	
p14-29	14		7	にんべん＋局			4FB7					
p14-30	14		7	にんべん＋梃のつくり			4FB9					
p14-31	14		7	にんべん＋兌			4FBB					
p14-32	14		7	にんべん＋孛			4FBC					
p14-33	14		7	にんべん＋男			4FBD					
p14-34	14		7	にんべん＋綏のつくり			4FC0					
p14-35	14		7	にんべん＋蜈のつくり			4FC1					
p14-36	14		7	にんべん＋余			4FC6					
p14-37	14		7	にんべん＋晧のつくり			4FC8					
p14-38	14		7	にんべん＋甫			4FCC					
p14-39	14		7	にんべん＋良			4FCD					
p14-40	14		7	にんべん＋娉のつくり			4FDC					
p14-41	14		7	にんべん＋（攵／彡）			4FE2					
p14-42	14		8	にんべん＋卷				倦	包摂適用	67		1
p14-43	14		8	にんべん＋惧のつくり	1-14-1	3		倶	包摂適用	63		
p14-44	14		8	にんべん＋餠のつくり	1-14-28	3		併	包摂適用	97		
p14-45	14		8					併	包摂適用	97		1
p14-46	14		8	にんべん＋知	1-14-27	3						
p14-47	14		8	にんべん＋典	1-14-29	3						
p14-48	14		8	にんべん＋淌のつくり	1-14-30	3						
p14-49	14		8	にんべん＋宗	1-14-31	3						
p14-50	14		8	にんべん＋果	1-14-32	3						
p14-51	14		8	にんべん＋英	1-14-33	3						
p14-52	14		8	にんべん＋斉	2-1-54	4						
p14-53	14		8	にんべん＋効	2-1-55	4						
p14-54	14		8	にんべん＋長	2-1-56	4						
p14-55	14		8	倏	2-1-57	4						
p15-0	15		8	にんべん＋炎	2-1-58	4						
p15-1	15		8	にんべん＋蜩のつくり	2-1-59	4						
p15-2	15		8	にんべん＋京	2-1-60	4						
p15-3	15		8	にんべん＋捷のつくり	2-1-61	4						
p15-4	15		8	にんべん＋（口／矢）	2-1-62	4						
p15-5	15		8	琴	2-80-72	4					1	
p15-6	15		8	にんべん＋和			4FF0					
p15-7	15		8	にんべん＋育			4FFC					
p15-8	15		8	にんべん＋欣			4FFD					
p15-9	15		8	にんべん＋虎			4FFF					
p15-10	15		8	にんべん＋肴			5004					
p15-11	15		8	にんべん＋宛			5007					
p15-12	15		8	にんべん＋（蚣のつくり／心）			500A					
p15-13	15		8	にんべん＋官			500C					
p15-14	15		8	にんべん＋（萠−くさかんむり）			5017					
p15-15	15		8	にんべん＋其			501B					
p15-16	15		8	朝のへん＋人			501D					
p15-17	15		8	にんべん＋陵のつくり			5030					
p15-18	15		8	にんべん＋東			5032					
p15-19	15		8	にんべん＋事			5033					
p15-20	15		8	にんべん＋武			5035					
p15-21	15		8	にんべん＋戔			4FF4					
p15-22	15		9	にんべん＋廴＋聿				健	デザイン差	UCV235		1
p15-23	15		9	偏				偏	包摂適用	5		1
p15-24	15		9	候				候	デザイン差			1
p15-25	15		9	にんべん＋耶	1-14-34	3						
p15-26	15		9	俘	1-14-35	3						
p15-27	15		9	にんべん＋（剪−刀）	2-1-63	4						
p15-28	15		9	にんべん＋春	2-1-64	4						
p15-29	15		9	にんべん＋畏	2-1-65	4						
p15-30	15		9	にんべん＋屋	2-1-66	4						
p15-31	15		9	にんべん＋省	2-1-67	4						
p15-32	15		9	にんべん＋音	2-1-68	4						
p15-33	15		9	にんべん＋胥	2-1-69	4						
p15-34	15		9	にんべん＋福のつくり	2-1-70	4						
p15-35	15		9	にんべん＋挈	2-1-71	4						
p15-36	15		9	にんべん＋重			5045					
p15-37	15		9	にんべん＋禹			504A					
p15-38	15		9	にんべん＋若			504C					
p15-39	15		9	にんべん＋風			5051					
p15-40	15		9	にんべん＋昜			5052					
p15-41	15		9	にんべん＋帝			5059					
p15-42	15		9	にんべん＋皇			505F					
p15-43	15		9	にんべん＋（襾／女）			5060					
p15-44	15		9	にんべん＋秋			5062					
p15-45	15		9	にんべん＋（大／多）			5067					
p15-46	15		9	にんべん＋面			506D					
p15-47	15		9	にんべん＋盾			5071					
p15-48	15		9	にんべん＋待			506B					
p15-49	15		10	にんべん＋幃のつくり				偉	包摂適用	120		1
p15-50	15		10	にんべん＋慊のつくり	1-14-36	3						
p15-51	15		10	にんべん＋泰	2-1-72	4						
p15-52	15		10	にんべん＋栗	2-1-73	4						
p16-0	16		10	にんべん＋奚	2-1-74	4						
p16-1	16		10	にんべん＋（戸の旧字＋栩のつくり）	2-1-75	4						
p16-2	16		10	にんべん＋確のつくり	2-1-76	4						
p16-3	16		10	にんべん＋倉	2-1-77	4						
p16-4	16		10	にんべん＋搖のつくり	2-1-78	4						
p16-5	16		10	にんべん＋溲のつくり			5081					
p16-6	16		10	にんべん＋素			5083					
p16-7	16		10	僚			5084					
p16-8	16		10	にんべん＋原			5086					
p16-9	16		10	にんべん＋員			508A					
p16-10	16		10	にんべん＋眞			508E					
p16-11	16		10	にんべん＋溏のつくり			508F					
p16-12	16		10	にんべん＋高			5090					
p16-13	16		10	にんべん＋容			509B					
p16-14	16		10	にんべん＋差			509E					
p16-15	16		10	にんべん＋鶲のへん			509F					
p16-16	16		10	にんべん＋討			50A0					
p16-17	16		10	にんべん＋竝			50A1					
p16-18	16		10	にんべん＋家			50A2					
p16-19	16		10	にんべん＋荀			50C3					
p16-20	16		11	にんべん＋槿のつくり				僅	包摂適用	142		1
p16-21	16		11	にんべん＋（舛／木）				傑	包摂適用	120		1
p16-22	16		11	僊				僊	包摂適用	71		1
p16-23	16		11	僊				僊	包摂適用			1
p16-24	16		11	にんべん＋車＋攵	1-14-37	3						
p16-25	16		11	條	1-90-31	3					1	
p16-26	16		11	にんべん＋參	2-1-79	4						
p16-27	16		11	にんべん＋畢	2-1-80	4						
p16-28	16		11	にんべん＋從	2-1-81	4						
p16-29	16		11	にんべん＋祭	2-1-82	4						
p16-30	16		11	俊	2-1-83	4						
p16-31	16		11	にんべん＋票	2-1-84	4						
p16-32	16		11	にんべん＋膠のつくり	2-1-85	4						
p16-33	16		11	にんべん＋總のつくり			50AF					
p16-34	16		11	にんべん＋萠			50B0					
p16-35	16		11	にんべん＋竟			50B9					
p16-36	16		11	にんべん＋章			50BD					
p16-37	16		11	にんべん＋帶			50C0					
p16-38	16		12	にんべん＋曾	1-14-41	3		僧	包摂適用	101		
p16-39	16		12	價	1-14-38	3						
p16-40	16		12	にんべん＋善	1-14-39	3						
p16-41	16		12	にんべん＋就	1-14-40	3						
p16-42	16		12	にんべん＋敬	1-14-42	3						
p16-43	16		12	にんべん＋粟	2-1-86	4						
p16-44	16		12	にんべん＋（黨−尚）	2-1-87	4						
p16-45	16		12	にんべん＋饌のつくり	2-1-88	4						
p16-46	16		12	にんべん＋集	2-1-89	4						
p16-47	16		12	にんべん＋墫のつくり	2-1-90	4						
p16-48	16		12	にんべん＋（廣−广）	2-1-91	4						
p16-49	16		12	にんべん＋惠	2-1-92	4						
p16-50	16		12	にんべん＋燗のつくり	2-1-93	4						
p16-51	16		12	にんべん＋貴			50D3					
p16-52	16		12	にんべん＋敞			50D8					
p16-53	16		12	にんべん＋登			50DC					
p16-54	16		12	にんべん＋孱			50DD					
p16-55	16		12	にんべん＋幾			50DF					
p16-56	16		12	にんべん＋舜			50E2					
p17-0	17		12	にんべん＋單			50E4					
p17-1	17		12	にんべん＋賁			50E8					
p17-2	17		12	にんべん＋隣のつくり			50EF					
p17-3	17		12	にんべん＋（戸の旧字＋隹）			50F1					
p17-4	17		12	にんべん＋焦			50EC					
p17-5	17		12	僣			2039D					
p17-6	17		13	にんべん＋亶	1-14-43	3						
p17-7	17		13	にんべん＋擔のつくり	1-14-44	3						
p17-8	17		13	にんべん＋業	2-1-94	4						
p17-9	17		13	にんべん＋會	2-3-1	4						
p17-10	17		13	にんべん＋黽			50F6					
p17-11	17		13	にんべん＋操のつくり			50FA					
p17-12	17		13	にんべん＋愛			50FE					
p17-13	17		13	にんべん＋鐶のつくり			5107					
p17-14	17		13	激			510C					
p17-15	17		13	にんべん＋鑁のつくり			510D					
p17-16	17		13	にんべん＋載			510E					
p17-17	17		13	にんべん＋愁			50FD					
p17-18	17		14	にんべん＋爾	1-14-45	3						
p17-19	17		14	價	2-3-2	4						
p17-20	17		14	にんべん＋疑	2-3-3	4						
p17-21	17		14	にんべん＋舞	2-3-4	4						
p17-22	17		14	にんべん＋嬪のつくり			5110					
p17-23	17		14	にんべん＋二点しんにょうの遣			5119					
p17-24	17		14	にんべん＋濘のつくり			511C					
p17-25	17		14	にんべん＋榮			511D					
p17-26	17		15	にんべん＋廣			5123					
p17-27	17		15	にんべん＋賛			5127					
p17-28	17		15	にんべん＋質			5128					
p17-29	17		15	にんべん＋（靜のへん＋見）			512C					
p17-30	17		15	にんべん＋暴			5124					
p17-31	17		16	にんべん＋諸				儲	包摂適用	125		1
p17-32	17		16	にんべん＋親			512D					
p17-33	17		16	にんべん＋劵			512F					
p17-34	17		16	にんべん＋龍			5131					
p17-35	17		16	條			9BC8				1	
p17-36	17		16	條	1-14-46	3						
p17-37	17		17	にんべん＋厳	2-3-5	4						
p17-38	17		17	にんべん＋纔のつくり			5133					
p17-39	17		17	にんべん＋襄			5134					
p17-40	17		19	にんべん＋羅			5138					
p17-41	17		19	にんべん＋贊			5139					
p17-42	17	儿	2	匹							1	1
p17-43	17	儿	3	（僭のつくり−日）の右側			5142					
p17-44	17	儿	3	（釡−金）／儿のにょうの形＋（勹＜一）			5C26				1	
p17-45	17	儿	4	八がしら／允	1-14-47	3						
p17-46	17	儿	4	（釡−金）／儿のにょうの形＋王	2-8-14	4					1	
p17-47	17	儿	4	火／儿	2-79-57	4					1	
p17-48	17	儿	5					兎	包摂適用	102		1
p17-49	17	儿	5	俛のつくり	1-14-48	3						
p18-0	18		6	兔				兔	包摂適用	81		1
p18-1	18		6	菟−くさかんむり				兔	包摂適用	102		1
p18-2	18		5	褫のつくり			514F					
p18-3	18		6	凹／儿	1-14-49	3						
p18-4	18		7	亠／兌	1-14-50	3						
p18-5	18		7	元のにょうの形＋台			5158					
p18-6	18		8	鬼	1-90-28	3					1	
p18-7	18		8	僭のつくり−日			5153					
p18-8	18		8	宀／俛のつくり			21A1A				1	
p18-9	18		9	寃				寃	包摂適用	81	1	1
p18-10	18		9	冖／兔				冤	包摂適用	81	1	1
p18-11	18		10	（「北	2-3-6	4						
p18-12	18		10	贊−貝			515F					
p18-13	18		11	少／俛のつくり			3779				1	
p18-14	18		13	光のにょうの形＋韋	2-92-12	4					1	
p18-15	18		16	光のにょうの形＋（廣−广）			9ECB				1	
p18-16	18		19	光のにょうの形＋廣			5164					
p18-17	18	入	1	（匸＜入）−一			5166					
p18-18	18	入	2	吶のつくり				内	包摂適用	80		1
p18-19	18	入	4	二点しんにょうの込				込	包摂適用	128	1	1
p18-20	18	入	4	銓のつくり				全	包摂適用	79		1
p18-21	18	八	2	蚣のつくり				公	デザイン差	UCV236		1
p18-22	18	八	2	扮のつくり				分	デザイン差	UCV236	1	1
p18-23	18	八	2	（釡−金）／儿	1-47-61	3					1	
p18-24	18	八	3	八がしら／口	2-3-65	4					1	
p18-25	18	八	4	劵−力	2-3-7	4						
p18-26	18	八	4	咲のつくり	2-3-8	4						
p18-27	18	八	5	兵	1-14-51	3						
p18-28	18	八	6	惧のつくり				具	包摂適用	63		1
p18-29	18	八	7	鰌のつくり				酋	包摂適用	11	1	1
p18-30	18	八	8	兼								1
p18-31	18	八	11	八がしら／異			517E					
p18-32	18	冂	2	吶のつくり				内	包摂適用	80		1
p18-33	18	冂	2	冂＜二	2-3-9	4						
p18-34	18	冂	2	冂＜はみ出た横棒二本			5184					
p18-35	18	冂	3	冉の４画目左右に突き出る				冉	包摂適用	47		1
p18-36	18	冂	3	炯のつくり	2-3-10	4						
p18-37	18	冂	4	咼−口			518E					
p18-38	18	冂	7	瑁のつくり				冒	包摂適用	68		1
p18-39	18	冂	9	勗				勗	包摂適用		1	1
p18-40	18	冂	9	曼				曼	包摂適用		1	1
p18-41	18	冂	9	晟				晟	包摂適用			1
p18-42	18	冂	9	滿のつくり	2-3-11	4						
p18-43	18	冂	10	（瑁のつくり−目）／免				冕	包摂適用	102		1
p19-0	19		10	最								1
p19-1	19	冖	2	沈のつくり	2-3-12	4						
p19-2	19	冖	5	冖／且	1-14-52	3						
p19-3	19	冖	8	宀／俛のつくり			21A1A				1	
p19-4	19	冖	8	冖／兔				冤	包摂適用	81		1
p19-5	19	冖	8	寃				寃	包摂適用	81	1	1
p19-6	19	冖	8	冖／取	2-3-13	4						
p19-7	19	冖	8	冖／一／豕			51A1					
p19-8	19	冫	3	大／冫	2-3-14	4						
p19-9	19	冫	3	鼕−鼓				冬	包摂適用	25		1
p19-10	19	冫	4	咨−口				次	包摂適用	33	1	1
p19-11	19	冫	4	冫＋夭	2-3-15	4						
p19-12	19	冫	5	冫＋絆のつくり			51B8					
p19-13	19	冫	5	冫＋民			51BA					
p19-14	19	冫	6	冫＋先	2-3-16	4						
p19-15	19	冫	6	冫＋合			51BE					
p19-16	19	冫	6	冫＋聿			51BF					
p19-17	19	冫	6	冫＋争			51C0					
p19-18	19	冫	8	冫＋爭			51C8					
p19-19	19	冫	6	冫＋虫								1
p19-20	19	冫	7	冫＋余	1-14-53	3						
p19-21	19	冫	7	冫＋谷	2-3-17	4						
p19-22	19	冫	7	冫＋俛のつくり			51C2					
p19-23	19	冫	7	冫＋俊のつくり			205D5					
p19-24	19	冫	7	冫＋良								1
p19-25	19	冫	8	冫＋蜩のつくり				凋	包摂適用	44		1
p19-26	19	冫	8	冫＋睛のつくり	1-14-54	3						
p19-27	19	冫	8	冫＋爭			51C8					
p19-28	19	冫	8	冫＋陸のつくり			34D0					
p19-29	19	冫	9	冫＋（餮−殄）	2-92-45	4					1	
p19-30	19	冫	9	冫＋咸			51CF					
p19-31	19	冫	9	冫＋春			51D1					
p19-32	19	冫	9	冫＋車								1
p19-33	19	冫	10	冫＋豈			51D2					
p19-34	19	冫	10	冫＋栗			51D3					
p19-35	19	冫	10	冫＋冥			51D5					
p19-36	19	冫	10	冫＋倉			51D4					
p19-37	19	冫	12	馮／几	2-3-20	4					1	
p19-38	19	冫	12	冫＋斯			51D8					
p20-0	20		13	（冫＋臣＋巳）／れんが				※［＃「（冫＋臣＋犯のつくり）／れんが」、第3水準1-87-58］	包摂適用			pdf
p20-1	20		13	（冫＋臣＋犯のつくり）／れんが	1-87-58	3					1	
p20-2	20		14	（冫＋熈−れんが）／れんが	1-14-55	3						
p20-3	20		14	さんずい＋影	2-79-39	4					1	
p20-4	20		14	冫＋影								1
p20-5	20	𠘨几	0	凪−止	2-3-18	4						
p20-6	20	𠘨几	1					凡	包摂適用	37		1
p20-7	20	𠘨几	1	丿／几	1-14-56	3						
p20-8	20	𠘨几	3	尸＋几			51E5					
p20-9	20	𠘨几	5	士／冖／一／几	2-5-22	4					1	
p20-10	20	𠘨几	5	凪			51EC					
p20-11	20	𠘨几	6	凪	1-14-57	3						
p20-12	20	𠘨几	9	飮のへん＋几				飢	包摂適用	155		1
p20-13	20	𠘨几	10	髟／几	2-93-19	4					1	
p20-14	20	𠘨几	10	螢			712D				1	
p20-15	20	𠘨几	10	凪			51F2					
p20-16	20	𠘨几	12	登／几	2-3-19	4						
p20-17	20	𠘨几	12	馮／几	2-3-20	4						
p20-18	20	凵	3	凵＜土			51F7					
p20-19	20	凵	9	慈	2-86-36	4					1	
p20-20	20	凵	15	幽	2-89-4	4					1	
p20-21	20	刀刂	0	刀	1-14-58	3						
p20-22	20	刀刂	0	りっとう	2-3-21	4						
p20-23	20	刀刂	1	仞のつくり				刃	包摂適用	170		1
p20-24	20	刀刂	2	梁−木−さんずい			5205					
p20-25	20	刀刂	2	扮のつくり				分	デザイン差	UCV236		1
p20-26	20	刀刂	3	功のへん＋刀	1-14-59	3						
p20-27	20	刀刂	3	口／刀			53E7				1	
p20-28	20	刀刂	3	くさかんむり／刀			8280				1	
p20-29	20	刀刂	4	頑のへん＋りっとう	1-14-60	3						
p20-30	20	刀刂	4	元のにょうの形＋りっとう				※［＃「頑のへん＋りっとう」、第3水準1-14-60］	統合適用			pdf
p20-31	20	刀刂	4	刀／（刀＋刀）	1-14-61	3						
p20-32	20	刀刂	4	戈＋りっとう	2-3-22	4						
p20-33	20	刀刂	4	月＋りっとう	2-3-23	4						
p20-34	20	刀刂	4	対のへん＋りっとう			5218					
p20-35	20	刀刂	5	仞のつくり／心				忍	包摂適用	170	1	1
p20-36	20	刀刂	5					判	包摂適用	12		1
p20-37	20	刀刂	5	（口／力）＋りっとう				別	包摂適用	60		1
p20-38	20	刀刂	5	册＋りっとう				刪	包摂適用			1
p20-39	20	刀刂	5	令＋りっとう			5222					
p20-40	20	刀刂	5	鉋のつくり＋りっとう			5228					
p20-41	20	刀刂	5	去＋刄			523C					
p20-42	20	刀刂	5	弗＋りっとう			521C					
p20-43	20	刀刂	5	去＋りっとう			5226					
p21-0	21		5	俛のつくり	1-14-48	3		免	包摂適用		1	
p21-1	21		6	兔				兔	包摂適用	81	1	1
p21-2	21		6	劵				券	包摂適用	14		1
p21-3	21		6	梁−木			5231					
p21-4	21		6	卦のへん＋りっとう			5232					
p21-5	21		6	取のへん＋りっとう			5235					
p21-6	21		7	剳				荊	包摂適用	181	1	1
p21-7	21		7	悄のつくり＋りっとう				削	包摂適用	16		1
p21-8	21		7	剪−刀				前	包摂適用	36		1
p21-9	21		7	刀／貝				負	包摂適用	81	1	1
p21-10	21		7	負				負	包摂適用	81	1	1
p21-11	21		7	坐＋りっとう	1-14-62	3						
p21-12	21		7	頭のへん＋りっとう			5245					
p21-13	21		7	夾＋りっとう			34E8					
p21-14	21		8	碌のつくり＋りっとう	1-15-94	3		剥	包摂適用	167		
p21-15	21		8					剤	デザイン差	UCV235		1
p21-16	21		8	戔＋りっとう	1-14-63	3						
p21-17	21		8	炎＋りっとう	1-14-64	3						
p21-18	21		8	剣のへん＋刀	2-3-24	4						
p21-19	21		8	（緋−糸）＋りっとう	2-3-25	4						
p21-20	21		8	宛＋りっとう	2-3-26	4						
p21-21	21		8	其＋りっとう			5258					
p21-22	21		8	事＋りっとう			525A					
p21-23	21		8	綴のつくり＋りっとう			525F					
p21-24	21		8	京＋りっとう			5260					
p21-25	21		8	奄＋りっとう			5266					
p21-26	21		9	端のつくり＋りっとう	2-3-27	4						
p21-27	21		9	咼＋りっとう			526E					
p21-28	21		10					割	包摂適用	3		1
p21-29	21		11	萠＋りっとう	1-91-14	3					1	
p21-30	21		11	顏のへん＋りっとう	2-3-28	4						
p21-31	21		11	專＋りっとう			5278					
p21-32	21		11	膠のつくり＋りっとう			5279					
p21-33	21		11	魚＋刀			9B5B				1	
p21-34	21		11	鹿＋りっとう								1
p21-35	21		12	認				認	包摂適用	170	1	1
p21-36	21		12	答＋りっとう	2-3-29	4						
p21-37	21		12	厥＋りっとう	2-3-30	4						
p21-38	21		12	橘のつくり＋りっとう			5280					
p21-39	21		12	曾＋りっとう			207C2					
p21-40	21		13	劉	2-3-31	4						
p21-41	21		13	蜀＋りっとう			5285					
p21-42	21		13	會＋りっとう			528A					
p21-43	21		13	穢のつくり＋りっとう			528C					
p21-44	21		14	懶−りっしんべん	1-92-26	3		頼	包摂適用	151	1	
p21-45	21		14	鼾のへん＋りっとう	1-14-65	3						
p21-46	21		15	質＋りっとう			5295					
p21-47	21		17	纔のつくり＋りっとう			5296					
p21-48	21		19	靡＋りっとう	2-3-32	4						
p21-49	21		19	贊＋りっとう			5297					
p21-50	21		21	屬＋りっとう			529A					
p22-0	22	力	1	力＋礼のつくり			529C					
p22-1	22	力	3	口／力			53E6				1	
p22-2	22	力	3	大／力			592F				1	
p22-3	22	力	3	山／力			5C74				1	
p22-4	22	力	3	てへん＋力			6250				1	
p22-5	22	力	3	さんずい＋力			6C3B				1	
p22-6	22	力	3	くさかんむり／力			827B				1	
p22-7	22	力	3	こざとへん＋力			961E				1	
p22-8	22	力	3	囗＜力			361E					
p22-9	22	力	4	元のにょうの形＋力	2-3-33	4						
p22-10	22	力	4	斤＋力	2-3-34	4						
p22-11	22	力	4	協のつくり	2-3-35	4						
p22-12	22	力	4	亢＋力			52A5					
p22-13	22	力	4	手＋力			52A7					
p22-14	22	力	4	特のへん＋力			725E				1	
p22-15	22	力	5	石＋力	2-3-36	4						
p22-16	22	力	5	白＋力			52B0					
p22-17	22	力	6	牟＋力	2-3-37	4						
p22-18	22	力	6	匡＋力	2-3-38	4						
p22-19	22	力	6	后＋力			52B6					
p22-20	22	力	6	翔のへん＋力			52B7					
p22-21	22	力	6	卦のへん＋力			52B8					
p22-22	22	力	6	列／力			52BD					
p22-23	22	力	6	竹かんむり／力			7AFB				1	
p22-24	22	力	6	旬＋力								pdf
p22-25	22	力	7	甬／力				勇	包摂適用	41		1
p22-26	22	力	7	俛のつくりのにょうの形＋力	1-14-67	3		勉	包摂適用	102		
p22-27	22	力	7	甬＋力	1-14-66	3						
p22-28	22	力	7	角＋力	1-91-90	3					1	
p22-29	22	力	7	尅	2-3-39	4						
p22-30	22	力	7	兢			52C0					
p22-31	22	力	7	誨のつくり＋力			52C4					
p22-32	22	力	7	螂−虫			52C6					
p22-33	22	力	8	卷＋力	1-14-68	3						
p22-34	22	力	8	孟＋力	1-14-69	3						
p22-35	22	力	8	瑁のつくり＋力	1-14-70	3						
p22-36	22	力	8	（甥のへん＋丸）／力	2-3-40	4						
p22-37	22	力	8	來＋力	2-3-41	4						
p22-38	22	力	8	倍のつくり＋力			52CF					
p22-39	22	力	9	勗				勗	包摂適用	68		1
p22-40	22	力	9	面＋力			52D4					
p22-41	22	力	10	縢				勝	包摂適用	36		1
p22-42	22	力	10	員＋力	1-14-71	3						
p22-43	22	力	10	鶲のへん＋力			52DC					
p22-44	22	力	11	懃−心	1-14-72	3		勤	包摂適用	142		
p22-45	22	力	11	票＋力			52E1					
p22-46	22	力	11	強／力			52E5					
p22-47	22	力	12	象＋力			52E8					
p22-48	22	力	12	貰＋力			52E9					
p22-49	22	力	12	喬＋力			52EA					
p22-50	22	力	12	縢のつくり＋力			52EC					
p22-51	22	力	12	萬＋力			52F1					
p23-0	23		13	協のつくり＋思	1-14-73	3						
p23-1	23		14	辧	1-92-50	3						
p23-2	23		15	廣＋力	2-3-42	4						
p23-3	23		15	慮＋力			52F4					
p23-4	23		15	徹／力			52F6					
p23-5	23		17	襄＋力	2-3-43	4						
p23-6	23	勹	1	勹＜一				勺	包摂適用	32		1
p23-7	23	勹	2	勹＜二	1-14-74	3						
p23-8	23	勹	2	鈞のつくり	1-14-75	3						
p23-9	23	勹	3	鉋のつくり				包	包摂適用	70		1
p23-10	23	勹	3	勹＜夕	1-14-76	3						
p23-11	23	勹	3	曷−日			5303					
p23-12	23	勹	3	勹＜亡			5304					
p23-13	23	勹	6	鞠のつくり	2-3-44	4						
p23-14	23	勹	6	淘のつくり	2-3-45	4						
p23-15	23	勹	6	勹＜合			530C					
p23-16	23	勹	7	鞫のつくり			8A07				1	
p23-17	23	勹	10	勹＜躬			5311					
p23-18	23	勹	11	廏			5313					
p23-19	23	匕	0	叱のつくり				匕	包摂適用	77		1
p23-20	23	匕	2	訛−言				化	包摂適用	77		1
p23-21	23	匕	3	口＋化のつくり				叱	包摂適用	78	1	1
p23-22	23	匕	2	口＋七	1-47-52	3		叱	包摂適用	78	1	
p23-23	23	匕	4	匕／（匕＋匕）				※［＃「七／（七＋七）」、第3水準1-14-3］	包摂適用		1	1
p23-24	23	匕	4	七／（七＋七）	1-14-3	3		※［＃「七／（七＋七）」、第3水準1-14-3］	包摂適用	78	1	
p23-25	23	匕	9	按								1
p23-26	23	匕	9	化のつくり＋瑙のつくり			5318					
p23-27	23	匚匸	2	匹				匹	包摂適用	118		1
p23-28	23	匚匸	3	匚＜也	1-14-77	3						
p23-29	23	匚匸	3	匚＜口	2-3-67	4					1	
p23-30	23	匚匸	3	匚＜畝のつくり			531B					
p23-31	23	匚匸	3	匚＜工			531E					
p23-32	23	匚匸	4	匚＜亢			531F					
p23-33	23	匚匸	5	匚＜玉	2-3-46	4						
p23-34	23	匚匸	5	匚＜弁			5325					
p23-35	23	匚匸	6	匸＜合			533C					
p23-36	23	匚匸	7	匚＜夾			5327					
p23-37	23	匚匸	7	匚＜壯			5328					
p23-38	23	匚匸	7	匚＜（艸のつくり／王）			5329					
p23-39	23	匚匸	7	偃のつくり			533D					
p23-40	23	匚匸	8	匚＜（勿／日）			532B					
p23-41	23	匚匸	9	匸＜編のつくり	2-3-48	4						
p23-42	23	匚匸	9	匚＜兪			532C					
p23-43	23	匚匸	9	匚＜軌			532D					
p24-0	24		12	匚＜單			5330					
p24-1	24		12	匚＜（大／品）			5332					
p24-2	24		15	匚＜續のつくり	2-3-47	4						
p24-3	24	十	1	迅−しんにょう	2-3-49	4						
p24-4	24	十	2	斗	2-3-50	4						
p24-5	24	十	3	絆のつくり				半	包摂適用	12		1
p24-6	24	十	3	卅			534C					
p24-7	24	十	4	二点しんにょうの辻				辻	包摂適用	128	1	1
p24-8	24	十	4	十／廿			534B					
p24-9	24	十	6	婢のつくり	1-14-78	3		卑	包摂適用	103		
p24-10	24	十	6	朝のへん	2-3-51	4						
p24-11	24	十	7	十／くさかんむり／木	1-85-62	3					1	
p24-12	24	十	8	田＋十＋畝のつくり			755E				1	
p24-13	24	十	9	甚＋十			5359					
p24-14	24	十	10	博				博	包摂適用	40		1
p24-15	24	十	10	徳のつくり	2-12-48	4					1	
p24-16	24	十	12	卓＋取								pdf
p24-17	24	十	19	戀			535B					
p24-18	24	卜	3	占	1-14-79	3						
p24-19	24	卜	5	上／巨	1-14-80	3						
p24-20	24	卜	6	臣＋卜	2-3-52	4						
p24-21	24	卜	6	占			5365					
p24-22	24	卜	6	衄のへん＋卜								pdf
p24-23	24	卜	6	毎＋卜			209E9					
p24-24	24	卜	7	誨のつくり＋卜			209E9					
p24-25	24	卜	10	日／咎				※［＃「日／咎」、第3水準1-85-32］	包摂適用		1	1
p24-26	24	卩	2	昂−日	2-3-53	4						
p24-27	24	卩	2	報のつくり	2-3-60	4					1	
p24-28	24	卩	3	功のへん＋卩			536D					
p24-29	24	卩	4	（沒のつくり−又）／厄				危	包摂適用	81		1
p24-30	24	卩	5	召＋卩			5372					
p24-31	24	卩	6	丞／己				※［＃「丞／犯のつくり」、第4水準2-3-54］	包摂適用		1	1
p24-32	24	卩	6	丞／巳				※［＃「丞／犯のつくり」、第4水準2-3-54］	包摂適用	UCV123	1	1
p24-33	24	卩	6	丞／犯のつくり	2-3-54	4						
p24-34	24	卩	6	衄のへん＋卩			5379					
p24-35	24	卩	6	缶＋卩			7F37					
p24-36	24	卩	7	皀＋卩	1-14-81	3		即	包摂適用	153		
p24-37	24	卩	7	日／（功のへん＋卩）				昂	包摂適用	9	1	1
p24-38	24	卩	7	兀＋危			537C					
p24-39	24	卩	7	兀のにょうの形＋危			537C					
p25-0	25		9	筑	1-89-60	3					1	
p25-1	25		9	咢＋卩			537E					
p25-2	25		10					卿	包摂適用	153		1
p25-3	25		10					卿	包摂適用	153		1
p25-4	25	厂	2	危−犯のつくり			5383					
p25-5	25	厂	3	厂＋托のつくり			5387					
p25-6	25	厂	3	厂＋干			5388					
p25-7	25	厂	3	厂＋万			5389					
p25-8	25	厂	5	厂＋低のつくり			538E					
p25-9	25	厂	6	涯のつくり	1-14-82	3						
p25-10	25	厂	6	厂＋至			5394					
p25-11	25	厂	7	厂＋車			5399					
p25-12	25	厂	8	厂＋昔	1-14-83	3						
p25-13	25	厂	8	褫のつくり			8652				1	
p25-14	25	厂	8	厂＋垂			539C					
p25-15	25	厂	9	厂＋泉			53A1					
p25-16	25	厂	10	櫪のつくり−止	2-3-55	4						
p25-17	25	厂	11	厂＋槿のつくり			53AA					
p25-18	25	厂	11	厂＋敖			53AB					
p25-19	25	厂	11	暦			53AF					
p25-20	25	厂	11	厂＋黒			20AA9					
p25-21	25	厂	12	廐				厩	包摂適用	153		1
p25-22	25	厂	12	厂＋（漑−さんずい）				厩	包摂適用	153		1
p25-23	25	厂	12	厂＋萬	1-14-84	3						
p25-24	25	厂	13	厂＋義			3552					
p25-25	25	厂	14	櫪のつくり	1-85-39	3					1	
p25-26	25	厂	14	櫪のつくり	1-86-37	3		歴	包摂適用	140	1	
p25-27	25	厂	17	厂＋（厭−厂）／甲	2-3-56	4						
p25-28	25	厂	17	釐	2-13-71	4					1	
p25-29	25	厂	21	厭／（餮−殄）	2-92-73	4					1	
p25-30	25	厂	22					魘	包摂適用	179	1	1
p25-31	25	厂	28	原／（原＋原）			53B5					
p25-32	25	厶	2	蚣のつくり							1	1
p25-33	25	厶	2	充−儿	2-3-57	4						
p25-34	25	厶	2	肱のつくり	2-3-58	4						
p25-35	25	厶	2	厶＋厶			53B8					
p25-36	25	厶	3	大／厶			53BA					
p25-37	25	厶	4	參−珍のつくり			53BD					
p25-38	25	厶	6	參	2-1-17	4						
p25-39	25	厶	6	恵	2-3-59	4						
p25-40	25	厶	6	参			53C1					
p25-41	25	厶	7	厶／貝			8C9F				1	
p26-0	26		9	參			53C4					
p26-1	26		10	參			53C5					
p26-2	26		11	牟＋含	2-80-25	4					1	
p26-3	26	又	1					叉	デザイン差	UCV235		1
p26-4	26	又	2	岌−山				及	包摂適用	114		1
p26-5	26	又	2	報のつくり	2-3-60	4						
p26-6	26	又	3	径のつくり	2-4-59	4					1	
p26-7	26	又	3				53CF					
p26-8	26	又	4	又／（又＋又）			53D2					
p26-9	26	又	4	木＋又			6743				1	
p26-10	26	又	5	古／又	2-3-61	4						
p26-11	26	又	5	亠／中／又			53D3					
p26-12	26	又	6	刷のへん＋又	2-3-62	4						
p26-13	26	又	6	綴のつくり	2-3-63	4						
p26-14	26	又	7					叛	包摂適用	12		1
p26-15	26	又	7	暇−日	2-3-64	4						
p26-16	26	又	7	去＋報のつくり			53DD					
p26-17	26	又	8	溲のつくり				叟	包摂適用	92		1
p26-18	26	又	8					隻	デザイン差	UCV235	1	1
p26-19	26	又	8	尉のへん＋又			53DE					
p26-20	26	又	9	曼				曼	包摂適用	68		1
p26-21	26	又	11	桑			53E0					
p26-22	26	又	12	（対のへん＋隹）／又			FA0E					
p26-23	26	又	18	隻＋隻			4A07				1	
p26-24	26	口	2	駛のつくり				史	デザイン差	UCV235		1
p26-25	26	口	2	口＋化のつくり				叱	包摂適用	78		1
p26-26	26	口	2	口＋七	1-47-52	3		叱	包摂適用	78		
p26-27	26	口	2	八がしら／口	2-3-65	4						
p26-28	26	口	2	九／口	2-3-66	4						
p26-29	26	口	2	匚＜口	2-3-67	4						
p26-30	26	口	2	口／力			53E6					
p26-31	26	口	2	拐のつくり			53E7					
p26-32	26	口	3					吏	デザイン差	UCV235		1
p26-33	26	口	3	咤−宀	1-14-85	3						
p26-34	26	口	3	氓のへん／口			5402					
p26-35	26	口	3	口＋下			5413					
p26-36	26	口	3	土／口			20BB7					
p26-37	26	口	4	口＋（岌−山）				吸	包摂適用	114		1
p26-38	26	口	4	酲のつくり				呈	包摂適用	1		1
p26-39	26	口	4	蜈のつくり				呉	包摂適用	48		1
p26-40	26	口	4	晧のつくり				告	包摂適用	42		1
p26-41	26	口	4	呑	1-47-94	3						
p26-42	26	口	4	口＋巴	1-14-86	3						
p26-43	26	口	4	口＋云	1-14-87	3						
p26-44	26	口	4	口＋区	2-3-68	4						
p26-45	26	口	4	口＋介	2-3-69	4						
p26-46	26	口	4	口＋屯	2-3-70	4						
p26-47	26	口	4	口＋（皎のつくり−亠）	2-3-71	4						
p26-48	26	口	4	口＋厄	2-3-72	4						
p27-0	27		4	絹のつくり	2-85-16	4					1	
p27-1	27		4	口＋尹			541A					
p27-2	27		4	口＋比			5421					
p27-3	27		4	口＋（訛−言）			542A					
p27-4	27		4	戸の旧字＋口			542F					
p27-5	27		4	口＋支			5431					
p27-6	27		4	俣のつくり			5434					
p27-7	27		4	口＋少			5435					
p27-8	27		4	乃／古			5444					
p27-9	27		4	水／口			5447					
p27-10	27		4	口＋升			544F					
p27-11	27		4	戒			6213				1	
p27-12	27		4	口＋方			356B					
p27-13	27		4	口＋斗			544C					
p27-14	27		4	口＋切			20BE6					
p27-15	27		5	蜩のつくり				周	包摂適用	44		1
p27-16	27		5	口＋它	1-14-88	3						
p27-17	27		5	口＋占	1-14-89	3						
p27-18	27		5	口＋句	1-14-90	3						
p27-19	27		5	口＋去	1-14-91	3						
p27-20	27		5	口＋弗	1-14-92	3						
p27-21	27		5	口＋加	1-14-93	3						
p27-22	27		5	口＋尼	2-3-73	4						
p27-23	27		5	口＋幼	2-3-74	4						
p27-24	27		5	口＋駟のつくり	2-3-75	4						
p27-25	27		5	口＋禾	2-3-76	4						
p27-26	27		5	口＋台	2-3-77	4						
p27-27	27		5	口＋古	2-3-78	4						
p27-28	27		5	口＋司			545E					
p27-29	27		5	口＋令			5464					
p27-30	27		5	口＋低のつくり			5467					
p27-31	27		5	口＋示			5469					
p27-32	27		5	口＋世			546D					
p27-33	27		5	口＋只			546E					
p27-34	27		5	口＋甘			5481					
p27-35	27		5	口＋他			5483					
p27-36	27		5	倍のつくり			5485					
p27-37	27		5	口＋央			5489					
p27-38	27		5	口＋打			5491					
p27-39	27		5	口＋布			5498					
p27-40	27		6					咲	包摂適用	11		1
p27-41	27		6					咬	デザイン差	UCV235		1
p27-42	27		6	口＋耳	1-14-94	3						
p27-43	27		6	口＋羊	1-15-1	3						
p27-44	27		6	口＋多	1-15-2	3						
p27-45	27		6	楫のつくり	2-3-79	4						
p27-46	27		6	口＋夷	2-3-80	4						
p27-47	27		6	口＋吉	2-3-81	4						
p27-48	27		6	口＋朱	2-3-82	4						
p27-49	27		6	口＋兆	2-3-83	4						
p27-50	27		6	口＋亘	2-3-84	4						
p27-51	27		6	口＋伊	2-3-85	4						
p27-52	27		6	口＋同	2-3-86	4						
p27-53	27		6	口＋百			549F					
p27-54	27		6	口＋列			54A7					
p27-55	27		6	口＋米			54AA					
p27-56	27		6	口＋自			54B1					
p28-0	28		6	口＋安			54B9					
p28-1	28		6	口＋休			54BB					
p28-2	28		6	口＋有			54CA					
p28-3	28		6	口＋向			54CD					
p28-4	28		6	口＋艾			54CE					
p28-5	28		6	口＋地			54CB					
p28-6	28		6	口＋牟			54DE					
p28-7	28		6	口＋（一／冴のつくり）								pdf
p28-8	28		7	口＋悄のつくり				哨	包摂適用	16		1
p28-9	28		7	溏のつくり				唐	包摂適用	43		1
p28-10	28		7	加／可	1-15-3	3						
p28-11	28		7	口＋利	1-15-4	3						
p28-12	28		7	口＋椛のつくり	2-3-87	4						
p28-13	28		7	口＋何	2-3-88	4						
p28-14	28		7	口＋見	2-3-89	4						
p28-15	28		7	口＋孛	2-3-90	4						
p28-16	28		7	口＋折	2-3-91	4						
p28-17	28		7	口＋秀	2-3-92	4						
p28-18	28		7	口＋言	2-3-93	4						
p28-19	28		7	口＋矣	2-3-94	4						
p28-20	28		7	口＋晧のつくり			54E0					
p28-21	28		7	口＋那			54EA					
p28-22	28		7	口＋（くさかんむり／干）			54F6					
p28-23	28		7	口＋亨			54FC					
p28-24	28		7	口＋兌			54FE					
p28-25	28		7	口＋含			5505					
p28-26	28		7	口＋邑			5508					
p28-27	28		7	蜒			550C					
p28-28	28		7	口＋完			550D					
p28-29	28		7	口＋（白／十）			5515					
p28-30	28		7	口＋即			5527					
p28-31	28		7	口＋尨			54E4					
p28-32	28		8	啓				啓	包摂適用	5		1
p28-33	28		8	啄				啄	包摂適用	129		1
p28-34	28		8	唹				唹	包摂適用	25		1
p28-35	28		8	唳				唳	包摂適用	124		1
p28-36	28		8					商	デザイン差	UCV62		1
p28-37	28		8	口＋亞	1-15-8	3		唖	78互換包摂			
p28-38	28		8	口＋金	1-15-5	3						
p28-39	28		8	口＋奄	1-15-6	3						
p28-40	28		8	口＋卒	1-15-7	3						
p28-41	28		8	口＋妾	2-4-1	4						
p28-42	28		8	口＋蜩のつくり	2-4-2	4						
p28-43	28		8	口＋東	2-4-3	4						
p28-44	28		8	滴のつくり	2-4-4	4						
p28-45	28		8	口＋阿	2-4-5	4						
p28-46	28		8	口＋碌のつくり	2-4-6	4						
p28-47	28		8	（斤＋斤）／口	2-4-7	4						
p28-48	28		8	口＋非	2-4-8	4						
p28-49	28		8	口＋婢のつくり	2-4-9	4						
p28-50	28		8	口＋奉			552A					
p28-51	28		8	口＋兒			5532					
p28-52	28		8	口＋昔			5536					
p28-53	28		8	口＋來			553B					
p28-54	28		8	口＋析			553D					
p28-55	28		8	口＋林			5549					
p29-0	29		8	口＋享			554D					
p29-1	29		8	口＋捷のつくり			5551					
p29-2	29		8	口＋宛			5558					
p29-3	29		8	鄙のへん			555A					
p29-4	29		8	口＋妻			555B					
p29-5	29		8	口＋拉			5566					
p29-6	29		8	口＋恭			35AD					
p29-7	29		8	口＋門			20D58					
p29-8	29		8	口＋苦			20E0B					
p29-9	29		9	口＋禊のつくり				喫	包摂適用	4		1
p29-10	29		9	口＋（餮−殄）				喰	デザイン差	UCV62		1
p29-11	29		9	口＋曷	1-15-12	3		喝	包摂適用	150		
p29-12	29		9	口＋禺	1-15-9	3						
p29-13	29		9	吉＋吉	1-15-10	3						
p29-14	29		9	口＋咼	1-15-11	3						
p29-15	29		9	口＋顏のへん	1-15-13	3						
p29-16	29		9	百／合	2-4-10	4						
p29-17	29		9	口＋（合／廾）	2-4-11	4						
p29-18	29		9	口＋畏	2-4-12	4						
p29-19	29		9	口＋皆	2-4-13	4						
p29-20	29		9	口＋音	2-4-14	4						
p29-21	29		9	口＋胡	2-4-15	4						
p29-22	29		9	口＋荅	2-4-16	4						
p29-23	29		9	口＋甚			557F					
p29-24	29		9	口＋若			558F					
p29-25	29		9	口＋（夂＋占−口）／日			5592					
p29-26	29		9	口＋（襾／女）			5593					
p29-27	29		9	口＋屋			5594					
p29-28	29		9	口＋軍			5597					
p29-29	29		9	煦			55A3					
p29-30	29		9	口＋皇			55A4					
p29-31	29		9	口＋糸＋（勹＜一）			55B2					
p29-32	29		9	口＋柴			558D					
p29-33	29		9	口＋（危−厄）／（帚−冖−巾）／心			55BC					
p29-34	29		9	口＋迷			20E97					
p29-35	29		9	口＋姜			20DE9					
p29-36	29		9	口＋咨								1
p29-37	29		10	口＋馬	1-15-14	3						
p29-38	29		10	口＋留	2-4-17	4						
p29-39	29		10	口＋哥	2-4-18	4						
p29-40	29		10	操のつくり	2-4-19	4						
p29-41	29		10	口＋素	2-4-20	4						
p29-42	29		10	口＋縊のつくり	2-4-21	4						
p29-43	29		10	口＋盍	2-4-22	4						
p29-44	29		10	口＋鬲	2-4-23	4						
p29-45	29		10	口＋栗	2-4-24	4						
p29-46	29		10	口＋慍のつくり	2-4-25	4						
p29-47	29		10	口＋恚	2-4-26	4						
p29-48	29		10	口＋瑣のつくり	2-4-27	4						
p29-49	29		10	口＋褫のつくり			55C1					
p29-50	29		10	口＋高			55C3					
p29-51	29		10	口＋倉			55C6					
p29-52	29		10	口＋脅			55CB					
p29-53	29		10	口＋桑			55D3					
p29-54	29		10	口＋骨			55D7					
p29-55	29		10	口＋奚			55D8					
p30-0	30		10	口＋慊のつくり			55DB					
p30-1	30		10	口＋茲			55DE					
p30-2	30		10	口＋芻			35D9					
p30-3	30		10	口＋翁			55E1					
p30-4	30		10	口＋恩			55EF					
p30-5	30		10	口＋息			20E92					
p30-6	30		10	嗤−丿								1
p30-7	30		13	口＋遠								1
p30-8	30		11	口＋艱のへん	1-15-15	3		嘆	包摂適用			
p30-9	30		11	口＋曹	1-15-16	3						
p30-10	30		11	口＋戛	1-15-17	3						
p30-11	30		11	口＋粛	2-4-28	4						
p30-12	30		11	口＋（癶／虫）	2-4-29	4						
p30-13	30		11	口＋參	2-4-30	4						
p30-14	30		11	口＋膠のつくり	2-4-31	4						
p30-15	30		11	口＋畢			55F6					
p30-16	30		11	口＋貪			55FF					
p30-17	30		11	口＋（廐−广）			5605					
p30-18	30		11	口＋崖			560A					
p30-19	30		11	口＋婁			560D					
p30-20	30		11	古＋（暇−日）			560F					
p30-21	30		11	口＋罅のつくり			5611					
p30-22	30		11	口＋彗			5612					
p30-23	30		11	口＋婆			5619					
p30-24	30		11	口＋悉			35ED					
p30-25	30		11	口＋堂			5621					
p30-26	30		11	口＋璃のつくり			20ED7					
p30-27	30		11	口＋爲			5645					
p30-28	30		11	口＋欷								1
p30-29	30		12	口＋曾				噌	包摂適用	101		1
p30-30	30		12					嘲	包摂適用	36		1
p30-31	30		12	口＋墫のつくり				噂	包摂適用	11		1
p30-32	30		12	口＋墟のつくり	1-84-7	3		嘘	包摂適用	166		
p30-33	30		12	口＋喜	1-15-18	3						
p30-34	30		12	口＋敢	1-15-19	3						
p30-35	30		12	口＋臈のつくり	1-15-20	3						
p30-36	30		12	口＋饑のつくり	2-4-32	4						
p30-37	30		12	口＋皐	2-4-33	4						
p30-38	30		12	口＋間	2-4-34	4						
p30-39	30		12	口＋單	2-4-35	4						
p30-40	30		12	口＋（黨−尚）	2-4-36	4						
p30-41	30		12	口＋饌のつくり	2-4-37	4						
p30-42	30		12	口＋童	2-4-38	4						
p30-43	30		12	口＋最			562C					
p30-44	30		12	口＋貴			5633					
p30-45	30		12	口＋堯			5635					
p30-46	30		12	口＋僚のつくり			5639					
p30-47	30		12	獸のへん			563C					
p30-48	30		12	口＋惡			5641					
p30-49	30		12	口＋番			5643					
p30-50	30		12	口＋挈			5644					
p30-51	30		14	口＋僭のつくり			5646					
p30-52	30		12	口＋敦			564B					
p30-53	30		12	口＋焦			564D					
p30-54	30		12	口＋翕			564F					
p30-55	30		12	口＋登			5654					
p31-0	31		12	口＋畫			35F2					
p31-1	31		12	口＋譚のつくり			563E					
p31-2	31		12	口＋禽			5659					
p31-3	31		12	口＋温			21026					
p31-4	31		13	舎＋官				舘	包摂適用	194		1
p31-5	31		13	器	1-15-22	3		器	包摂適用			
p31-6	31		13	口＋穢のつくり	1-15-21	3						
p31-7	31		13	口＋愛	1-15-23	3						
p31-8	31		13	口＋據のつくり	1-15-24	3						
p31-9	31		13	口＋會	1-15-25	3						
p31-10	31		13	口＋僉	2-4-39	4						
p31-11	31		13	口＋二点しんにょうの達	2-4-40	4						
p31-12	31		13	激	2-4-41	4						
p31-13	31		13	口＋譫のつくり			5661					
p31-14	31		13	口＋奧			5662					
p31-15	31		13	口＋蜀			5663					
p31-16	31		13	王の中の空白部に口が四つ			5669					
p31-17	31		13	二点しんにょうの道／口			5675					
p31-18	31		13	口＋護のつくり			5684					
p31-19	31		13	口＋詩			21017					
p31-20	31		14	口＋銜	2-4-42	4						
p31-21	31		14	口＋厭	2-4-43	4						
p31-22	31		14	口＋齊	2-4-44	4						
p31-23	31		14	口＋需			5685					
p31-24	31		14	口＋壽			568B					
p31-25	31		14	口＋熙			21071					
p31-26	31		13	口＋煕			21071					
p31-27	31		15	口＋齒	1-15-26	3		噛	78互換包摂			
p31-28	31		15	吉／（吉＋吉）	1-15-27	3						
p31-29	31		15	口＋魯	2-4-45	4						
p31-30	31		15	囂	2-4-46	4						
p31-31	31		15	口＋廣	2-4-47	4						
p31-32	31		15	口＋黎			569F					
p31-33	31		15	口＋舞								1
p31-34	31		16	口＋鼻				嚊	包摂適用	45		1
p31-35	31		16	口＋（糸＋溥のつくり）	1-15-28	3						
p31-36	31		16	口＋陟のつくり＋頁	1-15-29	3						
p31-37	31		16	口＋龍	2-4-48	4						
p31-38	31		16	喜＋否	2-4-49	4						
p31-39	31		16	口＋櫪のつくり			56A6					
p31-40	31		16	口＋盧			56A7					
p31-41	31		16	口＋親			56AB					
p31-42	31		16	口＋懶のつくり			210E4					
p31-43	31		17	學	1-15-30	3						
p31-44	31		17	鶉のへん＋單	2-4-50	4						
p31-45	31		17	口＋戲			56B1					
p31-46	31		18	口＋轉				囀	包摂適用	112		1
p31-47	31		18	口＋薩			21133					
p31-48	31		19	嚢	1-15-32	3		嚢	78互換包摂			
p31-49	31		19	口＋羅	1-15-31	3						
p31-50	31		19	單＋展	2-4-51	4						
p31-51	31		19	口＋襄			56B7					
p31-52	31		19	口＋（くさかんむり／（口＋口）／隹）			56BE					
p31-53	31		19	口＋贊			56CB					
p31-54	31		19	口＋蘇			56CC					
p32-0	32		19	器								1
p32-1	32		20	艱のへん＋喜			56CF					
p32-2	32		20	口＋獻			56D0					
p32-3	32		21	喜＋喜	2-4-52	4						
p32-4	32		22	（口＋口）／田／一／黽			9F09				1	
p32-5	32	囗	2	巨			56D9					
p32-6	32	囗	2	囗＜厶			56DC					
p32-7	32	囗	2	囗＜（文−亠）								pdf
p32-8	32	囗	2	囗＜又			361D					
p32-9	32	囗	2	囗＜力			361E				1	
p32-10	32	囗	3	貔のつくり−比	2-4-53	4						
p32-11	32	囗	3	囗＜子			56DD					
p32-12	32	囗	3	囗＜女			56E1					
p32-13	32	囗	4	囗＜不	2-4-54	4						
p32-14	32	囗	4	囗＜屯			56E4					
p32-15	32	囗	4	囗＜亢			56E5					
p32-16	32	囗	4	囗＜水			56E6					
p32-17	32	囗	4	圀			56E7					
p32-18	32	囗	4	囗＜勿			56EB					
p32-19	32	囗	4	囗＜元			56ED					
p32-20	32	囗	4	窗−穴かんむり			56F1					
p32-21	32	囗	5	囗＜（八がしら／土）	2-4-55	4						
p32-22	32	囗	5	菌−くさかんむり	2-4-56	4						
p32-23	32	囗	7	囗＜言			5701					
p32-24	32	囗	7	囗＜豕			5702					
p32-25	32	囗	8	囗＜睛のつくり	1-15-33	3						
p32-26	32	囗	8	囗＜侖			5707					
p32-27	32	囗	9	囗＜皇	2-4-57	4						
p32-28	32	囗	9	囗＜端のつくり			570C					
p32-29	32	囗	10	囗＜書	2-4-58	4						
p32-30	32	囗	10	囗＜溥のつくり			5711					
p32-31	32	囗	12	囗＜貴			571A					
p32-32	32	囗	12	圖								1
p32-33	32	囗	13	囗＜澤のつくり			571B					
p32-34	32	囗	19	囗＜（戀−心）			571D					
p32-35	32	囗	23	囗＜欒			571E					
p32-36	32	土	1	土の右上に丶	1-15-34	3						
p32-37	32	土	1	土の右横に丶	1-15-35	3						
p32-38	32	土	1	土へん＋礼のつくり			5720					
p32-39	32	土	2	径のつくり	2-4-59	4						
p32-40	32	土	2	凵＜土			51F7				1	
p32-41	32	土	2	土へん＋丁			5722					
p32-42	32	土	2	土へん＋卜			5724					
p32-43	32	土	2	土／儿			5725					
p32-44	32	土	3	土へん＋巳	1-15-36	3						
p32-45	32	土	3	土へん＋己				※［＃「土へん＋巳」、第3水準1-15-36］	包摂適用			1
p32-46	32	土	3	土へん＋川	1-15-37	3						
p32-47	32	土	3	土へん＋（勹＜一）	1-15-38	3						
p33-0	33		3	土へん＋丸	2-4-60	4						
p33-1	33		3	土へん＋于	2-4-61	4						
p33-2	33		3	土へん＋乞			572A					
p33-3	33		3	土へん＋（夸−大）			572C					
p33-4	33		3	土／口			20BB7				1	
p33-5	33		4					均	包摂適用	33		1
p33-6	33		4	土へん＋卆	2-4-62	4						
p33-7	33		4	土へん＋今	2-4-63	4						
p33-8	33		4	土へん＋攵	2-4-64	4						
p33-9	33		4	扮のつくり／土	2-4-65	4						
p33-10	33		4	土へん＋丹	2-4-66	4						
p33-11	33		4	土へん＋戸の旧字	2-4-67	4						
p33-12	33		4	土へん＋勿			573D					
p33-13	33		4	土へん＋（岌−山）			573E					
p33-14	33		4	土へん＋介			573F					
p33-15	33		4	土へん＋陛のつくり			5752					
p33-16	33		4	一／巛／土			5759					
p33-17	33		4	土へん＋文			575F					
p33-18	33		5	土へん＋怦のつくり				坪	包摂適用	13		1
p33-19	33		5	土へん＋炯のつくり	1-15-39	3						
p33-20	33		5	土へん＋可	1-15-40	3						
p33-21	33		5	土へん＋斥	1-15-41	3						
p33-22	33		5	土へん＋它	2-4-68	4						
p33-23	33		5	土へん＋丕	2-4-69	4						
p33-24	33		5	土へん＋幼	2-4-70	4						
p33-25	33		5	陸のつくり	2-4-71	4						
p33-26	33		5	土へん＋丘	2-4-72	4						
p33-27	33		5	土へん＋低のつくり	2-4-73	4						
p33-28	33		5	士／冖／一／几	2-5-22	4					1	
p33-29	33		5	土へん＋絆のつくり			5762					
p33-30	33		5	土へん＋且			5765					
p33-31	33		5	土へん＋石			5767					
p33-32	33		5	土へん＋占			576B					
p33-33	33		5	土へん＋尼			576D					
p33-34	33		5	土へん＋台			576E					
p33-35	33		5	土へん＋央			5771					
p33-36	33		5	土へん＋鴪のへん			5779					
p33-37	33		5	土へん＋拔のつくり			577A					
p33-38	33		5	土へん＋貯のつくり			577E					
p33-39	33		5	土へん＋矢			5781					
p33-40	33		5	土へん＋立			5783					
p33-41	33		5	土へん＋母			5776					
p33-42	33		5	土へん＋乎			5780					
p33-43	33		5	此／土			3639					
p33-44	33		6	土へん＋朶	1-15-42	3						
p33-45	33		6	土へん＋尽	2-4-74	4						
p33-46	33		6	土へん＋会	2-4-75	4						
p33-47	33		6	土へん＋共	2-4-76	4						
p33-48	33		6	堯−兀	2-4-77	4						
p33-49	33		6	土へん＋危	2-4-78	4						
p33-50	33		6	土へん＋宅	2-4-79	4						
p33-51	33		6	土へん＋守	2-4-80	4						
p33-52	33		6	土／米	2-83-83	4					1	
p33-53	33		6	土へん＋同			578C					
p33-54	33		6	西／土			5794					
p33-55	33		6	后			5795					
p33-56	33		6	土へん＋兆			5797					
p34-0	34		6	土へん＋光			5799					
p34-1	34		6	土へん＋羊			579F					
p34-2	34		6	伐／土			57A1					
p34-3	34		6	土へん＋向			57A7					
p34-4	34		6	晋			57A9					
p34-5	34		7					城	包摂適用	113		1
p34-6	34		7	土へん＋谷	1-15-43	3						
p34-7	34		7	（田＋又）／土	1-15-44	3						
p34-8	34		7	土へん＋完	1-15-45	3						
p34-9	34		7	土へん＋甬	1-15-46	3						
p34-10	34		7	土へん＋俊のつくり	1-15-47	3						
p34-11	34		7	蜒	1-15-48	3						
p34-12	34		7	土へん＋陟のつくり	2-4-81	4						
p34-13	34		7	土へん＋赤	2-4-82	4						
p34-14	34		7	土へん＋良	2-4-83	4						
p34-15	34		7	沂／土			57BD					
p34-16	34		7	土へん＋酲のつくり			57D5					
p34-17	34		7	尅								pdf
p34-18	34		8	土へん＋（萠−くさかんむり）				堋	包摂適用	36		1
p34-19	34		8	土へん＋婢のつくり	1-15-49	3						
p34-20	34		8	土へん＋隶	1-15-50	3						
p34-21	34		8	土へん＋垂	1-15-51	3						
p34-22	34		8	勢−力	1-15-52	3						
p34-23	34		8	泥／土	1-15-53	3						
p34-24	34		8	土へん＋育	1-15-54	3						
p34-25	34		8	土へん＋並	2-4-84	4						
p34-26	34		8	土へん＋居	2-4-85	4						
p34-27	34		8	土へん＋定	2-4-86	4						
p34-28	34		8	土へん＋宛	2-4-87	4						
p34-29	34		8	土へん＋綵のつくり	2-4-88	4						
p34-30	34		8	土へん＋長	2-4-89	4						
p34-31	34		8	土へん＋易	2-4-90	4						
p34-32	34		8	土へん＋享	2-4-91	4						
p34-33	34		8	土へん＋帚	2-4-92	4						
p34-34	34		8	土へん＋兒	2-4-93	4						
p34-35	34		8	土へん＋念			57DD					
p34-36	34		8	土へん＋亞			57E1					
p34-37	34		8	土へん＋具			57E7					
p34-38	34		8	土へん＋爭			57E9					
p34-39	34		8	諏のつくり／土			57FE					
p34-40	34		8	（方＋方）／土			5803					
p34-41	34		8	土へん＋固			580C					
p34-42	34		8	土へん＋兔			580D					
p34-43	34		8	金＋土			91F7				1	
p34-44	34		8	土へん＋岡			5808					
p34-45	34		8	槿のつくり			5807					
p34-46	34		8	土へん＋岸			5813					
p34-47	34		9	土へん＋睹のつくり				堵	包摂適用	125		1
p34-48	34		9	土へん＋（西／土）				堙	包摂適用	27		1
p34-49	34		9	土へん＋喋のつくり	2-4-94	4						
p34-50	34		9	土へん＋侯	2-5-1	4						
p34-51	34		9	土へん＋（而／大）	2-5-2	4						
p34-52	34		9	（皀＋卩）／土	2-5-3	4						
p34-53	34		9	土へん＋重	2-5-4	4						
p34-54	34		9	土へん＋福のつくり			581B					
p35-0	35		9	土へん＋彖			581F					
p35-1	35		9	土へん＋皆			5826					
p35-2	35		9	土へん＋皇			582D					
p35-3	35		9	土へん＋咸			583F					
p35-4	35		10	土へん＋溏のつくり				塘	包摂適用	43		1
p35-5	35		10	土へん＋冢	1-15-55	3		塚	包摂適用	129		
p35-6	35		10	土へん＋眞	1-15-56	3		填	78互換包摂			
p35-7	35		10					塙	包摂適用	145		1
p35-8	35		10	土へん＋員	1-15-57	3						
p35-9	35		10	（示＋且）／土	2-5-5	4						
p35-10	35		10	土へん＋脊	2-5-6	4						
p35-11	35		10	土へん＋搨のつくり	2-5-7	4						
p35-12	35		10	土へん＋縊のつくり	2-5-8	4						
p35-13	35		10	縢			584D					
p35-14	35		10	土へん＋豈			584F					
p35-15	35		10	土へん＋素			5850					
p35-16	35		10	土へん＋鶲のへん			5855					
p35-17	35		10	葬			585F					
p35-18	35		10	土へん＋恭			5868					
p35-19	35		10	土へん＋（蒙−くさかんむり）			585C					
p35-20	35		11	塀	1-15-58	3		塀	包摂適用	97		
p35-21	35		11	土へん＋專	1-15-59	3						
p35-22	35		11	土へん＋庸	1-15-60	3						
p35-23	35		11	執／土	2-5-9	4						
p35-24	35		11	土へん＋參	2-5-10	4						
p35-25	35		11	土へん＋（廐−广）	2-5-11	4						
p35-26	35		11	將／土	2-5-12	4						
p35-27	35		11	土へん＋槿のつくり	2-5-13	4						
p35-28	35		11	土へん＋崔	2-5-14	4						
p35-29	35		11	土へん＋區			5878					
p35-30	35		11	土へん＋婁			587F					
p35-31	35		11	土へん＋犀			5880					
p35-32	35		11	土へん＋曼			5881					
p35-33	35		11	土へん＋章			5887					
p35-34	35		11	土へん＋勘			5888					
p35-35	35		11	土へん＋庶			588C					
p35-36	35		11	土へん＋（合／田）			5896					
p35-37	35		12	（隧−二点しんにょう）／土				墜	包摂適用	11		1
p35-38	35		12	土へん＋曾	1-15-61	3		増	包摂適用	101		
p35-39	35		12	壥−土へん−厂	1-15-62	3		墨	包摂適用	99		
p35-40	35		12	土へん＋敦	1-15-63	3						
p35-41	35		12	土へん＋堯	2-5-15	4						
p35-42	35		12	敦／土	2-5-16	4						
p35-43	35		12	土へん＋登	2-5-17	4						
p35-44	35		12	土へん＋單			58A0					
p35-45	35		12	土へん＋善			58A1					
p35-46	35		12	土へん＋發			58A2					
p35-47	35		12	土へん＋番			58A6					
p35-48	35		12	土へん＋無			58B2					
p35-49	35		12	（「林			58C4					
p36-0	36		13	土へん＋塞	1-15-64	3						
p36-1	36		13	土へん＋蓋	1-15-65	3						
p36-2	36		13	土へん＋會	2-5-18	4						
p36-3	36		13	土へん＋橿のつくり	2-5-19	4						
p36-4	36		13	（車／凵＋殳）／土			58BC					
p36-5	36		13	殿／土			58C2					
p36-6	36		13	土へん＋稟			58C8					
p36-7	36		14	土へん＋熏	1-15-66	3						
p36-8	36		14	土へん＋壽	1-15-67	3						
p36-9	36		14	漸／土	2-5-20	4						
p36-10	36		14	爾／土			58D0					
p36-11	36		14	土へん＋需			58D6					
p36-12	36		15	白／（白＋白）／土	2-81-83	4					1	
p36-13	36		16	土へん＋盧	1-15-68	3						
p36-14	36		16	土へん＋龍	1-15-69	3						
p36-15	36		16	土へん＋櫪のつくり	2-5-21	4						
p36-16	36		16	土へん＋二点しんにょうの遺			58DD					
p36-17	36		16	睿＋怪のつくり			58E1					
p36-18	36		21	土へん＋霸	1-15-70	3						
p36-19	36	士	4	士／毋			6BD0				1	
p36-20	36	士	5	士／冖／一／几	2-5-22	4						
p36-21	36	士	6	喜−口	2-5-23	4						
p36-22	36	士	9	吉＋吉	1-15-10	3					1	
p36-23	36	士	10	轂	1-84-25	3					1	
p36-24	36	士	11	轂	2-15-21	4					1	
p36-25	36	士	11	士／冖／石／木	2-15-30	4					1	
p36-26	36	士	12	穀	1-89-45	3		穀	包摂適用		1	
p36-27	36	士	12	續のつくり	2-89-15	4					1	
p36-28	36	士	13	轂	2-84-52	4					1	
p36-29	36	士	13	轂			7CD3				1	
p36-30	36	士	13	轂	2-87-69	4					1	
p36-31	36	士	14	轂	2-88-48	4					1	
p36-32	36	士	14	轂			8C70				1	
p36-33	36	士	15	吉／（吉＋吉）	1-15-27	3					1	
p36-34	36	士	16	喜＋否	2-4-49	4					1	
p36-35	36	士	18	轂	2-94-35	4					1	
p36-36	36	士	19	轂			2A3D9				1	
p36-37	36	士	21	喜＋喜	2-4-52	4					1	
p36-38	36	夂夊	2	鼕−鼓				冬	包摂適用	25		1
p36-39	36	夂夊	3	降のつくり	2-5-24	4						
p36-40	36	夂夊	4	峰のつくり	2-5-25	4						
p36-41	36	夂夊	4	俊のつくり	2-5-26	4						
p36-42	36	夂夊	5	陵のつくり	1-15-71	3						
p36-43	36	夂夊	7	稷のつくり			755F				1	
p36-44	36	夂夊	9	腹のつくり	2-5-27	4						
p36-45	36	夂夊	15	（止＋頁＋巳）／夂			5912					
p36-46	36	夂夊	16	盥			5913					
p36-47	36	夂夊	17	（止＋（首／儿）＋巳）／夂	2-5-28	4						
p37-0	37		17	くさかんむり／（止＋（百／ハ）＋巳）／夂			8637					
p37-1	37		17	くさかんむり／（止＋（自／儿）＋氾のつくり）／夂								pdf
p37-2	37		19	くさかんむり／（止＋頁＋巳）／夂	1-15-72	3						
p37-3	37		21	章＋（夂／貢）	1-92-31	3					1	
p37-4	37	夕	3	勹＜夕	1-14-76	3					1	
p37-5	37	夕	4	夕＋斗			6598				1	
p37-6	37	夕	5	夕＋生			591D					
p37-7	37	夕	8	總のつくり、「怱			60A4				1	
p37-8	37	夕	9	句＋多			591F					
p37-9	37	夕	9	多＋句			5920					
p37-10	37	夕	9	多＋吉			5921					
p37-11	37	夕	9	夕＋（餮−殄）	1-94-9	3					1	
p37-12	37	夕	11	夕／寅	2-5-29	4						
p37-13	37	夕	11	夢			5923					
p37-14	37	大	0	（ム−丶）／大			5928					
p37-15	37	大	2	春−日	2-5-30	4						
p37-16	37	大	2	大／冫	2-3-14	4					1	
p37-17	37	大	2	大／厶			53BA				1	
p37-18	37	大	2	大／力			592F					
p37-19	37	大	2	介			5930					
p37-20	37	大	2	大／二			5933					
p37-21	37	大	3	帚	2-5-31	4						
p37-22	37	大	3	大／小			5935					
p37-23	37	大	3	大＋大			5936					
p37-24	37	大	3	さんずい＋大			6C4F				1	
p37-25	37	大	3	くさかんむり／大			8296				1	
p37-26	37	大	4	大／云	2-5-32	4						
p37-27	37	大	4	大／巴			593F					
p37-28	37	大	4	木＋大			6755				1	
p37-29	37	大	5	加／大	2-5-33	4						
p37-30	37	大	5	大／秬のつくり	2-5-34	4						
p37-31	37	大	5	白／大	2-5-35	4						
p37-32	37	大	5	大／低のつくり			5943					
p37-33	37	大	6	禊のつくり				契	包摂適用	4		1
p37-34	37	大	6	大／耳	1-90-40	3					1	
p37-35	37	大	6	而／大	2-85-5	4					1	
p37-36	37	大	6	大／亥			5952					
p37-37	37	大	6	大／多			5953					
p37-38	37	大	6	大／羊			7F8D				1	
p37-39	37	大	7	嘆のつくり	2-5-36	4						
p37-40	37	大	7	厶／奄			5959					
p37-41	37	大	8	大／蜩のつくり	1-15-73	3						
p37-42	37	大	8	大／明	2-5-37	4						
p37-43	37	大	8	大／（萠−くさかんむり）	2-5-38	4						
p37-44	37	大	8	大／隹			595E					
p37-45	37	大	9	郵のへん＋夬	2-5-39	4						
p37-46	37	大	9	僕のつくり	2-86-28	4						
p37-47	37	大	9	（戛−戈）／介			5961					
p37-48	37	大	9	（俣のつくり−口）／明			5963					
p38-0	38		10	高／大	2-93-17	4					1	
p38-1	38		10	馬＋大			99B1				1	
p38-2	38		12	夾	1-15-74	3						
p38-3	38		12	大／淵			596B					
p38-4	38		13	大／穢のつくり			596F					
p38-5	38		21	奢＋單			5972					
p38-6	38	女	2	女＋丁	2-5-40	4						
p38-7	38	女	2	女＋乃	2-5-41	4						
p38-8	38	女	3	氓のへん／女				妄	包摂適用	51		1
p38-9	38	女	3	女＋（勹＜一）				妁	包摂適用	32		1
p38-10	38	女	3	女＋已				妃	統合適用	UCV122		1
p38-11	38	女	3	女＋托のつくり	2-5-42	4						
p38-12	38	女	3	囗＜女			56E1				1	
p38-13	38	女	3	女＋也			5979					
p38-14	38	女	3	女＋女			597B					
p38-15	38	女	4	綏のつくり				妥	包摂適用	21		1
p38-16	38	女	4	女＋夫	1-15-75	3						
p38-17	38	女	4	女＋戸の旧字	1-15-76	3						
p38-18	38	女	4	女＋予	1-15-77	3						
p38-19	38	女	4	日／女	2-5-43	4						
p38-20	38	女	4	女＋今			5997					
p38-21	38	女	4	女＋井			598C					
p38-22	38	女	4	女＋介			598E					
p38-23	38	女	4	女＋中			5995					
p38-24	38	女	4	女＋元			59A7					
p38-25	38	女	5	女＋正	1-15-78	3						
p38-26	38	女	5	女＋以	1-15-79	3						
p38-27	38	女	5	女＋尼	2-5-44	4						
p38-28	38	女	5	女＋必	2-5-45	4						
p38-29	38	女	5	女＋令	2-5-46	4						
p38-30	38	女	5	女＋冊	2-5-47	4						
p38-31	38	女	5	女＋拔のつくり			59AD					
p38-32	38	女	5	女＋由			59AF					
p38-33	38	女	5	女＋乍			59B0					
p38-34	38	女	5	女＋欠			59B3					
p38-35	38	女	5	女＋失			59B7					
p38-36	38	女	5	女＋末			59BA					
p38-37	38	女	5	女＋句			59C1					
p38-38	38	女	5	女＋民			59C4					
p38-39	38	女	5	女＋（「第−竹			59CA					
p38-40	38	女	5	女＋半			59C5					
p38-41	38	女	5	女＋絆のつくり			59C5					
p38-42	38	女	6	（咨−口）／女				姿	包摂適用	33		1
p38-43	38	女	6	襾／女				要	包摂適用	88	1	1
p38-44	38	女	6	女＋幵	1-94-90	3		妍	包摂適用	96		
p38-45	38	女	6	女＋朱	1-15-80	3						
p38-46	38	女	6	女＋吉	2-5-48	4						
p38-47	38	女	6	女＋皎のつくり	2-5-49	4						
p38-48	38	女	6	女＋后	2-5-50	4						
p38-49	38	女	6	（女／女）＋干	2-5-51	4						
p38-50	38	女	6	女＋亘	2-5-52	4						
p38-51	38	女	6	女＋（刀／巴）	2-5-53	4						
p39-0	39		6	女＋亥			59DF					
p39-1	39		6	女＋光			59EF					
p39-2	39		6	女＋夸			59F1					
p39-3	39		6	女＋安			59F2					
p39-4	39		6	列／女			59F4					
p39-5	39		6	女＋有			59F7					
p39-6	39		6	女＋戎			5A00					
p39-7	39		6	楼のつくり			5A04					
p39-8	39		6	女＋邦			2A976					
p39-9	39		7	女＋頤のへん				姫	包摂適用	91		1
p39-10	39		7	女＋俛のつくり				娩	包摂適用	102		1
p39-11	39		7	女＋蜈のつくり				娯	包摂適用	48		1
p39-12	39		7	女＋尾	1-15-81	3						
p39-13	39		7	女＋弟	1-15-82	3						
p39-14	39		7	女＋壯	2-5-54	4						
p39-15	39		7	女＋求	2-5-55	4						
p39-16	39		7	女＋里	2-5-56	4						
p39-17	39		7	女＋成	2-5-57	4						
p39-18	39		7	女＋梃のつくり	2-5-58	4						
p39-19	39		7	女＋兌	2-5-59	4						
p39-20	39		7	女＋矣	2-5-60	4						
p39-21	39		7	折／女			5A0E					
p39-22	39		7	女＋誨のつくり			5A12					
p39-23	39		7	女＋綏のつくり			5A1E					
p39-24	39		7	壯／女			5A24					
p39-25	39		7	女＋旱			5A28					
p39-26	39		7	女＋吾			5A2A					
p39-27	39		7	女＋似			5A30					
p39-28	39		8	女＋帚				婦	包摂適用	54		1
p39-29	39		8	女＋睛のつくり	1-15-83	3						
p39-30	39		8	女＋亞	1-15-84	3						
p39-31	39		8	女＋捷のつくり	2-5-61	4						
p39-32	39		8	女＋卓	2-5-62	4						
p39-33	39		8	女＋倍のつくり			5A44					
p39-34	39		8	女＋鞠のつくり			5A45					
p39-35	39		8	女＋綵のつくり			5A47					
p39-36	39		8	女＋陵のつくり			5A48					
p39-37	39		8	女＋叔			5A4C					
p39-38	39		8	女＋果			5A50					
p39-39	39		8	女＋幸			5A5E					
p39-40	39		8	金＋女			91F9				1	
p39-41	39		8	阿／女			5A3F					
p39-42	39		9	女＋爰				媛	包摂適用	21		1
p39-43	39		9	女＋亭	1-15-85	3						
p39-44	39		9	女＋兪	1-15-86	3						
p39-45	39		9	女＋美	1-15-87	3						
p39-46	39		9	女＋是	1-15-88	3						
p39-47	39		9	女＋咼	1-15-89	3						
p39-48	39		9	鶩	2-5-63	4						
p39-49	39		9	女＋春	2-5-64	4						
p39-50	39		9	女＋貞	2-5-65	4						
p39-51	39		9	女＋喋のつくり	2-5-66	4						
p39-52	39		9	女＋惰のつくり	2-5-67	4						
p39-53	39		9	女＋瑁のつくり	2-5-68	4						
p39-54	39		9	女＋淵のつくり			5A63					
p39-55	39		9	女＋南			5A7B					
p39-56	39		9	煕			5A90					
p40-0	40		9	女＋皇			5A93					
p40-1	40		9	女＋英			5A96					
p40-2	40		9	女＋威			5A99					
p40-3	40		9	女＋保			5AAC					
p40-4	40		9	女＋（而／大）			5A86					
p40-5	40		9	女＋（合／廾）			5A95					
p40-6	40		10	媾				媾	包摂適用			1
p40-7	40		10	女＋賺のつくり				嫌	包摂適用	7		1
p40-8	40		10	女＋原	1-15-90	3						
p40-9	40		10	女＋搖のつくり	2-5-69	4						
p40-10	40		10	女＋息	2-5-70	4						
p40-11	40		10	縢	2-5-71	4						
p40-12	40		10	微	2-5-72	4						
p40-13	40		10	女＋鬼	2-5-73	4						
p40-14	40		10	女＋貔のつくり			5AB2					
p40-15	40		10	女＋蚩			5AB8					
p40-16	40		10	般／女			5ABB					
p40-17	40		10	女＋容			5AC6					
p40-18	40		10	螢			5AC8					
p40-19	40		10	螂			5ACF					
p40-20	40		10	女＋展			370A					
p40-21	40		11	女＋曼	2-5-74	4						
p40-22	40		11	女＋章	2-5-75	4						
p40-23	40		11	釐	2-5-76	4						
p40-24	40		11	女＋專	2-5-77	4						
p40-25	40		11	嗽	2-5-78	4						
p40-26	40		11	女＋樗のつくり	2-5-79	4						
p40-27	40		11	女＋膠のつくり			5AEA					
p40-28	40		11	娉								pdf
p40-29	40		12	女＋無	2-5-80	4						
p40-30	40		12	女＋爲	2-5-81	4						
p40-31	40		12	女＋堯	2-5-82	4						
p40-32	40		12	女＋焦			5AF6					
p40-33	40		12	女＋僚のつくり			5AFD					
p40-34	40		12	女＋登			5B01					
p40-35	40		13	女＋雷	1-15-91	3						
p40-36	40		13	女＋嗇	1-15-92	3						
p40-37	40		13	女＋亶	2-5-83	4						
p40-38	40		13	羸	2-5-84	4						
p40-39	40		13	女＋鐶のつくり			5B1B					
p40-40	40		13	女＋島			5B1D					
p40-41	40		13	女＋愛			5B21					
p40-42	40		13	女＋感								1
p40-43	40		14	女＋鼻				嬶	包摂適用	45		1
p40-44	40		14	女＋櫂のつくり	1-15-93	3						
p40-45	40		14	女＋爾	2-5-85	4						
p40-46	40		15	女＋審			5B38					
p40-47	40		17	靈	1-47-53	3						
p40-48	40		17	女＋闌			5B44					
p40-49	40		19	女＋麗			5B4B					
p40-50	40		19	戀	2-5-86	4						
p40-51	40	子孑	0	子の一が右半分だけ	2-5-87	4						
p40-52	40	子孑	3	孑＋子	1-47-54	3						
p41-0	41		3	囗＜子			56DD				1	
p41-1	41		4	浮のつくり				孚	包摂適用	21		1
p41-2	41		4	子／心			5B5E					
p41-3	41		5	禾＋子			79C4				1	
p41-4	41		6	子／（孑＋子）	2-5-88	4						
p41-5	41		6	米＋子			7C7D				1	
p41-6	41		8	孑＋宗			5B6E					
p41-7	41		9	堅	2-5-89	4						
p41-8	41		10	茲／子				孳	包摂適用	83		1
p41-9	41		14	孑＋盡			5B7B					
p41-10	41		16	薛／子	1-47-55	3						
p41-11	41		16	（屮／師のへん＋辛）／子	2-5-90	4						
p41-12	41		17	孑＋嬰			5B7E					
p41-13	41		19	戀	2-5-91	4						
p41-14	41	宀	2	貯のつくり	2-5-92	4						
p41-15	41	宀	2	宀／九	2-5-93	4						
p41-16	41	宀	2	宀／儿			5B82					
p41-17	41	宀	3	宀／行のつくり	2-5-94	4						
p41-18	41	宀	3	宀／弓			5B86					
p41-19	41	宀	4	宀／火	2-79-59	4					1	
p41-20	41	宀	4	宀／犬			5B8A					
p41-21	41	宀	4	宀／夭			5B8E					
p41-22	41	宀	4	宀／（「彑			5B90					
p41-23	41	宀	4	宀／井			5B91					
p41-24	41	宀	5	宀／必	1-47-56	3						
p41-25	41	宀	5	宀／弘	2-8-1	4						
p41-26	41	宀	5	宀／（麈−鹿）			5B94					
p41-27	41	宀	6	宀／兆			5BA8					
p41-28	41	宀	6	宀／米			5BA9					
p41-29	41	宀	7	瞎のつくり				害	包摂適用	3		1
p41-30	41	宀	7	宀／悄のつくり				宵	包摂適用	16		1
p41-31	41	宀	7	宀／成	2-8-2	4						
p41-32	41	宀	7	宀／君			5BAD					
p41-33	41	宀	7	宀／孝			5BAF					
p41-34	41	宀	7	宀／作			5BB1					
p41-35	41	宀	7	宀／口／ホ			5BB2					
p41-36	41	宀	7	宀／釆			5BB7					
p41-37	41	宀	7	宀／侃のつくり			5BBA					
p41-38	41	宀	7	寇			5BBC					
p41-39	41	宀	7	宀／俛のつくり			21A1A					
p41-40	41	宀	8	寃				寃	包摂適用	81		1
p41-41	41	宀	8	冖／兔				冤	包摂適用	81	1	1
p41-42	41	宀	8	宀／蚣のつくり／木	1-85-71	3					1	
p41-43	41	宀	8	宀／取	2-8-3	4						
p41-44	41	宀	8	宀／綵のつくり	2-8-4	4						
p41-45	41	宀	8	宀／禹	2-8-5	4						
p41-46	41	宀	8	宀／捷のつくり			5BC1					
p41-47	41	宀	8	宀／日／六			3760					
p41-48	41	宀	9	寒				寒	包摂適用	25		1
p41-49	41	宀	9	宀／心／（甬−マ）	1-88-41	3					1	
p41-50	41	宀	9	寤	2-8-6	4						
p42-0	42		9	宀／心／皿			5BCD					
p42-1	42		9	宀／奐			5BCF					
p42-2	42		9	寢			5BD1					
p42-3	42		10	宀／眞	1-47-57	3						
p42-4	42		10	宀／（さんずい＋駸のつくり）	2-8-7	4						
p42-5	42		10	客／心	2-12-61	4					1	
p42-6	42		10	宀／必／（冉の４画目左右に突き出る）			5BD7					
p42-7	42		10	宀／王／缶			5BDA					
p42-8	42		10	塞			5F3F				1	
p42-9	42		11	濘のつくり				寧	包摂適用	59		1
p42-10	42		11	寛	1-47-58	3		寛	包摂適用			
p42-11	42		11	嬪のつくり	1-92-24	3		賓	包摂適用	136	1	
p42-12	42		11	瞎のつくり＋夫	2-8-8	4						
p42-13	42		11	穴かんむり／人がしら／呆	2-15-20	4					1	
p42-14	42		11	宀／婁			5BE0					
p42-15	42		12	宀／（嶐−山）	2-8-9	4						
p42-16	42		12	宀／（瓜＋瓜）			5BD9					
p42-17	42		12	寨								1
p42-18	42		13	瞎のつくり				憲	包摂適用	3	1	1
p42-19	42		13	憲				憲	包摂適用	3	1	1
p42-20	42		13	塞	1-91-84	3					1	
p42-21	42		13	宀／雋			5BEF					
p42-22	42		14	寐	2-8-10	4						
p42-23	42		16	宀／親			5BF4					
p42-24	42		18	塞			9DB1				1	
p42-25	42	寸	4	埒のつくり	2-8-11	4						
p42-26	42	寸	5	得のつくり	2-8-12	4						
p42-27	42	寸	7	溥のつくり	2-8-13	4						
p42-28	42	寸	7	將				将	包摂適用	192		1
p42-29	42	寸	9	潯のつくり				尋	包摂適用	54		1
p42-30	42	寸	9	墫のつくり				尊	包摂適用	11		1
p42-31	42	寸	9	樹−木			5C0C					
p42-32	42	寸	12	澎	1-87-17	3					1	
p42-33	42	寸	13	導				導	包摂適用			1
p42-34	42	小	2	人がしら／小	1-47-59	3						
p42-35	42	小	2	欠			5C14					
p42-36	42	小	3	叔のへん			5C17					
p42-37	42	小	3	大／小			5935				1	
p42-38	42	小	4	悄のつくり				肖	包摂適用	16		1
p42-39	42	小	5	淌のつくり				尚	包摂適用	16		1
p42-40	42	小	7	瑣のつくり			898D				1	
p42-41	42	小	9	僚のつくり	1-47-60	3						
p42-42	42	小	10	題			5C1F					
p42-43	42	尢兀	0	（釡−金）／儿	1-47-61	3						
p43-0	43		3	（釡−金）／儿のにょうの形＋（勹＜一）			5C26					
p43-1	43		3	こざとへん＋兀			9622				1	
p43-2	43		4	（釡−金）／儿のにょうの形＋王	2-8-14	4						
p43-3	43		4	兀のにょうの形＋王	1-47-62	3						
p43-4	43		4	尢のにょうの形＋介			5C2C					
p43-5	43		4	尢のにょうの形＋王			5C2A					
p43-6	43		6	兀のにょうの形＋虫	2-87-29	4					1	
p43-7	43		6	尢のにょうの形＋朶			5C2E					
p43-8	43		6	兀＋危			537C				1	
p43-9	43		6	兀のにょうの形＋危			537C				1	
p43-10	43		7	兀のにょうの形＋豕	2-89-1	4					1	
p43-11	43		7	車＋兀			8ECF				1	
p43-12	43		9	尢のにょうの形＋重	2-8-15	4						
p43-13	43		10	尢のにょうの形＋賺のつくり			5C32					
p43-14	43		12	尢のにょうの形＋貴			5C35					
p43-15	43		14	鼾のへん＋兀			9F3F				1	
p43-16	43		15	兀のにょうの形＋監			5C36					
p43-17	43	尸	2	尸＋几			51E5				1	
p43-18	43	尸	3	尸＋丸	1-47-63	3						
p43-19	43	尸	5	尸＋矢			21C41					
p43-20	43	尸	6	刷のへん＋又	2-3-62	4					1	
p43-21	43	尸	6	尸＋朱	2-8-16	4						
p43-22	43	尸	7	尸＋悄のつくり				屑	包摂適用	16		1
p43-23	43	尸	8	尸＋餠のつくり	1-94-91	3		屏	包摂適用	97		
p43-24	43	尸	8	尸＋阿			5C59					
p43-25	43	尸	8	尸＋雨			5C5A					
p43-26	43	尸	8	尸＋（彳＋世）			5C5C					
p43-27	43	尸	9	居				屠	包摂適用	125		1
p43-28	43	尸	9	尸＋喋のつくり	2-8-17	4						
p43-29	43	尸	11	尸＋婁	1-47-64	3		屡	78互換包摂			
p43-30	43	尸	11	尸＋徙	2-8-18	4						
p43-31	43	尸	11	尸＋（彳＋喋のつくり）	2-8-19	4						
p43-32	43	尸	11	尸＋鳥	2-94-2	4					1	
p43-33	43	尸	12	尸＋曾	1-47-65	3		層	包摂適用	101		
p43-34	43	尸	14	尸＋（彳＋婁）	2-8-20	4						
p43-35	43	尸	15	尸＋（彳＋喬）	2-8-21	4						
p43-36	43	尸	21	尸＋贔			5C6D					
p43-37	43	屮屮	0	艸のつくり	1-47-66	3						
p43-38	43	屮屮	3	朔のへん	2-8-22	4						
p43-39	43	屮屮	6	屮／艸			8294				1	
p43-40	43	屮屮	16	（屮／師のへん＋辛）／子	2-5-90	4					1	
p43-41	43	山	1	山＋乙	2-8-23	4						
p43-42	43	山	2	山／二			4E97				1	
p43-43	43	山	2	山／力			5C74					
p43-44	43	山	2	山／厂			5C75					
p43-45	43	山	3	山／女	1-47-67	3						
p44-0	44		3	山＋己	1-47-68	3						
p44-1	44		3	山／川	2-8-24	4						
p44-2	44		3	山＋兀	2-8-25	4						
p44-3	44		3	山＋仞のつくり			5C7B					
p44-4	44		3	山＋干			5C7D					
p44-5	44		4	二点しんにょうの辿				辿	包摂適用	128		1
p44-6	44		4	山＋元	1-47-69	3						
p44-7	44		4	山＋尺	2-8-26	4						
p44-8	44		4	山／友	2-8-27	4						
p44-9	44		4	山＋冴のつくり	2-8-28	4						
p44-10	44		4	巴／山	2-8-29	4						
p44-11	44		4	昂			5C87					
p44-12	44		4	山＋今			5C92					
p44-13	44		4	日／山			65F5				1	
p44-14	44		4	气＜山			6C19				1	
p44-15	44		5	山＋央	1-47-70	3						
p44-16	44		5	山＋句	1-47-71	3						
p44-17	44		5	山／弗	1-47-72	3						
p44-18	44		5	山／令	1-47-73	3						
p44-19	44		5	山＋（岸−山）	2-8-30	4						
p44-20	44		5	山＋半	2-8-31	4						
p44-21	44		5	山＋斥	2-8-32	4						
p44-22	44		5	山＋秬のつくり	2-8-33	4						
p44-23	44		5	山／可	2-8-34	4						
p44-24	44		5	山／立	2-8-35	4						
p44-25	44		5	山／召	2-8-36	4						
p44-26	44		5	山＋弗	2-8-37	4						
p44-27	44		5	山＋令	2-8-38	4						
p44-28	44		5	山＋古	2-8-39	4						
p44-29	44		5	山／乍			5C9D					
p44-30	44		5	山＋兄			5CB2					
p44-31	44		5	山＋丘			5CB4					
p44-32	44		6					炭	包摂適用	74	1	1
p44-33	44		6	山＋旬	1-47-74	3						
p44-34	44		6	山＋亥	1-47-75	3						
p44-35	44		6	山＋同	1-47-76	3						
p44-36	44		6	隣のつくり	2-8-40	4						
p44-37	44		6	山／各	2-8-41	4						
p44-38	44		6	端のつくり	2-85-6	4					1	
p44-39	44		6	山＋危			5CD7					
p44-40	44		6	山／同			5CDD					
p44-41	44		6	米＋山			7C7C				1	
p44-42	44		6	山＋皎のつくり			5CE7					
p44-43	44		6	山／全			5CD1					
p44-44	44		6	山／大／土			5CDA					
p44-45	44		7	山＋見	1-47-77	3						
p44-46	44		7	山／投	2-8-42	4						
p44-47	44		7	山／言	2-88-53	4					1	
p44-48	44		7	山＋君			5CEE					
p44-49	44		7	けものへん＋（丑／山）			5CF1					
p44-50	44		7	山／利			5CF2					
p44-51	44		7	山／坎			5D01					
p44-52	44		7	山＋宏			5CF5					
p44-53	44		7	山＋（危−厄）／用			5D05					
p44-54	44		7	山＋角			5D05					
p44-55	44		8	山／（萠−くさかんむり）				崩	包摂適用	36		1
p45-0	45		8	山＋険のつくり	1-47-78	3						
p45-1	45		8	山／奇	1-47-79	3						
p45-2	45		8	山＋來	1-47-80	3						
p45-3	45		8	山／（鬆−髟）	1-47-81	3						
p45-4	45		8	山＋尭	2-8-43	4						
p45-5	45		8	山＋空	2-8-44	4						
p45-6	45		8	山＋昆	2-8-45	4						
p45-7	45		8	山／屈	2-8-46	4						
p45-8	45		8	山＋睛のつくり	2-8-47	4						
p45-9	45		8	山＋東	2-8-48	4						
p45-10	45		8	山＋肴	2-8-49	4						
p45-11	45		8	山＋奄	2-8-50	4						
p45-12	45		8	山／卒			5D12					
p45-13	45		8	山／委			5D23					
p45-14	45		8	山／（てへん＋甘）			37DB					
p45-15	45		8	山＋戔			37DE					
p45-16	45		9	山＋竒	1-47-82	3						
p45-17	45		9	（禾＋尤）／山	1-47-83	3						
p45-18	45		9	稽	1-47-84	3						
p45-19	45		9	山／品	1-47-85	3						
p45-20	45		9	山／則	2-8-51	4						
p45-21	45		9	山＋帝	2-8-52	4						
p45-22	45		9	山／律	2-8-53	4						
p45-23	45		9	山＋端のつくり	2-8-54	4						
p45-24	45		9	山／威			5D34					
p45-25	45		9	山／思			5D3D					
p45-26	45		9	山＋咢			5D3F					
p45-27	45		9	山＋顏のへん			5D43					
p45-28	45		9	山＋爰			5D48					
p45-29	45		9	山＋曷			5D51					
p45-30	45		9	山＋椶のつくり			5D55					
p45-31	45		9	山／科			5D59					
p45-32	45		9	品／山			55A6					
p45-33	45		10	山＋乘	1-47-86	3						
p45-34	45		10	山＋旁	1-47-87	3						
p45-35	45		10	山／鶲のへん	2-8-55	4						
p45-36	45		10	山＋高	2-8-56	4						
p45-37	45		10	山＋鬼	2-8-57	4						
p45-38	45		10	山＋賺のつくり	2-8-58	4						
p45-39	45		10	崖			5D5F					
p45-40	45		10	山＋奚			5D60					
p45-41	45		10	山＋倉			5D62					
p45-42	45		10	螢			5D64					
p45-43	45		10	山＋耆			21EB8					
p45-44	45		10	山＋骨			21ECB					
p45-45	45		11	山＋婁	1-47-88	3						
p45-46	45		11	山／都	2-8-59	4						
p45-47	45		11	山＋票	2-8-60	4						
p45-48	45		11	山／將	2-8-61	4						
p45-49	45		11	鳥／山	2-8-62	4						
p45-50	45		11	山／強			5D79					
p45-51	45		11	山＋膠のつくり			5D7A					
p45-52	45		11	山／參			5D7E					
p45-53	45		11	山／頂			5D7F					
p45-54	45		11	山＋斬			5D83					
p45-55	45		11	山／推			5D8A					
p45-56	45		12	山＋喬	1-47-89	3						
p46-0	46		12	山／堯	1-47-90	3						
p46-1	46		12	山＋曾	2-8-63	4						
p46-2	46		12	山／欽	2-8-64	4						
p46-3	46		12	山＋勞	2-8-65	4						
p46-4	46		12	山＋隣のつくり	2-8-66	4						
p46-5	46		12	山＋番			5D93					
p46-6	46		12	山＋焦			5D95					
p46-7	46		12	山＋僚のつくり			5D9B					
p46-8	46		12	山＋墫のつくり			5D9F					
p46-9	46		13	山＋澤のつくり	1-47-91	3						
p46-10	46		13	山＋解	2-8-67	4						
p46-11	46		13	山／雋	2-8-68	4						
p46-12	46		13	奧／山	2-8-69	4						
p46-13	46		13	山＋業			5DAB					
p46-14	46		13	山／辟			3814					
p46-15	46		14	山＋榮	1-47-92	3						
p46-16	46		14	山＋鼻	2-8-70	4						
p46-17	46		14	山＋壽	2-8-71	4						
p46-18	46		15	山＋賛			381D					
p46-19	46		15	山＋樂			21F92					
p46-20	46		16	山／龍			5DC3					
p46-21	46		17	山／歸	1-47-93	3						
p46-22	46		17	山＋戲			5DC7					
p46-23	46		18	山／（高＋昇）			5DD0					
p46-24	46		19	山＋贊	2-8-72	4						
p46-25	46		19	山＋（止＋頁＋巳）／夂			5DCE					
p46-26	46		20	山＋嚴	2-8-73	4						
p46-27	46		20	山＋獻	2-8-74	4						
p46-28	46		21	山＋（止＋（首／儿）＋巳）／夂			5DD9					
p46-29	46	巛川	4	二点しんにょうの巡				巡	包摂適用	128		1
p46-30	46	巛川	4	徑のつくり	2-8-75	4						
p46-31	46	巛川	5	緇のつくり	2-81-23	4					1	
p46-32	46	巛川	6	瑙のつくり	2-8-76	4						
p46-33	46	巛川	7	巛／邑	1-92-59	3					1	
p46-34	46	巛川	8	巛／果	1-84-8	3		巣	包摂適用	171		
p46-35	46	巛川	11	韋			821D				1	
p46-36	46	巛川	12	鑞のつくり	2-8-77	4						
p46-37	46	巛川	12	鄰のへん＋巛	2-83-91	4					1	
p46-38	46	工	2	秬のつくり				巨	包摂適用	50		1
p46-39	46	工	2	功のへん＋刀	1-14-59	3					1	
p46-40	46	工	2	匚＜工			531E				1	
p46-41	46	工	2	功のへん＋卩			536D				1	
p46-42	46	工	3	功のへん＋おおざと	1-92-62	3					1	
p46-43	46	工	3	功のへん＋（蝨−虫−虫）	2-8-78	4						
p46-44	46	工	4	徑のつくり	2-8-75	4					1	
p46-45	46	工	5					空	包摂適用	26	1	1
p46-46	46	工	5	功のへん＋瓶のつくり			74E8				1	
p46-47	46	工	7	頭のへん＋工	2-88-92	4					1	
p47-0	47	己已巳	2	鉋のつくり				包	包摂適用	70		1
p47-1	47	己已巳	2	官−宀	2-8-79	4						
p47-2	47	己已巳	3	己／廾	1-84-18	3					1	
p47-3	47	己已巳	3	土へん＋己							1	1
p47-4	47	己已巳	3	くさかんむり／己			8291				1	
p47-5	47	己已巳	4	木＋巳							1	1
p47-6	47	己已巳	4	社のへん＋巳							1	1
p47-7	47	己已巳	4	示＋己							1	1
p47-8	47	己已巳	6	丞／犯のつくり	2-3-54	4					1	
p47-9	47	己已巳	6	丞／己				※［＃「丞／犯のつくり」、第4水準2-3-54］	包摂適用			1
p47-10	47	己已巳	6	煕−れんが			5DF8					
p47-11	47	己已巳	7	起				起	包摂適用	70		1
p47-12	47	己已巳	9	饌のつくり				巽	包摂適用	70		1
p47-13	47	巾	1	師のつくり	2-8-80	4						
p47-14	47	巾	3					帆	包摂適用	37		1
p47-15	47	巾	3	巾＋（丿／几）	2-8-81	4						
p47-16	47	巾	3	聿			5E07					
p47-17	47	巾	3	くさかんむり／巾			8287				1	
p47-18	47	巾	4	戸の旧字＋巾			5E0D					
p47-19	47	巾	4	巾＋扮のつくり			5E09					
p47-20	47	巾	4	巾＋巴			5E0A					
p47-21	47	巾	5	巾＋皮	1-84-9	3						
p47-22	47	巾	5	穴かんむり／巾	1-84-10	3						
p47-23	47	巾	5	代／巾	2-8-82	4						
p47-24	47	巾	5	巾＋白	2-8-83	4						
p47-25	47	巾	5	敝のへん	2-8-84	4						
p47-26	47	巾	5	巾＋正			2207F					
p47-27	47	巾	6					帝	デザイン差	UCV62		1
p47-28	47	巾	6	亦／巾	2-8-85	4						
p47-29	47	巾	6	臼／巾			5E20					
p47-30	47	巾	7	邦／巾	2-8-86	4						
p47-31	47	巾	7	巾＋兌			5E28					
p47-32	47	巾	8	帽				帽	包摂適用	175		1
p47-33	47	巾	8	巾＋睹のつくり	2-8-87	4						
p47-34	47	巾	8	巾＋餠のつくり			5E32					
p47-35	47	巾	8	巾＋宛			5E35					
p47-36	47	巾	9	帽				帽	包摂適用	175		1
p47-37	47	巾	9	巾＋喋のつくり	2-8-88	4						
p47-38	47	巾	9	般／巾			5E4B					
p47-39	47	巾	10	縢			5E50					
p47-40	47	巾	10	巾＋莫			5E59					
p47-41	47	巾	11	巾＋責	1-84-11	3						
p47-42	47	巾	11	巾＋祭	2-8-89	4						
p47-43	47	巾	11	巾＋票	2-8-90	4						
p47-44	47	巾	11	徴			5E51					
p47-45	47	巾	11	巾＋章			5E5B					
p47-46	47	巾	12	敝／巾				幣	包摂適用	16		1
p47-47	47	巾	12	巾＋僕のつくり	1-84-12	3						
p47-48	47	巾	12	巾＋厨	2-8-91	4						
p47-49	47	巾	12	巾＋景			5E5C					
p48-0	48		13	巾＋譫のつくり			5E68					
p48-1	48		14	封／帛	2-8-92	4						
p48-2	48		14	巾＋壽	2-8-93	4						
p48-3	48		14	巾＋蒙			5E6A					
p48-4	48		15	巾＋韈のつくり	2-8-94	4						
p48-5	48		15	巾＋廚	2-12-1	4						
p48-6	48		16	巾＋憲			5E70					
p48-7	48		17	巾＋（穴かんむり／登）			3867					
p48-8	48		18	巾＋雙	2-12-2	4						
p48-9	48	干	1	研のつくり	1-84-17	3					1	
p48-10	48	干	2	怦のつくり								1
p48-11	48	干	2	厂＋干			5388				1	
p48-12	48	干	3	干＋おおざと	1-92-60	3					1	
p48-13	48	干	3	りっしんべん＋干	2-12-31	4					1	
p48-14	48	干	3	山＋干			5C7D				1	
p48-15	48	干	3	けものへん＋干			72B4				1	
p48-16	48	干	3	くさかんむり／干			8289				1	
p48-17	48	干	3	こざとへん＋干			28E17				1	
p48-18	48	干	4	王＋干	1-87-83	3					1	
p48-19	48	干	4	干＋攵			653C				1	
p48-20	48	干	4	日＋干			65F0				1	
p48-21	48	干	5	餠のつくり				并	包摂適用			1
p48-22	48	干	5	目＋干			76F0				1	
p48-23	48	干	5	石＋干			77F8				1	
p48-24	48	干	6	（女／女）＋干	2-5-51	4					1	
p48-25	48	干	7	豸＋干			8C7B				1	
p48-26	48	干	7	走にょう＋干			8D76				1	
p48-27	48	干	8	門＜干			9588				1	
p48-28	48	干	9	干＋頁			9807				1	
p48-29	48	干	9	飮のへん＋干			98E6				1	
p48-30	48	干	9	革＋干			976C				1	
p48-31	48	广	2	广＋化のつくり			5E80					
p48-32	48	广	4	序				序	デザイン差			pdf
p48-33	48	广	4	广＋支			5E8B					
p48-34	48	广	4	广＋介			5E8E					
p48-35	48	广	5	广＋鉋のつくり				庖	包摂適用	70		1
p48-36	48	广	5	广＋由			5E99					
p48-37	48	广	6	广＋休	2-12-3	4						
p48-38	48	广	6	廉−（朔のへん−屮）	2-94-51	4					1	
p48-39	48	广	6	广＋至			5EA2					
p48-40	48	广	6	广＋寺			5EA4					
p48-41	48	广	7					庭	デザイン差	UCV235		1
p48-42	48	广	7	溏のつくり				唐	包摂適用	43		1
p48-43	48	广	7	广＋技	2-12-4	4						
p48-44	48	广	7	广＋尨	2-12-5	4						
p48-45	48	广	7	广＋孝			5EA8					
p48-46	48	广	8	广＋（廿／尺）	2-12-6	4						
p48-47	48	广	8	广＋苗	2-12-7	4						
p48-48	48	广	8	广＋陵のつくり			5EB1					
p48-49	48	广	8	广＋婢のつくり			5EB3					
p49-0	49		8	广＋昔			5EB4					
p49-1	49		8	座								1
p49-2	49		8	座								pdf
p49-3	49		8	广＋（草−十）								pdf
p49-4	49		9	广＋諛のつくり	1-84-13	3						
p49-5	49		9	广＋禺			5EBD					
p49-6	49		10	广＋賺のつくり				廉	包摂適用	7		1
p49-7	49		10	广＋（螂−虫）	1-84-14	3		廊	包摂適用	111		
p49-8	49		10	广＋溲のつくり	1-84-15	3						
p49-9	49		10	广＋鬼	2-12-8	4						
p49-10	49		10	塵	2-94-52	4					1	
p49-11	49		10	薦−くさかんむり			5ECC					
p49-12	49		11	廏				廏	包摂適用	153		1
p49-13	49		11	广＋黄				廣	包摂適用	141		1
p49-14	49		11	广＋敖	2-12-9	4						
p49-15	49		11	广＋異	2-12-10	4						
p49-16	49		11	麾	2-94-57	4					1	
p49-17	49		11	广＋頃			5ECE					
p49-18	49		11	广＋槿のつくり			5ED1					
p49-19	49		11	广＋婁			5ED4					
p49-20	49		11	广＋陰			5ED5					
p49-21	49		12	广＋敝				廠	包摂適用	16		1
p49-22	49		12					廟	包摂適用	36		1
p49-23	49		12	广＋（漑−さんずい）				廐	包摂適用	153		1
p49-24	49		12	广＋（庚−广）／貝	1-92-25	3					1	
p49-25	49		12	广＋居			5EDC					
p49-26	49		12	广＋欽			5EDE					
p49-27	49		13	广＋會			5EE5					
p49-28	49		13	广＋禀			5EEA					
p49-29	49		14	广＋（庶−广）／虫	1-91-64	3					1	
p49-30	49		15	广＋膠			5EEB					
p49-31	49		16	广＋龍	1-94-86	3						
p49-32	49		16	廣／心			61EC				1	
p49-33	49		17	應			8B4D				1	
p49-34	49		18	塵	2-94-54	4					1	
p49-35	49	廴	4	蜒−虫				延	包摂適用	116		1
p49-36	49	廴	5	廴＋白	1-84-16	3						
p49-37	49	廴	5	廴＋囘	2-12-11	4						
p49-38	49	廴	5	廴＋囘				※［＃「廴＋囘」、第4水準2-12-11］	包摂適用			pdf
p49-39	49	廴	6	廴＋聿				建	デザイン差	UCV235		1
p49-40	49	廴	6	廴＋回				廻	デザイン差	UCV235		1
p49-41	49	廴	7	廴＋面から一、二画目をとったもの	2-12-12	4						
p49-42	49	廾	1	研のつくり	1-84-17	3						
p49-43	49	廾	3	己／廾	1-84-18	3						
p49-44	49	廾	5	去／廾			5F06					
p49-45	49	廾	6	合／廾	1-84-19	3						
p49-46	49	廾	6	栩のつくり／廾	1-90-29	3					1	
p49-47	49	廾	6	亦／廾	2-12-13	4						
p49-48	49	廾	6	（馬−れんが）／廾								1
p50-0	50		10	馬／廾			99B5				1	
p50-1	50		11	將／廾			38A1					
p50-2	50		12	敝／廾				弊	包摂適用	16		1
p50-3	50		13	（「工								1
p50-4	50		13	帚			5F5B				1	
p50-5	50		16	龍／廾			9F8F				1	
p50-6	50	弋	3	弌	2-12-14	4						
p50-7	50	弋	4	弌	2-12-30	4					1	
p50-8	50	弋	7	或	1-84-30	3					1	
p50-9	50	弋	10	骨＋弋			9AAE				1	
p50-10	50	弓	1	疆のへん			38A7					
p50-11	50	弓	2	疆のへん			223A5					
p50-12	50	弓	2	疆のへん								pdf
p50-13	50	弓	3	弓＋弓	2-12-15	4						
p50-14	50	弓	3	弓＋巾	2-12-16	4						
p50-15	50	弓	3	宀／弓			5B86				1	
p50-16	50	弓	3	弓＋于			5F19					
p50-17	50	弓	4	弓＋巴	1-84-20	3						
p50-18	50	弓	4	弓＋欠	2-12-17	4						
p50-19	50	弓	4	弓＋攴			38AD					
p50-20	50	弓	5	弓＋付	1-84-21	3						
p50-21	50	弓	5	弓＋矢	2-82-21	4					1	
p50-22	50	弓	5	弓＋秬のつくり			5F21					
p50-23	50	弓	5	弓＋（屮／又）			5F22					
p50-24	50	弓	5	弓＋低のつくり			5F24					
p50-25	50	弓	5	弓＋召			5F28					
p50-26	50	弓	6	弓＋臣			5F2B					
p50-27	50	弓	6	弓＋頤のへん			5F2C					
p50-28	50	弓	6	劵			5F2E					
p50-29	50	弓	7	嫋のつくり				弱	包摂適用	20		1
p50-30	50	弓	7	弓＋悄のつくり			5F30					
p50-31	50	弓	8	弓＋享	1-84-22	3						
p50-32	50	弓	8	弓＋京	1-84-23	3						
p50-33	50	弓	9	繦−糸				強	包摂適用	139		1
p50-34	50	弓	9	弓＋喋のつくり	1-84-24	3						
p50-35	50	弓	9	粥			5F3B					
p50-36	50	弓	10	轂	1-84-25	3						
p50-37	50	弓	10	塞			5F3F					
p50-38	50	弓	11	弓＋剪	1-84-26	3						
p50-39	50	弓	11	弓＋（匸＜品）			5F44					
p50-40	50	弓	11	弓＋票			22415					
p50-41	50	弓	12	弓＋肅	2-12-18	4						
p50-42	50	弓	15	弓＋廣			5F4D					
p50-43	50	彑	0	夛−夕				彑	包摂適用			1
p51-0	51		3	帚	2-5-31	4					1	
p51-1	51		4	帚	1-87-36	3					1	
p51-2	51		5	録のつくり				※［＃「碌のつくり」、第3水準1-84-27］	包摂適用	167		1
p51-3	51		5	碌のつくり	1-84-27	3						
p51-4	51		8	膤のつくり				雪	包摂適用	54		1
p51-5	51		9	潯のつくり				尋	包摂適用	54		1
p51-6	51		9	彑／（「比	1-84-28	3						
p51-7	51		13	帚			5F5B					
p51-8	51		22	尋＋護のつくり			5F60					
p51-9	51	彡	4	丹＋彡	1-84-29	3						
p51-10	51	彡	4	（「吝−口	2-12-19	4						
p51-11	51	彡	6	顏のへん				彦	包摂適用	72		1
p51-12	51	彡	6	翔のへん＋彡			7F8F				1	
p51-13	51	彡	6	而＋彡			800F				1	
p51-14	51	彡	7	或	1-84-30	3						
p51-15	51	彡	8	綵のつくり＋彡				彩	包摂適用	21		1
p51-16	51	彡	8	蜩のつくり＋彡				彫	包摂適用	44		1
p51-17	51	彡	11	票＋彡			5F6F					
p51-18	51	彡	19	麗＋彡	2-12-20	4						
p51-19	51	彳	3	彳＋勺			5F74					
p51-20	51	彳	3	彳＋也			5F75					
p51-21	51	彳	4	彳＋蚣のつくり			5F78					
p51-22	51	彳	4	彳＋王			5F7A					
p51-23	51	彳	5	彳＋（麈−鹿）				往	包摂適用	UCV201		1
p51-24	51	彳	5	彳＋低のつくり	1-84-31	3						
p51-25	51	彳	5	彳＋令	2-12-21	4						
p51-26	51	彳	6	彳＋羊	1-84-32	3						
p51-27	51	彳	6	御	2-88-6	4					1	
p51-28	51	彳	6	衙			884E				1	
p51-29	51	彳	6	彳＋圭			5F8D					
p51-30	51	彳	7	彳＋陟のつくり	2-12-22	4						
p51-31	51	彳	8	彳＋非				徘	デザイン差			1
p51-32	51	彳	8	彳＋淌のつくり	1-84-33	3						
p51-33	51	彳	8	彳＋捷のつくり	2-12-23	4						
p51-34	51	彳	8	彳＋宗			5F96					
p51-35	51	彳	8	彳＋直			5F9D					
p51-36	51	彳	8	衙			8851				1	
p51-37	51	彳	8	彳＋奇			5F9B					
p51-38	51	彳	9	彳＋編のつくり	1-84-34	3						
p51-39	51	彳	9	彳＋廴＋聿	2-12-24	4						
p51-40	51	彳	9	彳＋韋			5FAB					
p51-41	51	彳	9	衙			8855				1	
p51-42	51	彳	9	衙			8856				1	
p51-43	51	彳	10	彳＋奚	1-84-35	3						
p51-44	51	彳	10	衙	2-88-7	4					1	
p51-45	51	彳	10	彳＋旁			5FAC					
p51-46	51	彳	10	彳＋（正／正）			5FB0					
p51-47	51	彳	11	彳＋票			5FB1					
p51-48	51	彳	11	彳＋責			38F1					
p51-49	51	彳	12	徴	1-84-36	3		徴	包摂適用	131		
p51-50	51	彳	12	徳	1-84-37	3		徳	包摂適用	130		
p52-0	52		12	彳＋童	2-12-25	4						
p52-1	52		12	衙			885A				1	
p52-2	52		12	衙			885C				1	
p52-3	52		13	衙			8860				1	
p52-4	52		14	徴				徽	包摂適用	131		1
p52-5	52	忄心㣺	0	りっしんべん	2-12-26	4						
p52-6	52	忄心㣺	0	恭−共	2-12-27	4						
p52-7	52	忄心㣺	2	りっしんべん＋刀	1-84-38	3						
p52-8	52	忄心㣺	2	りっしんべん＋力	2-12-28	4						
p52-9	52	忄心㣺	2	にんべん＋心			4F08				1	
p52-10	52	忄心㣺	2	二／心			5FC8					
p52-11	52	忄心㣺	3	仞のつくり／心				忍	包摂適用	170		1
p52-12	52	忄心㣺	3	氓のへん／心				忘	包摂適用	51		1
p52-13	52	忄心㣺	3	りっしんべん＋氓のへん				忙	包摂適用	51		1
p52-14	52	忄心㣺	3	りっしんべん＋己	2-12-29	4						
p52-15	52	忄心㣺	3	弌	2-12-30	4						
p52-16	52	忄心㣺	3	りっしんべん＋干	2-12-31	4						
p52-17	52	忄心㣺	3		2-12-32	4						
p52-18	52	忄心㣺	3	子／心			5B5E				1	
p52-19	52	忄心㣺	3	上／心			5FD0					
p52-20	52	忄心㣺	3	下／心			5FD1					
p52-21	52	忄心㣺	4	（吝−口）／心	1-84-39	3						
p52-22	52	忄心㣺	4	りっしんべん＋中	1-84-40	3						
p52-23	52	忄心㣺	4	蚣のつくり／心	1-84-41	3						
p52-24	52	忄心㣺	4	五／心	2-12-33	4						
p52-25	52	忄心㣺	4	りっしんべん＋支	2-12-34	4						
p52-26	52	忄心㣺	4	りっしんべん＋氏	2-12-35	4						
p52-27	52	忄心㣺	4	りっしんべん＋屯	2-12-36	4						
p52-28	52	忄心㣺	4	りっしんべん＋亢	2-12-37	4						
p52-29	52	忄心㣺	4	りっしんべん＋元			5FE8					
p52-30	52	忄心㣺	4	りっしんべん＋蚣のつくり			5FEA					
p52-31	52	忄心㣺	4	りっしんべん＋予			5FEC					
p52-32	52	忄心㣺	4	りっしんべん＋（丶／下）			5FED					
p52-33	52	忄心㣺	4	りっしんべん＋太			5FF2					
p52-34	52	忄心㣺	4	りっしんべん＋云			5FF6					
p52-35	52	忄心㣺	4	りっしんべん＋欠			5FFA					
p52-36	52	忄心㣺	5	（危−厄）／（帚−冖−巾）／心				急	包摂適用	54		1
p52-37	52	忄心㣺	5	りっしんべん＋乍	1-84-42	3						
p52-38	52	忄心㣺	5	りっしんべん＋正	1-84-43	3						
p52-39	52	忄心㣺	5	古／心	1-84-44	3						
p52-40	52	忄心㣺	5	りっしんべん＋兄	1-84-45	3						
p52-41	52	忄心㣺	5	りっしんべん＋朮	1-84-46	3						
p52-42	52	忄心㣺	5	春	2-12-38	4						
p52-43	52	忄心㣺	5	りっしんべん＋占	2-12-39	4						
p52-44	52	忄心㣺	5	りっしんべん＋失	2-12-40	4						
p52-45	52	忄心㣺	5	付／心	2-12-41	4						
p52-46	52	忄心㣺	5	りっしんべん＋秬のつくり			6007					
p52-47	52	忄心㣺	5	りっしんべん＋召			600A					
p52-48	52	忄心㣺	5	りっしんべん＋奴			6013					
p52-49	52	忄心㣺	5	りっしんべん＋且			601A					
p52-50	52	忄心㣺	5	りっしんべん＋低のつくり			601F					
p52-51	52	忄心㣺	5	りっしんべん＋必			602D					
p52-52	52	忄心㣺	5	りっしんべん＋可			2AAE7					
p52-53	52	忄心㣺	5	りっしんべん＋玄			6030					
p53-0	53		6					恢	包摂適用	74		1
p53-1	53		6					恐	包摂適用	38		1
p53-2	53		6	りっしんべん＋匡	1-84-47	3						
p53-3	53		6	りっしんべん＋行	2-12-42	4						
p53-4	53		6	りっしんべん＋兆	2-12-43	4						
p53-5	53		6	りっしんべん＋多			6040					
p53-6	53		6	りっしんべん＋牟			6048					
p53-7	53		6	りっしんべん＋旨			6049					
p53-8	53		6	りっしんべん＋危			6051					
p53-9	53		6	りっしんべん＋皎のつくり			6054					
p53-10	53		6	貔のつくり			6056					
p53-11	53		6	りっしんべん＋夸			6057					
p53-12	53		6	挈			605D					
p53-13	53		6	りっしんべん＋希			6061					
p53-14	53		6	而／心			6067					
p53-15	53		6	りっしんべん＋（八がしら／允）			6071					
p53-16	53		7	りっしんべん＋免				悗	包摂適用	102		1
p53-17	53		7	悗				悗	包摂適用	81		1
p53-18	53		7	りっしんべん＋兌				悦	包摂適用	15		1
p53-19	53		7	りっしんべん＋誨のつくり	1-84-48	3		悔	包摂適用	98		
p53-20	53		7	りっしんべん＋里	1-84-49	3						
p53-21	53		7	りっしんべん＋蜈のつくり	1-84-50	3						
p53-22	53		7	甬／心	2-12-44	4						
p53-23	53		7	折／心	2-12-45	4						
p53-24	53		7	りっしんべん＋希	2-12-46	4						
p53-25	53		7	（「にんべん＋欠	2-12-47	4						
p53-26	53		7	りっしんべん＋くさかんむり／氓のへん			607E					
p53-27	53		7	りっしんべん＋陛のつくり			6082					
p53-28	53		7	余／心			6086					
p53-29	53		7	りっしんべん＋戒			6088					
p53-30	53		7	りっしんべん＋晧のつくり			608E					
p53-31	53		7	りっしんべん＋甫			6091					
p53-32	53		7	りっしんべん＋見			6093					
p53-33	53		7	医／心			6098					
p53-34	53		7	りっしんべん＋良			60A2					
p53-35	53		7	總のつくり、「怱			60A4					
p53-36	53		7	言／心			60A5					
p53-37	53		7	言＋心			8A2B				1	
p53-38	53		7	りっしんべん＋更			2267E					
p53-39	53		8	りっしんべん＋睛のつくり				情	包摂適用	146		1
p53-40	53		8	非／心				悲	デザイン差			1
p53-41	53		8	りっしんべん＋宛	1-84-51	3						
p53-42	53		8	りっしんべん＋炎	1-84-52	3						
p53-43	53		8	りっしんべん＋易	1-84-53	3						
p53-44	53		8	りっしんべん＋淌のつくり	1-84-54	3						
p53-45	53		8	徳のつくり	2-12-48	4						
p53-46	53		8	りっしんべん＋宗	2-12-49	4						
p53-47	53		8	りっしんべん＋（緋−糸）	2-12-50	4						
p53-48	53		8	りっしんべん＋空	2-12-51	4						
p53-49	53		8	りっしんべん＋果	2-12-52	4						
p53-50	53		8	りっしんべん＋綴のつくり	2-12-53	4						
p53-51	53		8	りっしんべん＋昏	2-12-54	4						
p53-52	53		8	參			53C5				1	
p53-53	53		8	りっしんべん＋（戸の旧字＋犬）			60B7					
p53-54	53		8	りっしんべん＋幸			60BB					
p54-0	54		8	りっしんべん＋陷のつくり			60C2					
p54-1	54		8	叔／心			60C4					
p54-2	54		8	沾／心			60C9					
p54-3	54		8	りっしんべん＋京			60CA					
p54-4	54		8	基			60CE					
p54-5	54		8	りっしんべん＋林			60CF					
p54-6	54		8	りっしんべん＋欣			60DE					
p54-7	54		8	心／（心＋心）			60E2					
p54-8	54		8	諛のつくり／心			60E5					
p54-9	54		8	りっしんべん＋兒			2278C					
p54-10	54		8	りっしんべん＋兒			2278C					
p54-11	54		9					意	デザイン差	UCV62		1
p54-12	54		9	慌				慌	包摂適用	51		1
p54-13	54		9	慌				慌	統合適用	UCV350		1
p54-14	54		9	りっしんべん＋兪				愉	包摂適用	178		1
p54-15	54		9	兪／心				愈	包摂適用	178		1
p54-16	54		9	りっしんべん＋温のつくり				慍	包摂適用	147		1
p54-17	54		9	りっしんべん＋（旬／子）	1-84-55	3						
p54-18	54		9	りっしんべん＋（匚＜夾）	1-84-56	3						
p54-19	54		9	りっしんべん＋単	2-12-55	4						
p54-20	54		9	りっしんべん＋軍	2-12-56	4						
p54-21	54		9	りっしんべん＋喋のつくり	2-12-57	4						
p54-22	54		9	りっしんべん＋面	2-12-58	4						
p54-23	54		9	りっしんべん＋曷	2-12-59	4						
p54-24	54		9	りっしんべん＋昜	2-12-60	4						
p54-25	54		9	客／心	2-12-61	4						
p54-26	54		9	りっしんべん＋（而／大）	2-12-62	4						
p54-27	54		9	りっしんべん＋草	2-12-63	4						
p54-28	54		9	りっしんべん＋編のつくり			60FC					
p54-29	54		9	りっしんべん＋緡のつくり			60FD					
p54-30	54		9	勃／心			6102					
p54-31	54		9	りっしんべん＋韋			6107					
p54-32	54		9	りっしんべん＋福のつくり			610A					
p54-33	54		9	りっしんべん＋奐			610C					
p54-34	54		9	りっしんべん＋（甬／力）			6111					
p54-35	54		9	りっしんべん＋音			6114					
p54-36	54		9	りっしんべん＋甚			6116					
p54-37	54		9	鶩			6117					
p54-38	54		9	りっしんべん＋思			6122					
p54-39	54		10	りっしんべん＋素	1-84-57	3						
p54-40	54		10	りっしんべん＋晃	1-84-58	3						
p54-41	54		10	りっしんべん＋豈	1-84-59	3						
p54-42	54		10	隱のつくり	2-12-64	4						
p54-43	54		10	溷のつくり／心	2-12-65	4						
p54-44	54		10	りっしんべん＋稻のつくり	2-12-66	4						
p54-45	54		10	りっしんべん＋員			612A					
p54-46	54		10	りっしんべん＋疾			6131					
p54-47	54		10	りっしんべん＋嫋のつくり			6135					
p54-48	54		10	りっしんべん＋脅			6136					
p54-49	54		10	りっしんべん＋容			6139					
p54-50	54		10	りっしんべん＋蚤			6145					
p54-51	54		10	りっしんべん＋畜			6149					
p54-52	54		10	敖／心			397F					
p54-53	54		11					慧	包摂適用	54		1
p54-54	54		9					慨	包摂適用	122		1
p54-55	54		11					慨	包摂適用	153		1
p55-0	55		11	漑	1-84-60	3		慨	包摂適用			
p55-1	55		11	りっしんべん＋敖	2-12-67	4						
p55-2	55		11	戚／心	2-12-68	4						
p55-3	55		11	りっしんべん＋章			615E					
p55-4	55		11	りっしんべん＋槿のつくり			616C					
p55-5	55		11	りっしんべん＋滿のつくり			6172					
p55-6	55		11	帶／心			6178					
p55-7	55		11	りっしんべん＋劵			617B					
p55-8	55		11	憑			617F					
p55-9	55		11	りっしんべん＋膠のつくり			6180					
p55-10	55		11	りっしんべん＋總のつくり			6181					
p55-11	55		11	春／心			6183					
p55-12	55		11	（彳＋直）／心			6184					
p55-13	55		11	りっしんべん＋戚			617D					
p55-14	55		11	りっしんべん＋曹			6152					
p55-15	55		11	救／心			6166					
p55-16	55		11	殻／心			6164					
p55-17	55		12	殼／心			22871					
p55-18	55		12					懊	包摂適用	135		1
p55-19	55		12	りっしんべん＋鄰のへん				憐	包摂適用	120		1
p55-20	55		12	瞎のつくり				憲	包摂適用	3		1
p55-21	55		13	憲				憲	包摂適用	3		1
p55-22	55		12	りっしんべん＋曾	1-84-62	3		憎	包摂適用	101		
p55-23	55		12	りっしんべん＋喬	1-84-61	3						
p55-24	55		12	敬／心	1-84-63	3						
p55-25	55		12	窗／心	1-89-54	3					1	
p55-26	55		12	満／心	2-12-69	4						
p55-27	55		12	りっしんべん＋貴	2-12-70	4						
p55-28	55		12	りっしんべん＋惠	2-12-71	4						
p55-29	55		12	（來＋攵）／心	2-12-72	4						
p55-30	55		12	りっしんべん＋喜	2-12-73	4						
p55-31	55		12	勞／心	2-12-74	4						
p55-32	55		12	敢／心	2-12-75	4						
p55-33	55		12	りっしんべん＋僚のつくり	2-12-76	4						
p55-34	55		12	敝／心			618B					
p55-35	55		12	りっしんべん＋隋			619C					
p55-36	55		12	敦／心			619D					
p55-37	55		12	りっしんべん＋粟			619F					
p55-38	55		12	厥／心			61A0					
p55-39	55		12	りっしんべん＋燗のつくり			61AA					
p55-40	55		12	りっしんべん＋登			6195					
p55-41	55		12	りっしんべん＋濳のつくり			39A7					
p55-42	55		12	りっしんべん＋（簪−竹かんむり）			61AF					
p55-43	55		12	りっしんべん＋僭のつくり			2F8AE					
p55-44	55		12	りっしんべん＋發			2283A					
p55-45	55		12	りっしんべん＋僕のつくり								pdf
p55-46	55		13	りっしんべん＋農	1-84-64	3						
p55-47	55		13	椿／心	2-12-77	4						
p55-48	55		13	りっしんべん＋僉			61B8					
p55-49	55		13	りっしんべん＋會			61C0					
p55-50	55		13	りっしんべん＋鐶のつくり			61C1					
p55-51	55		13	りっしんべん＋董			61C2					
p55-52	55		13	りっしんべん＋嗇			61CE					
p55-53	55		13	りっしんべん＋雋			61CF					
p55-54	55		14	厭／心	2-12-78	4						
p55-55	55		14	りっしんべん＋疑	2-12-79	4						
p55-56	55		14	隋／恭	2-91-77	4					1	
p56-0	56		14	りっしんべん＋夢			61DC					
p56-1	56		14	りっしんべん＋蒙			61DE					
p56-2	56		14	りっしんべん＋麼			61E1					
p56-3	56		14	りっしんべん＋監			61E2					
p56-4	56		14	りっしんべん＋濘のつくり			61E7					
p56-5	56		14	りっしんべん＋厭			61E8					
p56-6	56		14	隱			61DA					
p56-7	56		14	對／心	2-12-80	4						
p56-8	56		15	懲	1-84-65	3		懲	包摂適用	131		
p56-9	56		15					懲	包摂適用	1		1
p56-10	56		15	りっしんべん＋頼				懶	包摂適用	151		1
p56-11	56		15	りっしんべん＋夢	2-12-81	4						
p56-12	56		15	りっしんべん＋（癢−やまいだれ）			61E9					
p56-13	56		15	りっしんべん＋嚏のつくり			61E5					
p56-14	56		15	廣／心			61EC					
p56-15	56		15	りっしんべん＋廣			61ED					
p56-16	56		15	（甫／方＋攵）／心			61EF					
p56-17	56		16	壹＋（欠／心）			39A4					
p56-18	56		16	りっしんべん＋龍			22931					
p56-19	56		19	韻／心			2296B					
p56-20	56		20	（攤−てへん）／心			6201					
p56-21	56		20	りっしんべん＋黨			6203					
p56-22	56		20	りっしんべん＋矍			6204					
p56-23	56		24	（章＋夂／貢）／心			6207					
p56-24	56	戈	2	栽−木	2-12-82	4						
p56-25	56	戈	2	戈＋りっとう	2-3-22	4					1	
p56-26	56	戈	3					成	包摂適用	113		1
p56-27	56	戈	3	戒			6213					
p56-28	56	戈	4	爿＋戈	2-12-83	4						
p56-29	56	戈	4	特のへん＋戈			726B				1	
p56-30	56	戈	4	木＋戈			233FE				1	
p56-31	56	戈	6	耳＋戈			8040				1	
p56-32	56	戈	7	或	1-84-30	3					1	
p56-33	56	戈	7	戒			621C					
p56-34	56	戈	8	楫のつくり＋戈	1-84-66	3						
p56-35	56	戈	8	卓＋戈			39B8					
p56-36	56	戈	9	癸＋戈	2-12-84	4						
p56-37	56	戈	9	音＋戈			6220					
p56-38	56	戈	10	晉＋戈	2-12-85	4						
p56-39	56	戈	10	倉＋戈			6227					
p56-40	56	戈	10	有＋或			622B					
p56-41	56	戈	12	墟のつくり＋戈				戯	包摂適用	166		1
p56-42	56	戈	13	楫＋戈	1-86-21	3					1	
p56-43	56	戈	13	孅のつくり	2-92-17	4					1	
p56-44	56	戸	0	戸の旧字				戸	包摂適用	5		1
p56-45	56	戸	1	戸の旧字＋乙			6239					
p56-46	56	戸	3					芦	包摂適用	5	1	1
p56-47	56	戸	3	さんずい＋戸の旧字				※［＃「さんずい＋戸」、第3水準1-86-51］	包摂適用		1	1
p57-0	57		3	さんずい＋戸	1-86-51	3					1	
p57-1	57		3	戸の旧字＋口			542F				1	
p57-2	57		3	戸の旧字＋巾			5E0D				1	
p57-3	57		3	女＋戸の旧字	1-15-76	3					1	
p57-4	57		4	肩				肩	包摂適用	5		1
p57-5	57		4	所				所	包摂適用	5		1
p57-6	57		4	房				房	包摂適用	5		1
p57-7	57		4	戸の旧字＋犬	1-84-67	3		戻	包摂適用	124		
p57-8	57		4	戸＋犬				戻	包摂適用	124		1
p57-9	57		4	枦				枦	包摂適用	5	1	1
p57-10	57		4	戸の旧字＋斗			623D					
p57-11	57		5	戸の旧字＋炯のつくり	1-84-68	3						
p57-12	57		5	戸の旧字＋占			6242					
p57-13	57		6	戸の旧字＋栩のつくり				扇	包摂適用	18		1
p57-14	57		6	戸の旧字＋衣	2-12-86	4						
p57-15	57		6	戸の旧字＋向			6244					
p57-16	57		6	戸の旧字＋聿			8081				1	
p57-17	57		7	扈				扈	包摂適用	5		1
p57-18	57		8	雇				雇	包摂適用	5		1
p57-19	57		8	扉				扉	包摂適用	5		1
p57-20	57	手扌	0	てへん	2-12-87	4						
p57-21	57	手扌	2	てへん＋入	1-84-69	3						
p57-22	57	手扌	2	てへん＋卜	2-12-88	4						
p57-23	57	手扌	2	てへん＋八	2-12-89	4						
p57-24	57	手扌	2	手＋力			52A7				1	
p57-25	57	手扌	2	てへん＋力			6250					
p57-26	57	手扌	2	てへん＋乃			6254					
p57-27	57	手扌	3					扨	デザイン差	UCV235		1
p57-28	57	手扌	3	てへん＋（勹＜一）	1-84-70	3						
p57-29	57	手扌	3	てへん＋也	2-12-90	4						
p57-30	57	手扌	3	てへん＋兀	2-12-91	4						
p57-31	57	手扌	3	てへん＋欠	2-12-92	4						
p57-32	57	手扌	3	てへん＋于			625C					
p57-33	57	手扌	4	てへん＋（岌−山）				扱	包摂適用	114		1
p57-34	57	手扌	4	てへん＋止	1-84-71	3						
p57-35	57	手扌	4	てへん＋勾	1-84-72	3						
p57-36	57	手扌	4	てへん＋丑	2-12-93	4						
p57-37	57	手扌	4	てへん＋反	2-12-94	4						
p57-38	57	手扌	4	てへん＋手	2-13-1	4						
p57-39	57	手扌	4	てへん＋氏			627A					
p57-40	57	手扌	4	てへん＋屯			627D					
p57-41	57	手扌	4	てへん＋升			628D					
p57-42	57	手扌	4	てへん＋云			628E					
p57-43	57	手扌	4	てへん＋元			628F					
p57-44	57	手扌	4	てへん＋吶のつくり			6290					
p57-45	57	手扌	4	てへん＋介			6274					
p57-46	57	手扌	4	てへん＋日			6287					
p57-47	57	手扌	5	拐				拐	包摂適用	60		1
p57-48	57	手扌	5					拒	包摂適用	50		1
p57-49	57	手扌	5	てへん＋鉋のつくり				抱	包摂適用	70		1
p57-50	57	手扌	5	てへん＋半				拌	包摂適用	12		1
p57-51	57	手扌	5					抛	包摂適用	65		1
p58-0	58		5	てへん＋（麈−鹿）	1-84-73	3						
p58-1	58		5	てへん＋施のつくり	1-84-74	3						
p58-2	58		5	てへん＋丙	2-13-2	4						
p58-3	58		5	てへん＋它	2-13-3	4						
p58-4	58		5	怨	2-13-4	4						
p58-5	58		5	てへん＋怦のつくり			62A8					
p58-6	58		5	てへん＋尼			62B3					
p58-7	58		5	てへん＋失			62B6					
p58-8	58		5	てへん＋丕			62B7					
p58-9	58		5	てへん＋未			62BA					
p58-10	58		5	てへん＋去			62BE					
p58-11	58		5	てへん＋民			62BF					
p58-12	58		5	てへん＋令			62CE					
p58-13	58		5	てへん＋弁			62DA					
p58-14	58		5	抜			39DE					
p58-15	58		6	劵				拳	包摂適用	14		1
p58-16	58		6	てへん＋并	1-84-75	3						
p58-17	58		6	てへん＋裃のつくり	1-84-76	3						
p58-18	58		6	てへん＋劣	1-84-77	3						
p58-19	58		6	てへん＋曳	2-13-5	4						
p58-20	58		6	てへん＋至	2-13-6	4						
p58-21	58		6	てへん＋皎のつくり	2-13-7	4						
p58-22	58		6	如／手	2-13-8	4						
p58-23	58		6	てへん＋西			62EA					
p58-24	58		6	共／手			62F2					
p58-25	58		6	てへん＋銓のつくり			62F4					
p58-26	58		6	てへん＋光			6304					
p58-27	58		6	てへん＋臣			630B					
p58-28	58		6	てへん＋宅			6313					
p58-29	58		6	てへん＋（穴かんむり／乙）			6316					
p58-30	58		6	てへん＋夸			630E					
p58-31	58		6	抛								pdf
p58-32	58		6	列／手								pdf
p58-33	58		7					挺	デザイン差	UCV235		1
p58-34	58		7	てへん＋陟のつくり				捗	包摂適用	136		1
p58-35	58		7	てへん＋俛のつくり				挽	包摂適用	102		1
p58-36	58		7	てへん＋邑	1-84-78	3						
p58-37	58		7	てへん＋君	1-84-79	3						
p58-38	58		7	てへん＋寿	2-13-9	4						
p58-39	58		7	てへん＋労	2-13-10	4						
p58-40	58		7	沙／手	2-13-11	4						
p58-41	58		7	てへん＋弄	2-13-12	4						
p58-42	58		7	蜒	2-13-13	4						
p58-43	58		7	てへん＋綏のつくり	2-13-14	4						
p58-44	58		7	てへん＋晧のつくり	2-13-15	4						
p58-45	58		7	てへん＋求	2-13-16	4						
p58-46	58		7	てへん＋悄のつくり	2-13-17	4						
p58-47	58		7	てへん＋秀	2-13-18	4						
p58-48	58		7	てへん＋車	2-13-19	4						
p58-49	58		7	てへん＋兌			6329					
p58-50	58		7	てへん＋那			632A					
p58-51	58		7	てへん＋哽のつくり			632D					
p58-52	58		7	てへん＋局			6336					
p58-53	58		7	てへん＋吾			6342					
p58-54	58		7	てへん＋困			6346					
p59-0	59		7	てへん＋孚			634A					
p59-1	59		7	てへん＋埒のつくり			634B					
p59-2	59		7	てへん＋束			6352					
p59-3	59		7	てへん＋邪			6353					
p59-4	59		7	てへん＋角			6354					
p59-5	59		7	てへん＋俊のつくり			6358					
p59-6	59		7	てへん＋呂			635B					
p59-7	59		7	てへん＋弃								1
p59-8	59		8	てへん＋卷				捲	包摂適用	67		1
p59-9	59		8					控	包摂適用	26		1
p59-10	59		8	てへん＋綵のつくり				採	包摂適用	21		1
p59-11	59		8					授	包摂適用	21		1
p59-12	59		8	てへん＋舍				捨	包摂適用	49		1
p59-13	59		8	てへん＋帚				掃	包摂適用	54		1
p59-14	59		8	てへん＋非				排	デザイン差			1
p59-15	59		8	てへん＋（戸の旧字＋犬）				捩	包摂適用	5		1
p59-16	59		8	てへん＋宛	1-84-80	3						
p59-17	59		8	てへん＋委	1-84-81	3						
p59-18	59		8	てへん＋茂	2-13-20	4						
p59-19	59		8	てへん＋険のつくり	2-13-21	4						
p59-20	59		8	てへん＋府	2-13-22	4						
p59-21	59		8	てへん＋侖	2-13-23	4						
p59-22	59		8	てへん＋爭	2-13-24	4						
p59-23	59		8	てへん＋毟	2-78-12	4					1	
p59-24	59		8	てへん＋金			6366					
p59-25	59		8	てへん＋婢のつくり			636D					
p59-26	59		8	てへん＋涯のつくり			6371					
p59-27	59		8	てへん＋（蚣のつくり／心）			6374					
p59-28	59		8	てへん＋典			6375					
p59-29	59		8	てへん＋隶			6378					
p59-30	59		8	てへん＋卒			637D					
p59-31	59		8	てへん＋妻			637F					
p59-32	59		8	てへん＋店			6382					
p59-33	59		8	てへん＋綴のつくり			6387					
p59-34	59		8	てへん＋倍のつくり			638A					
p59-35	59		8	てへん＋陷のつくり			6390					
p59-36	59		8	てへん＋陵のつくり			6395					
p59-37	59		8	てへん＋兩			639A					
p59-38	59		8	てへん＋炎			639E					
p59-39	59		8	てへん＋（萠−くさかんむり）			63A4					
p59-40	59		8	てへん＋易			63A6					
p59-41	59		8	てへん＋忝			63AD					
p59-42	59		8	てへん＋肩			63AE					
p59-43	59		8	てへん＋肯			63AF					
p59-44	59		8	てへん＋長			6381					
p59-45	59		8	按								1
p59-46	59		9	てへん＋爰				援	包摂適用	21		1
p59-47	59		9	てへん＋（剪−刀）				揃	包摂適用	36		1
p59-48	59		9	てへん＋曷	1-84-83	3		掲150	包摂適用			
p59-49	59		9	てへん＋臼／工				捏	包摂適用			1
p59-50	59		9					揆	包摂適用	6		1
p59-51	59		9	てへん＋帝	1-84-82	3						
p59-52	59		9	てへん＋廴＋聿	1-84-84	3						
p59-53	59		9	てへん＋（嵜−山）	2-13-25	4						
p59-54	59		9	賢	2-13-26	4						
p59-55	59		9	てへん＋（朔のへん−屮）／（墟のつくり−虍）	2-13-27	4						
p59-56	59		9	插	2-13-28	4						
p60-0	60		9	てへん＋怱	2-13-29	4						
p60-1	60		9	てへん＋甚	2-13-30	4						
p60-2	60		9	てへん＋（合／廾）	2-13-31	4						
p60-3	60		9	てへん＋偃のつくり	2-13-32	4						
p60-4	60		9	秋／手	2-13-33	4						
p60-5	60		9	てへん＋突	2-13-34	4						
p60-6	60		9	てへん＋喋のつくり	2-13-35	4						
p60-7	60		9	てへん＋貞			63C1					
p60-8	60		9	研／手			63C5					
p60-9	60		9	てへん＋鞫のつくり			63C8					
p60-10	60		9	てへん＋宣			63CE					
p60-11	60		9	てへん＋施			63D3					
p60-12	60		9	てへん＋秋			63EA					
p60-13	60		9	てへん＋禊のつくり			63F3					
p60-14	60		9	てへん＋査			63F8					
p60-15	60		9	てへん＋背			63F9					
p60-16	60		9	てへん＋発								1
p60-17	60		10	搆				搆	包摂適用	47		1
p60-18	60		10	てへん＋蚤	1-84-86	3		掻	78互換包摂			
p60-19	60		10					捜	包摂適用	92		1
p60-20	60		10					搨	包摂適用	68		1
p60-21	60		10	てへん＋畜	1-84-85	3						
p60-22	60		10	てへん＋晉	1-84-87	3						
p60-23	60		10	暮	1-84-88	3						
p60-24	60		10	てへん＋確のつくり	2-13-36	4						
p60-25	60		10	てへん＋高	2-13-37	4						
p60-26	60		10	てへん＋二点しんにょうの追	2-13-38	4						
p60-27	60		10	てへん＋桀	2-13-39	4						
p60-28	60		10	てへん＋稻のつくり	2-13-40	4						
p60-29	60		10	てへん＋芻			640A					
p60-30	60		10	てへん＋旁			6412					
p60-31	60		10	てへん＋耆			6418					
p60-32	60		10	てへん＋朔			6420					
p60-33	60		10	てへん＋縊のつくり			6424					
p60-34	60		10	てへん＋溏のつくり			642A					
p60-35	60		10	てへん＋骨			6430					
p60-36	60		10	てへん＋慍のつくり			6435					
p60-37	60		10	てへん＋茶			643D					
p60-38	60		10	拜のへん＋合＋手			643F					
p60-39	60		10	てへん＋留			3A28					
p60-40	60		10	てへん＋（戸の旧字＋栩のつくり）			6427					
p60-41	60		10	てへん＋（戸の旧字＋羽）			6427					
p60-42	60		11	てへん＋褶のつくり				摺	包摂適用	18		1
p60-43	60		11	麾				摩	包摂適用	30		1
p60-44	60		11	てへん＋國	1-84-89	3		掴	78互換包摂			
p60-45	60		11	てへん＋總のつくり	1-84-90	3						
p60-46	60		11	てへん＋庶	1-84-91	3						
p60-47	60		11	てへん＋堂	2-13-41	4						
p60-48	60		11	てへん＋璃のつくり	2-13-42	4						
p60-49	60		11	てへん＋鹿	2-13-43	4						
p60-50	60		11	てへん＋區	2-13-44	4						
p60-51	60		11	てへん＋票	2-13-45	4						
p60-52	60		11	てへん＋殺			644B					
p60-53	60		11	てへん＋舂			644F					
p60-54	60		11	てへん＋（尸＋餠のつくり）			6452					
p61-0	61		11	てへん＋二点しんにょうの逢			6453					
p61-1	61		11	てへん＋蟀のつくり			6454					
p61-2	61		11	てへん＋貫			645C					
p61-3	61		11	てへん＋婁			645F					
p61-4	61		11	てへん＋（廐−广）			6461					
p61-5	61		11	てへん＋虎			6463					
p61-6	61		11	てへん＋樗のつくり			6474					
p61-7	61		11	てへん＋參			647B					
p61-8	61		11	てへん＋牽			6481					
p61-9	61		11	斬／手			3A3B					
p61-10	61		11	てへん＋澑のつくり			3A45					
p61-11	61		11	てへん＋執			22D07					
p61-12	61		11	てへん＋造								1
p61-13	61		12	てへん＋饌のつくり				撰	包摂適用	70		1
p61-14	61		12	敬／手	1-84-92	3						
p61-15	61		12	てへん＋敝	2-13-46	4						
p61-16	61		12	てへん＋掌	2-13-47	4						
p61-17	61		12	てへん＋爲	2-13-48	4						
p61-18	61		12	てへん＋喬	2-13-49	4						
p61-19	61		12	てへん＋厥			6485					
p61-20	61		12	てへん＋潯のつくり			648F					
p61-21	61		12	てへん＋掌			6490					
p61-22	61		12	てへん＋答			6498					
p61-23	61		12	てへん＋墫のつくり			6499					
p61-24	61		12	てへん＋隣のつくり			649B					
p61-25	61		12	てへん＋參			64A1					
p61-26	61		12	てへん＋單			64A3					
p61-27	61		12	てへん＋奢			64A6					
p61-28	61		12	てへん＋焦			64A8					
p61-29	61		12	てへん＋橇のつくり			64AC					
p61-30	61		12	てへん＋欽			64B3					
p61-31	61		13	（車／凵＋殳）／手	1-85-2	3		撃	包摂適用			
p61-32	61		13	てへん＋二点しんにょうの過	1-84-93	3						
p61-33	61		13	てへん＋僉	1-84-94	3						
p61-34	61		13	てへん＋虜	1-85-1	3						
p61-35	61		13	てへん＋鐶のつくり	1-85-3	3						
p61-36	61		13	てへん＋當	2-13-50	4						
p61-37	61		13	てへん＋筴	2-13-51	4						
p61-38	61		13	てへん＋雋	2-13-52	4						
p61-39	61		13	てへん＋辟	2-13-53	4						
p61-40	61		13	檄			64BD					
p61-41	61		13	てへん＋蜀			64C9					
p61-42	61		13	楫＋戈			64D1					
p61-43	61		14	てへん＋櫂のつくり				擢	包摂適用	19		1
p61-44	61		14	てへん＋（丙＋丙）／木	2-13-54	4						
p61-45	61		14	てへん＋鼾のへん	2-13-55	4						
p61-46	61		14	覽	2-13-56	4						
p61-47	61		14	てへん＋需			64E9					
p61-48	61		14	壓			64EA					
p61-49	61		14	てへん＋護のつくり			64ED					
p61-50	61		14	てへん＋濘のつくり			64F0					
p61-51	61		14	てへん＋監			3A5C					
p61-52	61		14	てへん＋厭			64EB					
p61-53	61		15	てへん＋頡	1-85-4	3						
p61-54	61		15	てへん＋數	1-85-5	3						
p61-55	61		15	てへん＋二点しんにょうの適	2-13-57	4						
p61-56	61		15	てへん＋慮	2-13-58	4						
p62-0	62		15	てへん＋麾			64F5					
p62-1	62		15	てへん＋（癢−やまいだれ）			6501					
p62-2	62		15	てへん＋（山／雋）			22E42					
p62-3	62		16	てへん＋塵			6508					
p62-4	62		16	てへん＋霍			6509					
p62-5	62		16	てへん＋櫪のつくり			650A					
p62-6	62		17	てへん＋擧	2-13-59	4						
p62-7	62		17	てへん＋龍	2-13-60	4						
p62-8	62		17	てへん＋闌	2-13-61	4						
p62-9	62		17	てへん＋嬰	2-13-62	4						
p62-10	62		17	てへん＋蹇			6513					
p62-11	62		18	てへん＋雙	2-13-63	4						
p62-12	62		18	てへん＋纔のつくり			6519					
p62-13	62		18	てへん＋（穴かんむり／鼠）			651B					
p62-14	62		19	てへん＋贊	1-85-6	3		攅	78互換包摂			
p62-15	62		19	てへん＋羅	2-13-64	4						
p62-16	62		19	てへん＋麕			651F					
p62-17	62		19	てへん＋麗			6526					
p62-18	62		20	てへん＋黨	1-85-7	3						
p62-19	62		21	てへん＋籔								1
p62-20	62		22	てへん＋嚢			652E					
p62-21	62	支	3	口＋支			5431				1	
p62-22	62	支	3	广＋支			5E8B				1	
p62-23	62	支	3	くさかんむり／支			82B0				1	
p62-24	62	支	4	此のへん＋支	1-86-36	3					1	
p62-25	62	支	5	立＋支			6531					
p62-26	62	支	8	奇＋支	2-13-65	4						
p62-27	62	支	8	金＋支			9218				1	
p62-28	62	支	9	支＋頁	2-92-19	4					1	
p62-29	62	支	11	支＋鳥			9CF7				1	
p62-30	62	攴攵	3	巳＋攵			653A					
p62-31	62	攴攵	3	干＋攵			653C					
p62-32	62	攴攵	3	弓＋攴			38AD					
p62-33	62	攴攵	4	攵／木				条	包摂適用	106	1	1
p62-34	62	攴攵	4	王＋攵	1-87-88	3					1	
p62-35	62	攴攵	4	扮のつくり＋攵			653D					
p62-36	62	攴攵	5	鶩−鳥	2-13-66	4						
p62-37	62	攴攵	5	民＋攵			6543					
p62-38	62	攴攵	5	丙／攴			3A85					
p62-39	62	攴攵	5	白＋攵			6540					
p62-40	62	攴攵	6	朿＋攵			6547					
p62-41	62	攴攵	6	米＋攵			6549					
p62-42	62	攴攵	6	肴＋攵								1
p62-43	62	攴攵	7	希＋攵				教	包摂適用	8		1
p62-44	62	攴攵	7	誨のつくり＋攵	1-85-8	3		敏	包摂適用	98		
p62-45	62	攴攵	7	吾＋攵	2-13-67	4						
p62-46	62	攴攵	7	辰＋攵			6550					
p62-47	62	攴攵	7	伸＋攵			6552					
p62-48	62	攴攵	8	奇＋攴	1-85-9	3						
p62-49	62	攴攵	8	典＋攵			655F					
p63-0	63		8	綴のつくり＋攴			6560					
p63-1	63		9	條	1-90-31	3					1	
p63-2	63		9	檄−木	2-13-68	4						
p63-3	63		9	（（危−厄）／（帚−冖−巾）＋攵）／れんが	2-79-86	4					1	
p63-4	63		11	（甫／方）＋攵				敷	包摂適用	40		1
p63-5	63		11	釐	1-87-72	3					1	
p63-6	63		11	區＋攴	2-13-69	4						
p63-7	63		12	喬＋攴			657D					
p63-8	63		12	整			22FEB					
p63-9	63		13	澤のつくり＋攵	2-13-70	4						
p63-10	63		13	（幸＋攵）／皿			76E9				1	
p63-11	63		14	（貝／貝）＋攵			8D01				1	
p63-12	63		15	釐	2-13-71	4						
p63-13	63		16	學＋攴	2-13-72	4						
p63-14	63		18	鼓／婢のつくり	2-94-67	4					1	
p63-15	63	文	0	吝−口				文	デザイン差	UCV235		1
p63-16	63	文	2	対のへん＋りっとう			5218				1	
p63-17	63	文	3	さんずい＋（吝−口）	1-86-53	3					1	
p63-18	63	文	3	（「吝−口	2-12-19	4					1	
p63-19	63	文	3	くさかんむり／（吝−口）			82A0				1	
p63-20	63	文	3	土へん＋文			575F				1	
p63-21	63	文	4	斉				斉	デザイン差	UCV235		1
p63-22	63	文	4	（吝−口）／心	1-84-39	3					1	
p63-23	63	文	4	火＋（吝−口）	2-79-61	4					1	
p63-24	63	文	6	虫＋（吝−口）				蚊	デザイン差	UCV235	1	1
p63-25	63	文	6	（吝−口）／虫	2-87-31	4					1	
p63-26	63	文	6	（吝−口）／耳	2-13-73	4						
p63-27	63	文	7	斎				斎	デザイン差	UCV235		1
p63-28	63	文	8	非／（吝−口）				斐	デザイン差	UCV235		1
p63-29	63	文	8	雨かんむり／（吝−口）	1-93-69	3					1	
p63-30	63	文	9	対のへん＋編のつくり			6592					
p63-31	63	文	10	（対のへん＋隹）／又			FA0E					
p63-32	63	文	19	対のへん＋闌			6595					
p63-33	63	斗	3	口＋斗			544C				1	
p63-34	63	斗	3	夕＋斗			6598					
p63-35	63	斗	4	戸の旧字＋斗			623D				1	
p63-36	63	斗	6	糸＋斗			7D0F				1	
p63-37	63	斗	7					斜	包摂適用	79		1
p63-38	63	斗	7	酉＋斗	2-90-33	4					1	
p63-39	63	斗	7	走にょう＋斗			FA23				1	
p63-40	63	斗	8	（口＋口）／冖／斗	1-85-10	3						
p63-41	63	斗	8	金＋斗			9204				1	
p63-42	63	斗	10	冓＋斗			65A0					
p63-43	63	斗	10	鬥＜斗			9B26				1	
p63-44	63	斗	13	蜀＋斗			65A3					
p63-45	63	斤	2	斤＋力	2-3-34	4					1	
p64-0	64		2	にんべん＋斤			4F12				1	
p64-1	64		4	二点しんにょうの近							1	1
p64-2	64		4	所							1	1
p64-3	64		4	父／斤							1	1
p64-4	64		4	日＋斤	1-85-14	3					1	
p64-5	64		4	斤＋斤			65A6					
p64-6	64		4	歹＋斤			6B7D				1	
p64-7	64		4	火＋斤			7098				1	
p64-8	64		6	虫＋斤			869A				1	
p64-9	64		8	昔＋斤			65AE					
p64-10	64		9	斤＋頁	2-92-20	4					1	
p64-11	64		10	（卯／亞の下半分）＋斤	2-13-74	4						
p64-12	64		11	槿のつくり＋斤			65B3					
p64-13	64		13		2-13-75	4						
p64-14	64		13	隣のつくり＋斤			65B4					
p64-15	64		21	屬＋斤	2-13-76	4						
p64-16	64	方	3	方＋おおざと	2-90-6	4					1	
p64-17	64	方	3	さんずい＋方			6C78				1	
p64-18	64	方	4	於				於	包摂適用	25		1
p64-19	64	方	4	房				房	包摂適用	5	1	1
p64-20	64	方	4	二／（勹＜方）			3AC4					
p64-21	64	方	5	蝣−虫	2-13-77	4						
p64-22	64	方	5	目＋方			7706				1	
p64-23	64	方	5	族			65BE					
p64-24	64	方	6					旅	包摂適用	163		1
p64-25	64	方	6	族	2-13-78	4						
p64-26	64	方	7	甫／方	2-13-79	4						
p64-27	64	方	7	方＋流のつくり			65C8					
p64-28	64	方	7	族			65CE					
p64-29	64	方	7	族			3ACB					
p64-30	64	方	8	族			65D0					
p64-31	64	方	8	雨かんむり／方			96F1				1	
p64-32	64	方	9	方＋廴＋聿	2-13-80	4						
p64-33	64	方	9	曼			3B05				1	
p64-34	64	方	10	族			65D6					
p64-35	64	方	11	方＋鳥	2-94-3	4					1	
p64-36	64	方	11	邊−二点しんにょう			81F1				1	
p64-37	64	方	12	識			65D8					
p64-38	64	方	15	族			65DF					
p64-39	64	无旡	0	既のつくり				旡	包摂適用	121		1
p64-40	64	无旡	1	（僭のつくり−日）の右側			5142				1	
p64-41	64	无旡	4	既のつくり／れんが	2-79-60	4					1	
p64-42	64	无旡	6	僭のつくり−日			5153				1	
p64-43	64	无旡	7	漑−さんずい	1-85-11	3		既	包摂適用	153		
p64-44	64	无旡	7	皀＋旡				既	包摂適用	153		1
p64-45	64	无旡	17	さんずい＋僭のつくり	1-87-31	3					1	
p65-0	65		3	哽のつくり				更	デザイン差	UCV235		1
p65-1	65		3	日／女	2-5-43	4					1	
p65-2	65		3	上／日	2-13-81	4						
p65-3	65		3	日／大	2-13-82	4						
p65-4	65		3	日／子	2-14-22	4						
p65-5	65		3	日＋干			65F0					
p65-6	65		3	日＋于			65F4					
p65-7	65		3	日／山			65F5					
p65-8	65		4					明	包摂適用	36		1
p65-9	65		4	日＋（勹＜二）	1-85-12	3						
p65-10	65		4	日＋方	1-85-13	3						
p65-11	65		4	日＋斤	1-85-14	3						
p65-12	65		4	日／火	1-87-37	3					1	
p65-13	65		4	得のつくり	2-8-12	4					1	
p65-14	65		4	艸のつくり／一／日	2-13-83	4						
p65-15	65		4	日＋（吝−口）	2-13-84	4						
p65-16	65		4	日＋反	2-13-85	4						
p65-17	65		4	日＋戸の旧字	2-13-86	4						
p65-18	65		4	屯／日			65FE					
p65-19	65		4	日＋午			65FF					
p65-20	65		4	日＋日			660D					
p65-21	65		4	日＋今			6611					
p65-22	65		4	日＋勿			6612					
p65-23	65		4	日＋蚣のつくり			6616					
p65-24	65		5	日／（功のへん＋卩）				昂	包摂適用	9		1
p65-25	65		5	日＋炳のつくり	1-85-15	3						
p65-26	65		5	日／丙	1-85-16	3						
p65-27	65		5	日＋出	1-85-17	3						
p65-28	65		5	日＋令	1-85-18	3						
p65-29	65		5	日＋句	1-85-19	3						
p65-30	65		5	日／正	1-85-20	3						
p65-31	65		5	日／立	1-85-21	3						
p65-32	65		5	日＋失	1-85-22	3						
p65-33	65		5	日＋玄	2-13-87	4						
p65-34	65		5	日／弁	2-13-88	4						
p65-35	65		5	日＋生	2-81-17	4						
p65-36	65		5	咎			661D					
p65-37	65		5	日＋珍のつくり			6623					
p65-38	65		5	日／介			6626					
p65-39	65		5	日＋末			6629					
p65-40	65		5	緡のつくり			662C					
p65-41	65		5	日／功			662E					
p65-42	65		5	日＋永			6639					
p65-43	65		5	温のつくり			6637					
p65-44	65		6	書				書	包摂適用	68		1
p65-45	65		6	隣のつくり	1-85-23	3						
p65-46	65		6	日＋皎のつくり	1-85-24	3						
p65-47	65		6	日＋向	1-85-25	3						
p65-48	65		6	恵	1-85-44	3						
p65-49	65		6	日＋亘	2-13-89	4						
p65-50	65		6	日／向	2-13-90	4						
p65-51	65		6	日＋共	2-13-91	4						
p65-52	65		6	春	2-13-92	4						
p65-53	65		6	日＋兆			6640					
p66-0	66		6	日＋圭			6646					
p66-1	66		6	日＋至			664A					
p66-2	66		7	日＋誨のつくり				晦	包摂適用	98		1
p66-3	66		7	日＋俛のつくり	1-85-28	3		晩	包摂適用	102		
p66-4	66		7	日＋俛のつくり				晩	包摂適用	81		1
p66-5	66		7	晟				晟	包摂適用	68		1
p66-6	66		7	晟				晟	包摂適用	68		1
p66-7	66		7	曼				曼	包摂適用	68		1
p66-8	66		7	日／折	1-85-26	3						
p66-9	66		7	日＋俊のつくり	1-85-27	3						
p66-10	66		7	日＋甫	1-85-29	3						
p66-11	66		7	日＋完	1-85-30	3						
p66-12	66		7	券	2-13-93	4						
p66-13	66		7	日＋含	2-13-94	4						
p66-14	66		7	日＋見	2-14-1	4						
p66-15	66		7	日＋折	2-14-2	4						
p66-16	66		7	日＋旱			6658					
p66-17	66		7	日／弟			665C					
p66-18	66		7	日＋成			6660					
p66-19	66		7	辰／日			3AF3					
p66-20	66		8	日／俛のつくり				冕	包摂適用	68		1
p66-21	66		8	（瑁のつくり−目）／免				冕	包摂適用	102		1
p66-22	66		8	日／免				冕	包摂適用	68		pdf
p66-23	66		8	最				最	包摂適用	68		1
p66-24	66		8	日＋睛のつくり				晴	包摂適用	146		1
p66-25	66		8	析／日	1-85-31	3						
p66-26	66		8	日／咎	1-85-32	3						
p66-27	66		8	日／咎				※［＃「日／咎」、第3水準1-85-32］	包摂適用			1
p66-28	66		8	日／政	1-85-33	3						
p66-29	66		8	日／明	2-14-3	4						
p66-30	66		8	勉	2-14-4	4						
p66-31	66		8	日＋典	2-14-5	4						
p66-32	66		8	日＋卓	2-14-6	4						
p66-33	66		8	日＋卒	2-14-7	4						
p66-34	66		8	日＋蜩のつくり	2-14-8	4						
p66-35	66		8	日＋奄	2-14-9	4						
p66-36	66		8	日＋往	2-14-10	4						
p66-37	66		8	僭のつくり	2-14-23	4						
p66-38	66		8	日＋京			667E					
p66-39	66		8	（戸の旧字＋攵）／日			6675					
p66-40	66		8	日＋昌			667F					
p66-41	66		8	日＋易			6679					
p66-42	66		8	日＋宛			667C					
p66-43	66		8	金＋日			9224				1	
p66-44	66		8	日＋享			3B00					
p66-45	66		9					暗	デザイン差	UCV62		1
p66-46	66		9	日＋爰				暖	包摂適用	21		1
p66-47	66		9	（朔のへん−屮）／（墟のつくり−虍）／日				普	包摂適用	190		1
p66-48	66		9	暑	1-85-35	3		暑	包摂適用	125		
p66-49	66		9	日＋曷	1-85-34	3						
p66-50	66		9	日＋韋	2-14-11	4						
p66-51	66		9	日＋星	2-14-12	4						
p66-52	66		9	日＋春	2-14-13	4						
p66-53	66		9	（民＋攵）／日			668B					
p67-0	67		9	日＋癸			668C					
p67-1	67		9	曼			3B05					
p67-2	67		10	日／高	1-85-36	3						
p67-3	67		10	濕のつくり	2-14-14	4						
p67-4	67		10	去＋曷	2-14-24	4						
p67-5	67		10	日＋搖のつくり			669A					
p67-6	67		10	日＋差			669B					
p67-7	67		10	竝／日			669C					
p67-8	67		10	日＋豈			669F					
p67-9	67		10	日＋皋			66A4					
p67-10	67		11	日＋章	1-85-37	3						
p67-11	67		11	日＋皐	2-14-15	4						
p67-12	67		11	日＋匿	2-14-16	4						
p67-13	67		11	日＋艱のへん	2-14-17	4						
p67-14	67		11	日＋彗			66B3					
p67-15	67		12	（漑−さんずい）／旦				曁	包摂適用	153		1
p67-16	67		12	櫪のつくり	1-85-39	3		暦	包摂適用			
p67-17	67		12	日＋景	1-85-38	3						
p67-18	67		12	日＋童	1-85-40	3						
p67-19	67		12	轍	2-14-18	4						
p67-20	67		12	日＋喜	2-14-19	4						
p67-21	67		12	（到のへん＋至）／日	2-14-20	4						
p67-22	67		12	日＋壹			66C0					
p67-23	67		12	日＋（廣−广）			66C2					
p67-24	67		12	日＋二点しんにょうの逮			66C3					
p67-25	67		12	明／穴かんむり／工			66CC					
p67-26	67		12	日＋敬			66D4					
p67-27	67		13	日＋義	1-85-41	3						
p67-28	67		13	日＋澤のつくり			66CE					
p67-29	67		13	日／郷			66CF					
p67-30	67		14	曙				曙	包摂適用	125		1
p67-31	67		14	日＋櫂のつくり				曜	包摂適用	19		1
p67-32	67		14	日＋熏	1-85-42	3						
p67-33	67		14	鼈	2-94-63	4					1	
p67-34	67		15	晶／辰			66DF					
p67-35	67		16	日＋龍	1-85-43	3						
p67-36	67		17	會＋婢のつくり			6707					
p67-37	67		19	日＋麗	2-14-21	4						
p67-38	67		19	戀			66EB					
p67-39	67		20	日＋嚴			66EE					
p67-40	67	月	0					月	包摂適用	36		1
p67-41	67	月	0	肉				肉	包摂適用	80		1
p67-42	67	月	2					有	包摂適用	36		1
p67-43	67	月	2	月＋りっとう	2-3-23	4					1	
p67-44	67	月	2	冖／月			808E					
p67-45	67	月	3	悄のつくり				肖	包摂適用	16		1
p67-46	67	月	3	絹のつくり	2-85-16	4						
p67-47	67	月	3	月＋彡	2-85-17	4						
p67-48	67	月	3	月＋（扠のつくり−一）			809E					
p67-49	67	月	3	月＋扠のつくり								1
p67-50	67	月	4	肩				肩	包摂適用	5		1
p67-51	67	月	4	萠−くさかんむり				朋	包摂適用	36		1
p67-52	67	月	4					服	包摂適用	36		1
p68-0	68		4					明	包摂適用	36		1
p68-1	68		4	月＋夫	2-85-18	4						
p68-2	68		4	月＋不	2-85-19	4						
p68-3	68		4	月＋（八がしら／十）	2-85-20	4						
p68-4	68		4	月＋扮のつくり			80A6					
p68-5	68		4	月＋屯			80AB					
p68-6	68		4	月＋盻のつくり			80B9					
p68-7	68		4	月＋毛			26664					
p68-8	68		5	月＋鉋のつくり				胞	包摂適用	70		1
p68-9	68		5	月＋句	1-90-42	3						
p68-10	68		5	月＋珍のつくり	1-90-43	3						
p68-11	68		5	月＋去	1-90-44	3						
p68-12	68		5	月＋径のつくり	2-85-21	4						
p68-13	68		5	月＋失	2-85-22	4						
p68-14	68		5	月＋付	2-85-23	4						
p68-15	68		5	月＋玄	2-85-24	4						
p68-16	68		5	月＋央	2-85-25	4						
p68-17	68		5	月＋令			670E					
p68-18	68		5	目＋月			7700				1	
p68-19	68		5	月＋拔のつくり			80C8					
p68-20	68		5	月＋瓜			80CD					
p68-21	68		5	月＋（「第−竹			80CF					
p68-22	68		5	月＋尼			80D2					
p68-23	68		6	脆				脆	包摂適用	81		1
p68-24	68		6					脈	包摂適用	163		1
p68-25	68		6					朕	包摂適用	11		1
p68-26	68		6					朕	包摂適用	36		1
p68-27	68		6	月＋兆	1-85-45	3						
p68-28	68		6	月＋各	1-90-45	3						
p68-29	68		6	月＋肉	2-14-25	4						
p68-30	68		6	月＋（茘−くさかんむり）	2-85-26	4						
p68-31	68		6	月＋会	2-85-27	4						
p68-32	68		6	月＋至	2-85-28	4						
p68-33	68		6	月＋行	2-85-29	4						
p68-34	68		6	月＋（「軣	2-85-30	4						
p68-35	68		6	此／肉			80D4					
p68-36	68		6	月＋因			80ED					
p68-37	68		6	月＋降のつくり			80EE					
p68-38	68		6	月＋夷			80F0					
p68-39	68		6	月＋亥			80F2					
p68-40	68		6	月＋皎のつくり			80F6					
p68-41	68		6	月＋而			80F9					
p68-42	68		6	月＋安			80FA					
p68-43	68		6	栽			80FE					
p68-44	68		6	月＋（刀／巴）			8103					
p68-45	68		6	（茘−くさかんむり）／月			810B					
p68-46	68		6	匈／（胃−田）			80F7					
p68-47	68		6	月＋矣								1
p68-48	68		6	月＋任								1
p68-49	68		7	月＋兌				脱	包摂適用	15		1
p68-50	68		7	螂−虫	1-85-46	3		朗	包摂適用			
p68-51	68		7					朗	包摂適用	36		1
p68-52	68		7					望	包摂適用	36		1
p68-53	68		7					望	包摂適用	36		1
p68-54	68		7	月＋完	1-90-46	3						
p68-55	68		7	月＋（五／女）	2-14-26	4						
p69-0	69		7	圀＋月	2-14-27	4						
p69-1	69		7	月＋俣のつくり	2-85-31	4						
p69-2	69		7	月＋孛	2-85-32	4						
p69-3	69		7	月＋坐	2-85-33	4						
p69-4	69		7	月＋忍	2-85-34	4						
p69-5	69		7	月＋辰	2-85-35	4						
p69-6	69		7	月＋俊のつくり	2-85-36	4						
p69-7	69		7	月＋孚	2-85-37	4						
p69-8	69		7	月＋（勿／口）			8117					
p69-9	69		7	月＋（戛−戈）			811C					
p69-10	69		7	蜒			8120					
p69-11	69		7	月＋豆			8130					
p69-12	69		7	足へん＋月			8DC0				1	
p69-13	69		7	月＋誨のつくり			8122					
p69-14	69		8	燗のつくり				間	包摂適用	152		1
p69-15	69		8					腔	包摂適用	26		1
p69-16	69		8					期	包摂適用	36		1
p69-17	69		8					朝	包摂適用	36		1
p69-18	69		8					勝	包摂適用	36		1
p69-19	69		8					間	包摂適用	152		1
p69-20	69		8	月＋昔	1-90-47	3						
p69-21	69		8	月＋斉	2-85-38	4						
p69-22	69		8	月＋隹	2-85-39	4						
p69-23	69		8	月＋直	2-85-40	4						
p69-24	69		8	月＋享			671C					
p69-25	69		8	月＋卒			813A					
p69-26	69		8	月＋兩			813C					
p69-27	69		8	月＋炎			8145					
p69-28	69		8	月＋委			8147					
p69-29	69		8	月＋奄			814C					
p69-30	69		8	月＋居			8152					
p69-31	69		8	月＋由／（鼾のへん−自−田）			8157					
p69-32	69		8	金＋月			9205				1	
p69-33	69		8	典／（胃−田）			440C					
p69-34	69		8	月＋餠のつくり			8141					
p69-35	69		9					腱	デザイン差	UCV235		1
p69-36	69		9	月＋（襾／女）				腰	包摂適用	88		1
p69-37	69		9	月＋温のつくり				膃	包摂適用	147		1
p69-38	69		9	月＋春	1-90-48	3						
p69-39	69		9	月＋兪	1-90-49	3						
p69-40	69		9	月＋端のつくり	1-90-50	3						
p69-41	69		9	月＋咢	1-90-51	3						
p69-42	69		9	縢	2-5-71	4					1	
p69-43	69		9	月＋南	2-85-41	4						
p69-44	69		9	月＋睹のつくり	2-85-42	4						
p69-45	69		9	縢			584D				1	
p69-46	69		9	縢			5E50				1	
p69-47	69		9	月＋英			6720					
p69-48	69		9	月＋咼			8161					
p69-49	69		9	月＋盾			816F					
p69-50	69		9	月＋福のつくり			8177					
p69-51	69		9	月＋卻			8173					
p69-52	69		10	二点しんにょうの腿				腿	包摂適用	128		1
p69-53	69		10	縢	2-15-26	4					1	
p69-54	69		10	月＋賺のつくり	2-85-43	4						
p69-55	69		10	月＋眞	2-85-44	4						
p70-0	70		10	月＋溲のつくり	2-85-45	4						
p70-1	70		10	月＋溏のつくり	2-85-46	4						
p70-2	70		10	月＋芻	2-85-47	4						
p70-3	70		10	（甥のへん＋生）／（胃−田）			7527				1	
p70-4	70		10	月＋素			8186					
p70-5	70		10	螢			818B					
p70-6	70		10	月＋奚			818E					
p70-7	70		10	膂			8190					
p70-8	70		10	月＋祭								1
p70-9	70		11	月＋票	2-85-48	4						
p70-10	70		11	月＋亀	2-94-86	4					1	
p70-11	70		11	（臣＋月）／壬			6722					
p70-12	70		11	月＋二点しんにょうの逢			8196					
p70-13	70		11	月＋堂			819B					
p70-14	70		11	月＋專			819E					
p70-15	70		11	月＋婁			81A2					
p70-16	70		12	藹	1-91-26	3					1	
p70-17	70		12	羸	2-5-84	4					1	
p70-18	70		12	月＋焦	2-85-49	4						
p70-19	70		12	月＋堯			81AE					
p70-20	70		12	月＋無			81B4					
p70-21	70		12	縢			87A3				1	
p70-22	70		12	月＋僭のつくり			4436					
p70-23	70		12	月＋勞			6725					
p70-24	70		12	月＋童			81A7					
p70-25	70		13					縢	包摂適用	14		1
p70-26	70		13					縢	包摂適用	36		1
p70-27	70		13	縢				謄	包摂適用	36		1
p70-28	70		13	月＋亶	1-90-52	3						
p70-29	70		13	月＋操のつくり	1-90-53	3						
p70-30	70		13	縢	1-92-27	3					1	
p70-31	70		13	月＋濂のつくり	2-85-50	4						
p70-32	70		13	月＋雍	2-85-51	4						
p70-33	70		13	月＋蜀			81C5					
p70-34	70		13	殿／肉			81CB					
p70-35	70		13	月＋奧			443F					
p70-36	70		13	月＋（「亶								pdf
p70-37	70		14	月＋嬪のつくり	1-90-54	3						
p70-38	70		14	月＋（栩のつくり／卒）			81CE					
p70-39	70		15	月＋（「寛	1-90-55	3						
p70-40	70		15	爨	2-85-52	4						
p70-41	70		15	羸	2-87-91	4					1	
p70-42	70		15	服＋鳥	2-94-19	4					1	
p70-43	70		15	月＋（鹿／れんが）			81D5					
p70-44	70		15	月＋暴			2688A					
p70-45	70		16	縢				騰	包摂適用	36		1
p70-46	70		16	月＋霍	2-85-53	4						
p70-47	70		16	月＋懷のつくり								pdf
p70-48	70		17	縢	2-93-68	4					1	
p70-49	70		17	羸			81DD					
p70-50	70		18	月＋瞿			81DE					
p70-51	70		18	縢			9EF1				1	
p70-52	70		19	羸	2-93-5	4					1	
p70-53	70		19	（攤−てへん）／肉			81E1					
p70-54	70		20	羸			9E01				1	
p71-0	71	木	2	木＋八	1-85-47	3						
p71-1	71	木	2	木＋丁			673E					
p71-2	71	木	2	几／木			6735					
p71-3	71	木	2	木＋又			6743					
p71-4	71	木	3	木＋（勹＜一）				杓	包摂適用	32		1
p71-5	71	木	3	木＋丈				杖	デザイン差	UCV235		1
p71-6	71	木	3	木＋巳				杞	包摂適用	70		1
p71-7	71	木	3	木＋畝のつくり	1-85-48	3						
p71-8	71	木	3	木＋（夸−大）	1-85-49	3						
p71-9	71	木	3	木＋扠のつくり	1-85-50	3						
p71-10	71	木	3	木＋汚のつくり	2-14-28	4						
p71-11	71	木	3	木＋丸	2-14-29	4						
p71-12	71	木	3	木＋兀	2-14-30	4						
p71-13	71	木	3	木＋子	2-14-31	4						
p71-14	71	木	3	木＋托のつくり	2-14-32	4						
p71-15	71	木	3	木＋也	2-14-33	4						
p71-16	71	木	3	木＋夕	2-14-34	4						
p71-17	71	木	3	木＋于			6745					
p71-18	71	木	3	木＋大			6755					
p71-19	71	木	3	けものへん＋木			72C7				1	
p71-20	71	木	4	綵のつくり				采	包摂適用	21	1	1
p71-21	71	木	4	枦				枦	包摂適用	5		1
p71-22	71	木	4					松	デザイン差	UCV236		1
p71-23	71	木	4	攵／木				条	包摂適用	106		1
p71-24	71	木	4	木＋丑	1-85-51	3						
p71-25	71	木	4	木＋（岌−山）	1-85-52	3						
p71-26	71	木	4	木＋斗	1-85-53	3						
p71-27	71	木	4	木＋吶のつくり	1-85-54	3						
p71-28	71	木	4	木＋爪	1-85-55	3						
p71-29	71	木	4	木＋（皎のつくり−亠）	2-14-35	4						
p71-30	71	木	4	木＋（朮−丶）	2-14-36	4						
p71-31	71	木	4	木＋欠	2-14-37	4						
p71-32	71	木	4	木＋屯	2-14-38	4						
p71-33	71	木	4	木＋氏	2-14-39	4						
p71-34	71	木	4	木＋冴のつくり	2-14-40	4						
p71-35	71	木	4	痲−やまいだれ	2-14-41	4						
p71-36	71	木	4	木＋元			676C					
p71-37	71	木	4	木＋市			676E					
p71-38	71	木	4	木＋勾			6784					
p71-39	71	木	4	木＋夫			678E					
p71-40	71	木	4	木＋（冂＜はみ出た横棒二本）			678F					
p71-41	71	木	4	木＋互			6791					
p71-42	71	木	4	木＋夭			6796					
p71-43	71	木	4	木＋厄			6799					
p71-44	71	木	4	蚣のつくり／木			6780					
p71-45	71	木	4	木＋犬			67A4					
p71-46	71	木	4	木＋毋								1
p71-47	71	木	4	木＋戈			233FE					
p71-48	71	木	4	栃								pdf
p71-49	71	木	5	木＋（麈−鹿）				柱	包摂適用	UCV201		1
p71-50	71	木	5	柊				柊	包摂適用	25		1
p72-0	72		5	枴				枴	包摂適用	60		1
p72-1	72		5					柵	包摂適用	94		1
p72-2	72		5					柧	包摂適用	107		1
p72-3	72		5	木／旦				査	包摂適用	64		1
p72-4	72		5	木＋世	1-85-56	3						
p72-5	72		5	木＋（「第−竹	1-85-57	3						
p72-6	72		5	木＋皮	1-85-58	3						
p72-7	72		5	木＋（八がしら／口）	1-85-59	3						
p72-8	72		5	木＋鴪のへん	1-85-60	3						
p72-9	72		5	木＋夘	1-85-61	3						
p72-10	72		5	くさかんむり／冖／木	2-14-42	4						
p72-11	72		5	木＋（「永	2-14-43	4						
p72-12	72		5	木＋怦のつくり	2-14-44	4						
p72-13	72		5	台／木	2-14-45	4						
p72-14	72		5	木＋令	2-14-46	4						
p72-15	72		5	木＋絆のつくり	2-14-47	4						
p72-16	72		5	染	2-14-48	4						
p72-17	72		5	木＋甲	2-14-49	4						
p72-18	72		5	木＋申	2-14-50	4						
p72-19	72		5	木／示	2-14-51	4						
p72-20	72		5	木＋兄	2-14-52	4						
p72-21	72		5	木＋台			67B1					
p72-22	72		5	木＋号			67B5					
p72-23	72		5	喋のつくり			67BC					
p72-24	72		5	十／廿／木			67BD					
p72-25	72		5	木＋施のつくり			67C2					
p72-26	72		5	木＋尼			67C5					
p72-27	72		5	木＋乏			67C9					
p72-28	72		5	木＋秬のつくり			67DC					
p72-29	72		5	木＋（二／水）			67E1					
p72-30	72		5	木＋旦			67E6					
p72-31	72		5	木＋必			67F2					
p72-32	72		5	木＋駟のつくり			67F6					
p72-33	72		5	木＋冉			67DF					
p72-34	72		5	木＋瓦			2340E					
p72-35	72		6					校	デザイン差	UCV235		1
p72-36	72		6					栓	包摂適用	79		1
p72-37	72		6					桝	包摂適用	120		1
p72-38	72		6	十／くさかんむり／木	1-85-62	3						
p72-39	72		6	木＋舌	1-85-63	3						
p72-40	72		6	木＋色	1-85-64	3						
p72-41	72		6	木＋共	1-85-65	3						
p72-42	72		6	木＋裃のつくり	1-85-66	3						
p72-43	72		6	木＋在	2-14-53	4						
p72-44	72		6	木＋字	2-14-54	4						
p72-45	72		6	木＋守	2-14-55	4						
p72-46	72		6	木＋多	2-14-56	4						
p72-47	72		6	木＋并	2-14-57	4						
p72-48	72		6	木＋而	2-14-58	4						
p72-49	72		6	木＋孝	2-14-59	4						
p72-50	72		6	木＋老	2-14-60	4						
p72-51	72		6	木＋式	2-14-61	4						
p72-52	72		6	亦／木	2-14-62	4						
p72-53	72		6	木＋光	2-14-63	4						
p72-54	72		6	木＋危	2-14-64	4						
p72-55	72		6	木＋安	2-14-65	4						
p72-56	72		6	卓	2-14-66	4						
p73-0	73		6	木＋臼	2-14-67	4						
p73-1	73		6	木＋朶	2-14-68	4						
p73-2	73		6	自／木	2-85-57	4					1	
p73-3	73		6	挈			6814					
p73-4	73		6	木＋夂／（舛−夕）			6819					
p73-5	73		6	木＋曳			6827					
p73-6	73		6	木＋（咨−口）			6828					
p73-7	73		6	木＋有			682F					
p73-8	73		6	木＋伐			6830					
p73-9	73		6	木＋伏			683F					
p73-10	73		6	劵			684A					
p73-11	73		6	木＋師のへん			6858					
p73-12	73		6	木＋税のつくり								pdf
p73-13	73		7	木＋税のつくり				※［＃「木＋兌」、第3水準1-85-72］	包摂適用			1
p73-14	73		7	木＋悄のつくり				梢	包摂適用	16		1
p73-15	73		7	木＋那				梛	包摂適用	52		1
p73-16	73		7	木＋誨のつくり	1-85-69	3		梅	包摂適用	98		
p73-17	73		7	木＋告				梏	包摂適用	42		1
p73-18	73		7					梍	包摂適用	78		1
p73-19	73		7					梗	デザイン差	UCV235		1
p73-20	73		7	木＋孛	1-85-67	3						
p73-21	73		7	木＋綏のつくり	1-85-68	3						
p73-22	73		7	木＋岑	1-85-70	3						
p73-23	73		7	宀／蚣のつくり／木	1-85-71	3						
p73-24	73		7	木＋兌	1-85-72	3						
p73-25	73		7	林＋おおざと	1-92-73	3					1	
p73-26	73		7	木＋男	2-14-69	4						
p73-27	73		7	木＋沙	2-14-70	4						
p73-28	73		7	木＋否	2-14-71	4						
p73-29	73		7	柳の本字	2-14-72	4						
p73-30	73		7	漆のつくり	2-14-73	4						
p73-31	73		7	木＋求	2-14-74	4						
p73-32	73		7	木＋陛のつくり	2-14-75	4						
p73-33	73		7	木＋貝	2-14-76	4						
p73-34	73		7	木＋別	2-14-77	4						
p73-35	73		7	木＋見	2-14-78	4						
p73-36	73		7	木＋串	2-14-79	4						
p73-37	73		7	木＋俛のつくり	2-14-80	4						
p73-38	73		7	木＋夾	2-14-81	4						
p73-39	73		7	木＋豆	2-14-82	4						
p73-40	73		7	木＋駸のつくり	2-14-83	4						
p73-41	73		7	蜒	2-14-84	4						
p73-42	73		7	木＋佛	2-14-85	4						
p73-43	73		7	菓	2-14-86	4						
p73-44	73		7	木＋酲のつくり			686F					
p73-45	73		7	木＋（氏／口）			6870					
p73-46	73		7	木＋徑のつくり			6871					
p73-47	73		7	木＋良			6879					
p73-48	73		7	木＋峰のつくり			687B					
p73-49	73		7	木＋酉			6884					
p73-50	73		7	木＋邦			6886					
p73-51	73		7	木＋亨			6888					
p73-52	73		7	木＋完			68A1					
p73-53	73		7	木＋里			68A9					
p73-54	73		7	木＋局			68AE					
p73-55	73		7	木＋余			688C					
p74-0	74		7	梅			234B0					
p74-1	74		8	木＋（萠−くさかんむり）				棚	包摂適用	36		1
p74-2	74		8	木＋睛のつくり	1-85-73	3						
p74-3	74		8	（緋−糸）／木	1-85-74	3						
p74-4	74		8	（戸の旧字＋攵）／木	1-85-75	3						
p74-5	74		8	木＋夜	1-85-76	3						
p74-6	74		8	木＋垂	1-85-77	3						
p74-7	74		8	木＋陵のつくり	1-85-78	3						
p74-8	74		8	林／扮のつくり	1-85-79	3						
p74-9	74		8	木＋卒	1-85-80	3						
p74-10	74		8	木＋若	1-85-81	3						
p74-11	74		8	木＋尭	2-14-87	4						
p74-12	74		8	木＋茂	2-14-88	4						
p74-13	74		8	木＋苻	2-14-89	4						
p74-14	74		8	犂	2-14-90	4						
p74-15	74		8	木＋秉	2-14-91	4						
p74-16	74		8	木＋綵のつくり	2-14-92	4						
p74-17	74		8	木＋得のつくり	2-14-93	4						
p74-18	74		8	木＋長	2-14-94	4						
p74-19	74		8	木＋戸の旧字＋犬	2-15-1	4						
p74-20	74		8	木＋昔	2-15-2	4						
p74-21	74		8	樊−大	2-15-3	4						
p74-22	74		8	木＋卷	2-15-4	4						
p74-23	74		8	木＋諏のつくり	2-15-5	4						
p74-24	74		8	木＋虎	2-15-6	4						
p74-25	74		8	木＋惧のつくり	2-15-7	4						
p74-26	74		8	木＋忝	2-15-8	4						
p74-27	74		8	木＋奈	2-15-9	4						
p74-28	74		8	琴	2-80-80	4					1	
p74-29	74		8	木＋（緋−糸）			68D1					
p74-30	74		8	木＋倍のつくり			68D3					
p74-31	74		8	木＋於			68DC					
p74-32	74		8	木＋固			68DD					
p74-33	74		8	木＋炎			68EA					
p74-34	74		8	木＋或			68EB					
p74-35	74		8	木＋果			68F5					
p74-36	74		8	木＋來			68F6					
p74-37	74		8	林／今			68FD					
p74-38	74		8	木＋蜩のつくり			6906					
p74-39	74		8	亠／舛／木			6909					
p74-40	74		8	木＋居			6910					
p74-41	74		8	木＋婢のつくり			6911					
p74-42	74		8	木＋（冢−冖）			6913					
p74-43	74		8	木＋（戸の旧字＋方）			6916					
p74-44	74		8	木＋定			6917					
p74-45	74		8	木＋苦			695B					
p74-46	74		8	木＋臾			6970					
p74-47	74		8	木＋探のつくり			68CE					
p74-48	74		8	木＋英			6967					
p74-49	74		8	木＋忽			2ACA8					
p74-50	74		9	木＋鰌のつくり				楢	包摂適用	11		1
p74-51	74		9	木＋荒	1-85-82	3						
p74-52	74		9	木＋（暇−日）	1-85-83	3						
p74-53	74		9	木＋査	1-85-84	3						
p75-0	75		9	木＋廴＋聿	1-85-85	3						
p75-1	75		9	木＋眉	1-85-86	3						
p75-2	75		9	木＋怱	1-85-87	3						
p75-3	75		9	木＋貞	1-85-88	3						
p75-4	75		9	木＋品	1-85-89	3						
p75-5	75		9	操のつくり	2-4-19	4					1	
p75-6	75		9	木＋厚	2-15-10	4						
p75-7	75		9	木＋偃のつくり	2-15-11	4						
p75-8	75		9	（剪−刀）／木	2-15-12	4						
p75-9	75		9	木＋要	2-15-13	4						
p75-10	75		9	木＋（にんべん＋哽のつくり）	2-15-14	4						
p75-11	75		9	木＋曷	2-15-15	4						
p75-12	75		9	木＋威	2-15-16	4						
p75-13	75		9	木＋柔	2-15-17	4						
p75-14	75		9	木＋香	2-15-18	4						
p75-15	75		9	木＋腹のつくり			6931					
p75-16	75		9	木＋畏			6933					
p75-17	75		9	木＋施			6938					
p75-18	75		9	木＋福のつくり			6945					
p75-19	75		9	木＋軍			694E					
p75-20	75		9	木＋爰			6965					
p75-21	75		9	木＋宣			6966					
p75-22	75		9	木＋春			6971					
p75-23	75		9	木＋皇			697B					
p75-24	75		9	木＋咼			6947					
p75-25	75		9	鶩			6958					
p75-26	75		9	木＋草								pdf
p75-27	75		10	構				構	包摂適用			1
p75-28	75		10	二点しんにょうの槌				槌	包摂適用	128		1
p75-29	75		10	木＋（螂−虫）				榔	包摂適用	111		1
p75-30	75		10	木＋（示＋申）				榊	包摂適用	161		1
p75-31	75		10	木＋挙	1-85-90	3						
p75-32	75		10	木＋晃	1-85-91	3						
p75-33	75		10	木＋射	1-85-92	3						
p75-34	75		10	木＋賺のつくり	1-85-93	3						
p75-35	75		10	木＋朔	1-85-94	3						
p75-36	75		10	木＋漆のつくり	1-86-1	3						
p75-37	75		10	木＋嫋のつくり	2-15-19	4						
p75-38	75		10	穴かんむり／人がしら／呆	2-15-20	4						
p75-39	75		10	轂	2-15-21	4						
p75-40	75		10	矩／木	2-15-22	4						
p75-41	75		10	朝のへん＋（人がしら／木）	2-15-23	4						
p75-42	75		10	木＋耆	2-15-24	4						
p75-43	75		10	木＋確のつくり	2-15-25	4						
p75-44	75		10	縢	2-15-26	4						
p75-45	75		10	木＋盍	2-15-27	4						
p75-46	75		10	高／木	2-15-28	4						
p75-47	75		10	咒	2-15-29	4						
p75-48	75		10	士／冖／石／木	2-15-30	4						
p75-49	75		10	木＋（尸＋悄のつくり）			698D					
p75-50	75		10	木＋素			69A1					
p75-51	75		10	木＋窄			69A8					
p75-52	75		10	木＋隼			69AB					
p75-53	75		10	木＋時			69AF					
p75-54	75		10	木＋埋			69B8					
p75-55	75		10	木＋鬲			69C5					
p75-56	75		10	木＋辱			69C8					
p76-0	76		10	木＋右／炯のつくり			69D7					
p76-1	76		10	髟／木			9AE4				1	
p76-2	76		10	木＋稻のつくり			69C4					
p76-3	76		11	二点しんにょうの樋				樋	包摂適用	128		1
p76-4	76		11	漑	1-86-4	3		概	包摂適用	153		
p76-5	76		11	木＋皀＋旡				概	包摂適用	153		1
p76-6	76		9					概	包摂適用	153		1
p76-7	76		11	木＋褶のつくり	1-86-2	3						
p76-8	76		11	（漑−さんずい）／木	1-86-3	3						
p76-9	76		11	木＋患	1-86-5	3						
p76-10	76		11	木＋國	1-86-6	3						
p76-11	76		11	木＋累	1-86-7	3						
p76-12	76		11	嫩	1-86-8	3						
p76-13	76		11	木＋寅	2-15-31	4						
p76-14	76		11	堆／木	2-15-32	4						
p76-15	76		11	木＋膤のつくり	2-15-33	4						
p76-16	76		11	木＋黒	2-15-34	4						
p76-17	76		11	木＋（「はしごだか	2-15-35	4						
p76-18	76		11	木＋寄	2-15-36	4						
p76-19	76		11	木＋參	2-15-37	4						
p76-20	76		11	木＋崔	2-15-38	4						
p76-21	76		11	將／木	2-15-39	4						
p76-22	76		11	木＋將	2-15-40	4						
p76-23	76		11	木＋（戸の旧字＋邑）	2-15-41	4						
p76-24	76		11	木＋曼	2-15-42	4						
p76-25	76		11	木＋梁	2-15-43	4						
p76-26	76		11	木＋鹿	2-15-44	4						
p76-27	76		11	木＋虎	2-15-45	4						
p76-28	76		11	木＋彗			69E5					
p76-29	76		11	（木＋酉）／れんが			69F1					
p76-30	76		11	木＋滴のつくり			6A00					
p76-31	76		11	木＋舂			6A01					
p76-32	76		11	螂			6A03					
p76-33	76		11	木＋滿のつくり			6A20					
p76-34	76		11	木＋條			6A24					
p76-35	76		11	木＋罅のつくり			3BC9					
p76-36	76		11	木＋爽			6A09					
p76-37	76		11	木＋宿			6A0E					
p76-38	76		11	木＋總のつくり			6A2C					
p76-39	76		12	木＋墫のつくり				樽	包摂適用	11		1
p76-40	76		12	木＋（廣−广）	1-86-16	3		横	包摂適用	141		
p76-41	76		12	木＋葉	1-86-9	3						
p76-42	76		12	木＋貴	1-86-10	3						
p76-43	76		12	木＋越	1-86-11	3						
p76-44	76		12	木＋無	1-86-12	3						
p76-45	76		12	蠹	1-86-13	3						
p76-46	76		12	木＋棠	1-86-14	3						
p76-47	76		12	木＋厥	1-86-15	3						
p76-48	76		12	木＋勝の旧字	1-86-17	3						
p76-49	76		12	木＋萬	2-15-46	4						
p76-50	76		12	木＋貳	2-15-47	4						
p76-51	76		12	木＋潯のつくり	2-15-48	4						
p76-52	76		12	識	2-15-49	4						
p76-53	76		12	木＋單	2-15-50	4						
p76-54	76		12	無	2-15-51	4						
p76-55	76		12	木＋鄰のへん	2-15-52	4						
p76-56	76		12	木＋間	2-15-53	4						
p77-0	77		12	木＋番	2-15-54	4						
p77-1	77		12	木＋雲	2-15-55	4						
p77-2	77		12	（蕊−くさかんむり）／木	2-15-56	4						
p77-3	77		12	木＋犀			6A28					
p77-4	77		12	最			6A37					
p77-5	77		12	木＋澑のつくり			6A4A					
p77-6	77		12	木＋僚のつくり			6A51					
p77-7	77		12	木＋掌			6A55					
p77-8	77		12	木＋曾			6A67					
p77-9	77		12	木＋然			6A6A					
p77-10	77		12	木＋厨			6A71					
p77-11	77		12	木／（虫＋虫）			8799				1	
p77-12	77		12	木＋肅			6A5A					
p77-13	77		12	轍			3BD9					
p77-14	77		12	木＋惠			6A5E					
p77-15	77		12	槹			6A70					
p77-16	77		13	嚼のつくり	1-86-18	3						
p77-17	77		13	木＋蟶のつくり	1-86-19	3						
p77-18	77		13	木＋當	1-86-20	3						
p77-19	77		13	楫＋戈	1-86-21	3						
p77-20	77		13	木＋解	1-86-22	3						
p77-21	77		13	木＋義	1-86-23	3						
p77-22	77		13	木＋鼠	2-15-57	4						
p77-23	77		13	木＋操のつくり	2-15-58	4						
p77-24	77		13	（隱−心）／木	2-15-59	4						
p77-25	77		13	木＋（共／車）	2-15-60	4						
p77-26	77		13	木＋置	2-15-61	4						
p77-27	77		13	木＋雷	2-15-62	4						
p77-28	77		13	木＋賈	2-15-63	4						
p77-29	77		13	木＋澤のつくり	2-15-64	4						
p77-30	77		13	木＋稟			6A81					
p77-31	77		13	木＋（炎＋占）			6A86					
p77-32	77		13	木＋雋			6A87					
p77-33	77		13	木＋二点しんにょうの過			6A9B					
p77-34	77		14	木＋（山／進）	2-15-65	4						
p77-35	77		14	木＋察	2-15-66	4						
p77-36	77		14	木＋需	2-15-67	4						
p77-37	77		14	木＋魁	2-15-68	4						
p77-38	77		14	木＋（厂＋萬）	2-15-69	4						
p77-39	77		14	木＋臺			6AAF					
p77-40	77		14	木＋綿			6AB0					
p77-41	77		14	木＋箕			6AB1					
p77-42	77		14	木＋護のつくり			6AB4					
p77-43	77		14	螢			6ABE					
p77-44	77		14	厭／木			6ABF					
p77-45	77		14	木＋（登／几）			6AC8					
p77-46	77		14	木＋廚			6AC9					
p77-47	77		15	木＋節				櫛	包摂適用	153		1
p77-48	77		15	木＋節	1-86-24	3						
p77-49	77		15	釐	2-13-71	4					1	
p77-50	77		15	壘	2-15-70	4						
p77-51	77		15	（蠹−石／（虫＋虫））／（「咎／木	2-15-71	4						
p77-52	77		15	木＋續のつくり	2-15-72	4						
p77-53	77		15	木＋憂			6ACC					
p77-54	77		15	木＋賛			6AD5					
p77-55	77		15	木＋慮			6AD6					
p77-56	77		15	木＋數			6AE2					
p78-0	78		15	木＋鑞のつくり			3BFF					
p78-1	78		16	木＋（言＋睹のつくり）	1-86-25	3						
p78-2	78		16	木＋竹かんむり／高	1-86-26	3						
p78-3	78		16	木＋薬	2-15-73	4						
p78-4	78		16	木＋二点しんにょうの遺	2-15-74	4						
p78-5	78		16	木＋親	2-15-75	4						
p78-6	78		16	（屮／師のへん＋辛）／木	2-15-76	4						
p78-7	78		16	木＋豫	2-15-77	4						
p78-8	78		16	木＋龍	2-15-78	4						
p78-9	78		16	木＋懷のつくり			6AF0					
p78-10	78		16	木＋糸＋睹のつくり								pdf
p78-11	78		17	木＋闌	1-86-27	3		欄	包摂適用	100		
p78-12	78		17	隱／木	2-15-79	4						
p78-13	78		17	木＋孅のつくり			6AFC					
p78-14	78		17	木＋（くさかんむり／溥）			6B02					
p78-15	78		17	木＋纔のつくり			6B03					
p78-16	78		18	木＋観	2-15-80	4						
p78-17	78		18	木＋瞿	2-15-81	4						
p78-18	78		18	木＋雙			6B06					
p78-19	78		18	木＋聶			6B07					
p78-20	78		18	木＋叢			6B09					
p78-21	78		19	木＋羅	2-15-82	4						
p78-22	78		19	木＋麗	2-15-83	4						
p78-23	78		19	木＋贊	2-15-84	4						
p78-24	78		19	木＋覊	2-15-85	4						
p78-25	78		19	木＋（くさかんむり／闌）	2-15-86	4						
p78-26	78		21	木＋霸	1-86-28	3						
p78-27	78		22					欝	包摂適用	153		1
p78-28	78		24	木＋靈	1-86-29	3						
p78-29	78		30	馬／（馬＋馬）／木	2-93-6	4					1	
p78-30	78	欠	2	咨−口				次	包摂適用	33		1
p78-31	78	欠	2	りっしんべん＋欠			5FFA				1	
p78-32	78	欠	4	占＋欠			6B24					
p78-33	78	欠	5	去＋欠	2-15-87	4						
p78-34	78	欠	5	句＋欠			6B28					
p78-35	78	欠	6	亥＋欠	1-86-30	3						
p78-36	78	欠	6	吉＋欠	2-15-88	4						
p78-37	78	欠	6	卸のへん＋欠			6B2B					
p78-38	78	欠	7	肄のへん＋欠	1-86-31	3						
p78-39	78	欠	7	嗽−口			6B36					
p78-40	78	欠	7	赤＋欠			8D65				1	
p78-41	78	欠	8	炎＋欠			6B3B					
p78-42	78	欠	8	陷のつくり＋欠			6B3F					
p78-43	78	欠	9	音＋欠	1-86-32	3						
p78-44	78	欠	10	嗽	2-5-78	4					1	
p78-45	78	欠	10	高＋欠	2-15-89	4						
p78-46	78	欠	10	烏＋欠			6B4D					
p78-47	78	欠	11	艱のへん＋欠				歎	包摂適用	143		1
p78-48	78	欠	11	滴のつくり＋欠			6B52					
p78-49	78	欠	12	喜＋欠	1-86-33	3						
p78-50	78	欠	12	火／（火＋火）＋欠	2-15-90	4						
p78-51	78	欠	13	澤のつくり＋欠			6B5D					
p78-52	78	欠	15	（綴のつくり／酉）＋欠	1-86-34	3						
p78-53	78	欠	16	壹＋（欠／心）			39A4				1	
p79-0	79		17	龠＋欠			9FA1				1	
p79-1	79	止	3	陟のつくり	1-86-35	3		歩	包摂適用	136		
p79-2	79	止	4	此のへん＋支	1-86-36	3						
p79-3	79	止	5	此のへん＋秬のつくり			6B6B					
p79-4	79	止	6	止／舟	2-15-91	4						
p79-5	79	止	8	澁のつくり			6B6E					
p79-6	79	止	9	穢のつくり				歳	包摂適用	10		1
p79-7	79	止	10	澀のつくり			6B70					
p79-8	79	止	11	此のへん＋責	2-15-92	4						
p79-9	79	止	12	櫪のつくり	1-86-37	3		歴	包摂適用	140		
p79-10	79	歹歺	0	占	2-15-93	4						
p79-11	79	歹歺	4	歹＋殳	2-15-94	4						
p79-12	79	歹歺	4	歹＋斤			6B7D					
p79-13	79	歹歺	4	歹＋勿			6B7E					
p79-14	79	歹歺	5	歹＋且	1-86-38	3						
p79-15	79	歹歺	5	歹＋生			6B85					
p79-16	79	歹歺	8	歹＋奄			6B97					
p79-17	79	歹歺	9	歹＋亟	2-78-1	4						
p79-18	79	歹歺	9	歹＋（餮−殄）	2-92-50	4					1	
p79-19	79	歹歺	10	歹＋慍のつくり			6B9F					
p79-20	79	歹歺	10	歹＋嗅のつくり			6BA0					
p79-21	79	歹歺	11	歹＋帶			6BA2					
p79-22	79	歹歺	11	歹＋槿のつくり			6BA3					
p79-23	79	歹歺	12	歹＋粲	1-86-39	3						
p79-24	79	歹歺	12	歹＋貴			6BA8					
p79-25	79	歹歺	13	歹＋橿のつくり	1-86-40	3						
p79-26	79	歹歺	13	歹＋僉	2-78-2	4						
p79-27	79	歹歺	13	歹＋澤のつくり			6BAC					
p79-28	79	歹歺	14	歹＋（宀／（「眉			23A75					
p79-29	79	歹歺	15	歹＋續のつくり			6BB0					
p79-30	79	殳	4	歹＋殳	2-15-94	4					1	
p79-31	79	殳	5	示＋殳			794B				1	
p79-32	79	殳	7	殺	1-86-41	3		殺	包摂適用	126		
p79-33	79	殳	7	廏−广	2-78-3	4						
p79-34	79	殳	7	声＋殳			6BB8					
p79-35	79	殳	7	（匸＜知のへん）＋殳			6BB9					
p79-36	79	殳	7	豬のへん＋殳			8C5B				1	
p79-37	79	殳	8	肴＋殳	2-78-4	4						
p79-38	79	殳	8	睹のつくり＋殳	2-78-5	4						
p79-39	79	殳	9	毀				毀	包摂適用	61		1
p79-40	79	殳	9	轂	1-84-25	3					1	
p79-41	79	殳	10	轂	2-15-21	4					1	
p79-42	79	殳	10	高＋殳			6BC3					
p79-43	79	殳	10	（車／口）＋殳			6BC4					
p79-44	79	殳	11	穀	1-89-45	3		穀	包摂適用	134	1	
p79-45	79	殳	12	（臼／米）＋殳	2-78-6	4						
p79-46	79	殳	12	卵＋段	2-78-7	4						
p80-0	80		12	轂	2-84-52	4					1	
p80-1	80		12	轂	2-87-69	4					1	
p80-2	80		12	殿／土			58C2				1	
p80-3	80		12	轂			7CD3				1	
p80-4	80		13	轂	2-88-48	4					1	
p80-5	80		13	轂			8C70				1	
p80-6	80		14	醫	2-78-8	4						
p80-7	80		17	轂	2-94-35	4					1	
p80-8	80		18	轂			2A3D9				1	
p80-9	80	毋母	0	貫−貝			6BCC					
p80-10	80	毋母	0	毋の真ん中の縦棒が下につきぬけたもの			6BCB					
p80-11	80	毋母	2	誨のつくり	1-86-42	3		毎	包摂適用	98		
p80-12	80	毋母	3	士／毋			6BD0					
p80-13	80	毋母	4	毎＋卜			209E9				1	
p80-14	80	毋母	4	誨のつくり＋卜			209E9				1	
p80-15	80	比	5	比／必	1-86-43	3						
p80-16	80	比	5	田＋比	1-86-44	3						
p80-17	80	比	13	纔のつくり	2-78-9	4						
p80-18	80	毛	5	毬			6BE1					
p80-19	80	毛	6	耒＋毛				耗	包摂適用	2		1
p80-20	80	毛	6	耳＋毛	2-78-10	4						
p80-21	80	毛	6	毬	2-78-11	4						
p80-22	80	毛	6	栩のつくり／毛			6BE3					
p80-23	80	毛	6	毬			3C93					
p80-24	80	毛	8	てへん＋毟	2-78-12	4						
p80-25	80	毛	8	毬	2-78-13	4						
p80-26	80	毛	8	参＋毛			6BF5					
p80-27	80	毛	9	瑁のつくり＋毛			6BF7					
p80-28	80	毛	9	兪＋毛			6BF9					
p80-29	80	毛	9	曷＋毛			6BFC					
p80-30	80	毛	10				6BFE					
p80-31	80	毛	10	搨のつくり＋毛			6BFE					
p80-32	80	毛	11	參＋毛	1-86-45	3						
p80-33	80	毛	11	釐	2-78-14	4						
p80-34	80	毛	12	敞／毛	1-86-46	3						
p80-35	80	毛	12	橘のつくり＋毛			6C04					
p80-36	80	毛	12	登＋毛			3CAA					
p80-37	80	毛	13					氈	包摂適用	64		1
p80-38	80	毛	13					氈	包摂適用	64		1
p80-39	80	毛	13	毬	2-78-15	4						
p80-40	80	毛	13	操のつくり＋毛			6C09					
p80-41	80	毛	18	瞿＋毛			6C0D					
p80-42	80	毛	22	疉＋毛	2-78-16	4						
p81-0	81	氏	1	低のつくり	1-86-47	3						
p81-1	81	氏	2	氏／十			6C12					
p81-2	81	氏	5	示＋氏				祇	包摂適用	161	1	1
p81-3	81	氏	5	ころもへん＋氏			8879				1	
p81-4	81	氏	7	走にょう＋氏			8D7F				1	
p81-5	81	氏	4	角＋氏			89D7				1	
p81-6	81	气	3	气＜山			6C19					
p81-7	81	气	5	气＜弗			6C1F					
p81-8	81	气	6	气＜亥			6C26					
p81-9	81	气	6	气＜羊			6C27					
p81-10	81	气	6	气＜安			6C28					
p81-11	81	气	8	气＜亞			6C2C					
p81-12	81	气	8	气＜炎			6C2E					
p81-13	81	气	10	气＜慍のつくり	1-86-48	3						
p81-14	81	氵水氺	0	さんずい	2-78-17	4						
p81-15	81	氵水氺	1	丞−一	2-78-18	4						
p81-16	81	氵水氺	1	碌のつくり−彑	2-78-19	4						
p81-17	81	氵水氺	2	さんずい＋入	2-78-20	4						
p81-18	81	氵水氺	2	さんずい＋九	2-78-21	4						
p81-19	81	氵水氺	2	さんずい＋力			6C3B					
p81-20	81	氵水氺	3	録のつくり				※［＃「碌のつくり」、第3水準1-84-27］	包摂適用	167	1	1
p81-21	81	氵水氺	3	碌のつくり	1-84-27	3					1	
p81-22	81	氵水氺	3	さんずい＋于	1-86-49	3						
p81-23	81	氵水氺	3	さんずい＋巳	1-86-50	3						
p81-24	81	氵水氺	3	さんずい＋丸	2-78-22	4						
p81-25	81	氵水氺	3	さんずい＋（蝨−虫−虫）	2-78-23	4						
p81-26	81	氵水氺	3	水／口			5447				1	
p81-27	81	氵水氺	3	囗＜水			56E6				1	
p81-28	81	氵水氺	3	さんずい＋扠のつくり			6C4A					
p81-29	81	氵水氺	3	さんずい＋（勹＜一）			6C4B					
p81-30	81	氵水氺	3	さんずい＋大			6C4F					
p81-31	81	氵水氺	3	さんずい＋氓のへん			6C52					
p81-32	81	氵水氺	3	さんずい＋乞			6C54					
p81-33	81	氵水氺	3	こざとへん＋水			9625				1	
p81-34	81	氵水氺	4	さんずい＋（岌−山）				汲	包摂適用	114		1
p81-35	81	氵水氺	4	さんずい＋戸	1-86-51	3						
p81-36	81	氵水氺	4	さんずい＋戸の旧字				※［＃「さんずい＋戸」、第3水準1-86-51］	包摂適用			1
p81-37	81	氵水氺	4	さんずい＋卞	1-86-52	3						
p81-38	81	氵水氺	4	さんずい＋（吝−口）	1-86-53	3						
p81-39	81	氵水氺	4	さんずい＋元	1-86-54	3						
p81-40	81	氵水氺	4	さんずい＋亢	1-86-55	3						
p81-41	81	氵水氺	4	さんずい＋比	1-86-56	3						
p81-42	81	氵水氺	4	さんずい＋片	1-86-57	3						
p81-43	81	氵水氺	4	さんずい＋吶のつくり	2-78-24	4						
p81-44	81	氵水氺	4	さんずい＋云	2-78-25	4						
p81-45	81	氵水氺	4	さんずい＋冗	2-78-26	4						
p82-0	82		4	さんずい＋卆	2-78-27	4						
p82-1	82		4	さんずい＋眄のつくり	2-78-28	4						
p82-2	82		4	さんずい＋勿	2-78-29	4						
p82-3	82		4	碌のつくり	2-78-30	4						
p82-4	82		4	さんずい＋井			6C6B					
p82-5	82		4	さんずい＋肱のつくり			6C6F					
p82-6	82		4	さんずい＋方			6C78					
p82-7	82		4	さんずい＋凶			6C79					
p82-8	82		4	さんずい＋午			6C7B					
p82-9	82		4	さんずい＋允			6C87					
p82-10	82		4	さんずい＋勾			6C9F					
p82-11	82		5					沿	包摂適用	189		1
p82-12	82		5	さんずい＋（麈−鹿）				注	包摂適用	UCV201		1
p82-13	82		5	さんずい＋鉋のつくり				泡	包摂適用	70		1
p82-14	82		5	さんずい＋写	1-86-58	3						
p82-15	82		5	さんずい＋失	1-86-59	3						
p82-16	82		5	さんずい＋甘	1-86-60	3						
p82-17	82		5	さんずい＋令	1-86-61	3						
p82-18	82		5	さんずい＋玄	1-86-62	3						
p82-19	82		5	さんずい＋絆のつくり	1-86-63	3						
p82-20	82		5	さんずい＋朮	2-78-31	4						
p82-21	82		5	さんずい＋炯のつくり	2-78-32	4						
p82-22	82		5	さんずい＋こざとへん＋力	2-78-33	4						
p82-23	82		5	さんずい＋（大／厶）	2-78-34	4						
p82-24	82		5	さんずい＋卯	2-78-35	4						
p82-25	82		5	さんずい＋此	2-78-36	4						
p82-26	82		5	さんずい＋低のつくり	2-78-37	4						
p82-27	82		5	さんずい＋生	2-78-38	4						
p82-28	82		5	さんずい＋鴪のへん	2-78-39	4						
p82-29	82		5	さんずい＋付	2-78-40	4						
p82-30	82		5	さんずい＋石			6CB0					
p82-31	82		5	さんずい＋施のつくり			6CB2					
p82-32	82		5	さんずい＋珍のつくり			6CB4					
p82-33	82		5	さんずい＋本			6CCD					
p82-34	82		5	さんずい＋出			6CCF					
p82-35	82		5	さんずい＋幼			6CD1					
p82-36	82		5	さんずい＋瓜			6CD2					
p82-37	82		5	さんずい＋戉			6CE7					
p82-38	82		5	さんずい＋（「第−竹			6CF2					
p82-39	82		5	水／皿			6CF4					
p82-40	82		5	罘			7714				1	
p82-41	82		5	さんずい＋未			6CAC					
p82-42	82		5	さんずい＋径のつくり			23CBE					
p82-43	82		5	汾								pdf
p82-44	82		6					派	包摂適用	163		1
p82-45	82		6	藤−月−くさかんむり	1-86-64	3						
p82-46	82		6	さんずい＋回	1-86-65	3						
p82-47	82		6	さんずい＋自	1-86-66	3						
p82-48	82		6	さんずい＋兆	1-86-67	3						
p82-49	82		6	さんずい＋耳	1-86-68	3						
p82-50	82		6	さんずい＋亘	1-86-69	3						
p82-51	82		6	さんずい＋夸	1-86-70	3						
p82-52	82		6	さんずい＋夸				※［＃「さんずい＋夸」、第3水準1-86-70］	統合適用			1
p83-0	83		6	さんずい＋（茘−くさかんむり）	2-78-41	4						
p83-1	83		6	さんずい＋舟	2-78-42	4						
p83-2	83		6	さんずい＋存	2-78-43	4						
p83-3	83		6	さんずい＋銓のつくり	2-78-44	4						
p83-4	83		6	さんずい＋百	2-78-45	4						
p83-5	83		6	さんずい＋有	2-78-46	4						
p83-6	83		6	さんずい＋幵	2-78-47	4						
p83-7	83		6	挈	2-78-48	4						
p83-8	83		6	さんずい＋圭	2-78-49	4						
p83-9	83		6	義	2-84-85	4						
p83-10	83		6	さんずい＋因			6D07					
p83-11	83		6	さんずい＋而			6D0F					
p83-12	83		6	さんずい＋伏			6D11					
p83-13	83		6	さんずい＋朿			6D13					
p83-14	83		6	さんずい＋夂／（舛−夕）			6D1A					
p83-15	83		6	さんずい＋皎のつくり			6D28					
p83-16	83		6				6D01					
p83-17	83		6				6D4A					
p83-18	83		6	後								pdf
p83-19	83		7	さんずい＋晧のつくり				浩	包摂適用	42		1
p83-20	83		7	さんずい＋悄のつくり				消	包摂適用	16		1
p83-21	83		7	さんずい＋駸のつくり				浸	包摂適用	54		1
p83-22	83		7	さんずい＋孚				浮	包摂適用	21		1
p83-23	83		7	さんずい＋誨のつくり	1-86-73	3		海	包摂適用	98		
p83-24	83		7	さんずい＋陟のつくり	1-86-76	3		渉	包摂適用	136		
p83-25	83		7	さんずい＋尾	1-86-71	3						
p83-26	83		7	さんずい＋邑	1-86-72	3						
p83-27	83		7	さんずい＋余	1-86-74	3						
p83-28	83		7	さんずい＋徑のつくり	1-86-75	3						
p83-29	83		7	さんずい＋岑	1-86-77	3						
p83-30	83		7	さんずい＋含	2-78-50	4						
p83-31	83		7	さんずい＋足	2-78-51	4						
p83-32	83		7	さんずい＋希	2-78-52	4						
p83-33	83		7	さんずい＋利	2-78-53	4						
p83-34	83		7	さんずい＋見	2-78-54	4						
p83-35	83		7	さんずい＋杉	2-78-55	4						
p83-36	83		7	さんずい＋（仞のつくり／心）	2-78-56	4						
p83-37	83		7	さんずい＋孝	2-78-57	4						
p83-38	83		7	さんずい＋束	2-78-58	4						
p83-39	83		7	さんずい＋矣	2-78-59	4						
p83-40	83		7	さんずい＋（日／工）	2-78-60	4						
p83-41	83		7	さんずい＋求			6D57					
p83-42	83		7	さんずい＋攸			6D5F					
p83-43	83		7	さんずい＋孛			6D61					
p83-44	83		7	さんずい＋酲のつくり			6D67					
p83-45	83		7	さんずい＋吾			6D6F					
p83-46	83		7	さんずい＋俛のつくり			6D7C					
p83-47	83		7	さんずい＋君			6D92					
p83-48	83		7	さんずい＋位			6D96					
p83-49	83		7	さんずい＋兌			6D97					
p83-50	83		7	さんずい＋邦			23D6E					
p83-51	83		8	滔				淫	包摂適用	21		1
p83-52	83		8	添				添	包摂適用	6		1
p83-53	83		8	さんずい＋睛のつくり				清	包摂適用	146		1
p84-0	84		8	さんずい＋（戸の旧字＋犬）	1-86-83	3		涙	包摂適用	5		
p84-1	84		8					済	デザイン差	UCV235		1
p84-2	84		8	さんずい＋倍のつくり	1-86-78	3						
p84-3	84		8	さんずい＋幸	1-86-79	3						
p84-4	84		8	さんずい＋（冢−冖）	1-86-80	3						
p84-5	84		8	さんずい＋緇のつくり	1-86-81	3						
p84-6	84		8	さんずい＋卓	1-86-82	3						
p84-7	84		8	さんずい＋制	1-86-84	3						
p84-8	84		8	さんずい＋肥	1-86-85	3						
p84-9	84		8	水／（水＋水）	1-86-86	3						
p84-10	84		8	さんずい＋参	2-78-61	4						
p84-11	84		8	さんずい＋（栩のつくり／又）	2-78-62	4						
p84-12	84		8	添	2-78-63	4						
p84-13	84		8	さんずい＋和	2-78-64	4						
p84-14	84		8	さんずい＋官	2-78-65	4						
p84-15	84		8	さんずい＋刷	2-78-66	4						
p84-16	84		8	さんずい＋宛	2-78-67	4						
p84-17	84		8	さんずい＋得のつくり	2-78-68	4						
p84-18	84		8	さんずい＋餠のつくり	2-78-69	4						
p84-19	84		8	さんずい＋并				※［＃「さんずい＋餠のつくり」、第4水準2-78-69］	包摂適用			1
p84-20	84		8	さんずい＋屈	2-78-70	4						
p84-21	84		8	さんずい＋奉	2-78-71	4						
p84-22	84		8	温	2-78-72	4						
p84-23	84		8	さんずい＋昌	2-78-73	4						
p84-24	84		8	さんずい＋典	2-78-74	4						
p84-25	84		8	さんずい＋陵のつくり	2-78-75	4						
p84-26	84		8	さんずい＋來	2-78-76	4						
p84-27	84		8	さんずい＋英	2-78-77	4						
p84-28	84		8	さんずい＋東			6DB7					
p84-29	84		8	さんずい＋委			6DB9					
p84-30	84		8	さんずい＋昏			6DBD					
p84-31	84		8	さんずい＋陷のつくり			6DCA					
p84-32	84		8	さんずい＋（鼾のへん−自）			6DE0					
p84-33	84		8	さんずい＋或			6DE2					
p84-34	84		8	さんずい＋碌のつくり			6DE5					
p84-35	84		8	さんずい＋育			6DEF					
p84-36	84		8	さんずい＋念			6DF0					
p84-37	84		8	さんずい＋忽			6DF4					
p84-38	84		8	さんずい＋奔			6E00					
p84-39	84		8	さんずい＋（緋−糸）			6E04					
p84-40	84		8	さんずい＋弥			3CFD					
p84-41	84		8	さんずい＋垂			6DB6					
p84-42	84		8	さんずい＋卷			6DC3					
p84-43	84		8	さんずい＋虎			6DF2					
p84-44	84		8	さんずい＋刺								pdf
p84-45	84		9	港				港	包摂適用	70		1
p84-46	84		9	さんずい＋（西／土）				湮	包摂適用	27		1
p84-47	84		9	さんずい＋睹のつくり	1-86-87	3		渚	包摂適用	125		
p84-48	84		9	さんずい＋曷	1-86-88	3		渇	包摂適用	150		
p84-49	84		9	さんずい＋木／旦				渣	包摂適用	64		1
p84-50	84		9	さんずい＋茲				滋	包摂適用	83		1
p84-51	84		10	さんずい＋玄＋玄				滋	包摂適用	83		1
p84-52	84		9	渦				渦	統合適用	UCV338		1
p84-53	84		9	さんずい＋眉	1-86-89	3						
p84-54	84		9	さんずい＋是	1-86-90	3						
p84-55	84		9	さんずい＋貞	1-86-91	3						
p85-0	85		9	さんずい＋首	2-78-78	4						
p85-1	85		9	さんずい＋風	2-78-79	4						
p85-2	85		9	さんずい＋帝	2-78-80	4						
p85-3	85		9	さんずい＋（广＋朔のへん）	2-78-81	4						
p85-4	85		9	さんずい＋宣	2-78-82	4						
p85-5	85		9	さんずい＋美	2-78-83	4						
p85-6	85		9	さんずい＋某	2-78-84	4						
p85-7	85		9	さんずい＋恬	2-78-85	4						
p85-8	85		9	さんずい＋幃のつくり	2-78-86	4						
p85-9	85		9	さんずい＋（餮−殄）	2-78-87	4						
p85-10	85		9	さんずい＋頁	2-78-88	4						
p85-11	85		9	さんずい＋胥	2-78-89	4						
p85-12	85		9	さんずい＋（扮のつくり／皿）	2-78-90	4						
p85-13	85		9	さんずい＋（剪−刀）	2-78-91	4						
p85-14	85		9	さんずい＋封	2-78-92	4						
p85-15	85		9	さんずい＋緡のつくり	2-78-93	4						
p85-16	85		9	さんずい＋稲のつくり	2-78-94	4						
p85-17	85		9	さんずい＋鞫のつくり			6E39					
p85-18	85		9	さんずい＋省			6E3B					
p85-19	85		9	さんずい＋柬			6E45					
p85-20	85		9	さんずい＋楫のつくり			6E52					
p85-21	85		9	さんずい＋皆			6E5D					
p85-22	85		9	さんずい＋福のつくり			6E62					
p85-23	85		9	さんずい＋（目／犬）			6E68					
p85-24	85		9	さんずい＋南			6E73					
p85-25	85		9	涼			6E7B					
p85-26	85		9	さんずい＋（卅／田）			6E7D					
p85-27	85		9	さんずい＋咢			6E42					
p85-28	85		9	さんずい＋哀			2ADA6					
p85-29	85		9	涼								1
p85-30	85		10	さんずい＋縊のつくり				溢	包摂適用	11		1
p85-31	85		10	溝				溝	包摂適用	47		1
p85-32	85		10	さんずい＋嫋のつくり				溺	包摂適用	20		1
p85-33	85		10	さんずい＋慍のつくり	1-86-92	3		温	包摂適用	147		
p85-34	85		10					滕	包摂適用	36		1
p85-35	85		10	さんずい＋既				漑	包摂適用	153		1
p85-36	85		10	さんずい＋秦	1-86-93	3						
p85-37	85		10	さんずい＋除	1-86-94	3						
p85-38	85		10	さんずい＋眞	1-87-1	3						
p85-39	85		10	螢	1-87-2	3						
p85-40	85		10	さんずい＋賺のつくり	2-79-1	4						
p85-41	85		10	さんずい＋栗	2-79-2	4						
p85-42	85		10	さんずい＋嗅のつくり	2-79-3	4						
p85-43	85		10	さんずい＋田＋絆のつくり	2-79-4	4						
p85-44	85		10	さんずい＋鶲のへん	2-79-5	4						
p85-45	85		10	さんずい＋氣	2-79-6	4						
p85-46	85		10	さんずい＋（匚＜隹）	2-79-7	4						
p85-47	85		10	さんずい＋晉			6E8D					
p85-48	85		10	さんずい＋泰			6E99					
p85-49	85		10	さんずい＋差			6EA0					
p85-50	85		10	さんずい＋稷のつくり			6EAD					
p85-51	85		10	さんずい＋師			6EAE					
p85-52	85		10	さんずい＋員			6EB3					
p85-53	85		10	さんずい＋搨のつくり			6EBB					
p85-54	85		10	さんずい＋畜			6EC0					
p86-0	86		10	さんずい＋高			6EC8					
p86-1	86		10	さんずい＋蚩			6ECD					
p86-2	86		10	さんずい＋（皎のつくり−亠）／（金−人がしら）			6ECF					
p86-3	86		10	さんずい＋（一／（幺＋幺）／土）			6EBC					
p86-4	86		10	さんずい＋亦／木			6EE6					
p86-5	86		10	さんずい＋確のつくり			3D36					
p86-6	86		10	さんずい＋采			6EDB					
p86-7	86		10	さんずい＋搖のつくり			6EDB					
p86-8	86		10	塞			2A9E6					
p86-9	86		10	将／水				漿	統合適用	UCV363		1
p86-10	86		11	滬				滬	包摂適用	5		1
p86-11	86		11	二点しんにょうの漣				漣	包摂適用	128		1
p86-12	86		11	さんずい＋艱のへん	1-87-5	3		漢	包摂適用	143		
p86-13	86		11	執／水	1-87-3	3						
p86-14	86		11	さんずい＋區	1-87-4	3						
p86-15	86		11	さんずい＋猗	1-87-6	3						
p86-16	86		11	さんずい＋累	1-87-7	3						
p86-17	86		11	さんずい＋章	1-87-8	3						
p86-18	86		11	さんずい＋敘	2-79-8	4						
p86-19	86		11	さんずい＋脩	2-79-9	4						
p86-20	86		11	さんずい＋罅のつくり	2-79-10	4						
p86-21	86		11	さんずい＋顏のへん	2-79-11	4						
p86-22	86		11	さんずい＋婁	2-79-12	4						
p86-23	86		11	さんずい＋槿のつくり	2-79-13	4						
p86-24	86		11	さんずい＋脣	2-79-14	4						
p86-25	86		11	さんずい＋（穴かんむり／圭）	2-79-15	4						
p86-26	86		11	さんずい＋患	2-79-16	4						
p86-27	86		11	さんずい＋崔	2-79-17	4						
p86-28	86		11	さんずい＋畢			6EED					
p86-29	86		11	さんずい＋彪			6EEE					
p86-30	86		11	さんずい＋庸			6EFD					
p86-31	86		11	さんずい＋崖			6F04					
p86-32	86		11	さんずい＋祭			6F08					
p86-33	86		11	さんずい＋國			6F0D					
p86-34	86		11	さんずい＋（希＋攵）			6F16					
p86-35	86		11	さんずい＋滕のつくり			6F1B					
p86-36	86		11	釐			6F26					
p86-37	86		11	さんずい＋旋			6F29					
p86-38	86		11	さんずい＋莽			6F2D					
p86-39	86		11	さんずい＋萠			6F30					
p86-40	86		11	さんずい＋膠のつくり			6F3B					
p86-41	86		11	さんずい＋堂			6F1F					
p86-42	86		11	漱			6F44					
p86-43	86		11									pdf
p86-44	86		12					潛	包摂適用	123		1
p86-45	86		12	さんずい＋挈				潔	包摂適用	4		1
p86-46	86		12	潤				潤	包摂適用	1		1
p86-47	86		12					潮	包摂適用	36		1
p86-48	86		12	さんずい＋發	1-87-9	3		溌	78互換包摂			
p86-49	86		10	さんずい＋燗のつくり				澗	包摂適用	152		1
p86-50	86		12	さんずい＋爲	1-87-10	3						
p86-51	86		12	さんずい＋路	1-87-11	3						
p86-52	86		12	さんずい＋敦	1-87-12	3						
p86-53	86		12	さんずい＋（廣−广）	1-87-13	3						
p86-54	86		12	さんずい＋隣のつくり	1-87-14	3						
p87-0	87		12	轍	1-87-15	3						
p87-1	87		12	さんずい＋斯	1-87-16	3						
p87-2	87		12	澎	1-87-17	3						
p87-3	87		12	さんずい＋晧	1-87-18	3						
p87-4	87		12	さんずい＋（立／見）	2-79-18	4						
p87-5	87		12	さんずい＋象	2-79-19	4						
p87-6	87		12	さんずい＋集	2-79-20	4						
p87-7	87		12	さんずい＋肅	2-79-21	4						
p87-8	87		12	さんずい＋饌のつくり	2-79-22	4						
p87-9	87		12	さんずい＋衆	2-79-23	4						
p87-10	87		12	さんずい＋（林／日）	2-79-24	4						
p87-11	87		12	さんずい＋普	2-79-25	4						
p87-12	87		12	さんずい＋雲	2-79-26	4						
p87-13	87		12	さんずい＋閑	2-79-27	4						
p87-14	87		12	さんずい＋二点しんにょうの達	2-79-28	4						
p87-15	87		12	さんずい＋橘のつくり			6F4F					
p87-16	87		12	さんずい＋惠			6F53					
p87-17	87		12	さんずい＋翕			6F5D					
p87-18	87		12	さんずい＋單			6F6C					
p87-19	87		12	須／水			6F83					
p87-20	87		12	さんずい＋勞			6F87					
p87-21	87		12	さんずい＋景			6F8B					
p87-22	87		12	さんずい＋項			6F92					
p87-23	87		12	さんずい＋復			6F93					
p87-24	87		12	さんずい＋奧			6F9A					
p87-25	87		12	さんずい＋（宀／心／（甬−マ））			6F9D					
p87-26	87		12	さんずい＋散			6F75					
p87-27	87		12	さんずい＋（くさかんむり／奔）			23F98					
p87-28	87		12	さんずい＋采＋爪								pdf
p87-29	87		13	さんずい＋歳				※［＃「さんずい＋穢のつくり」、第3水準1-87-24］	包摂適用			pdf
p87-30	87		13	さんずい＋黽	1-87-19	3						
p87-31	87		13	さんずい＋豊	1-87-20	3						
p87-32	87		13	さんずい＋亶	1-87-21	3						
p87-33	87		13	さんずい＋辟	1-87-22	3						
p87-34	87		13	さんずい＋嗇	1-87-23	3						
p87-35	87		14	さんずい＋（嗇／一）								pdf
p87-36	87		13	さんずい＋穢のつくり	1-87-24	3						
p87-37	87		13	さんずい＋稟	2-79-29	4						
p87-38	87		13	さんずい＋解	2-79-30	4						
p87-39	87		13	さんずい＋粲	2-79-31	4						
p87-40	87		13	さんずい＋（栩のつくり／夾）	2-79-32	4						
p87-41	87		13	さんずい＋新	2-79-33	4						
p87-42	87		13	楫＋戈	2-79-34	4						
p87-43	87		13	泪＋隹	2-79-35	4						
p87-44	87		13	さんずい＋預			6FA6					
p87-45	87		13	さんずい＋筮			6FA8					
p87-46	87		13	さんずい＋會			6FAE					
p87-47	87		13	さんずい＋僉			6FB0					
p87-48	87		13	さんずい＋（宀／帚／又）			6FC5					
p87-49	87		13	漫			6FB7					
p87-50	87		13				2ADE2					
p87-51	87		13	さんずい＋號								pdf
p87-52	87		14	さんずい＋櫂のつくり				濯	包摂適用	19		1
p87-53	87		14	さんずい＋歴				瀝	包摂適用	19		1
p88-0	88		14	さんずい＋墨				※［＃「さんずい＋（壥−土へん−厂）」、第3水準1-87-25］	包摂適用	99		1
p88-1	88		14	さんずい＋（壥−土へん−厂）	1-87-25	3						
p88-2	88		14	さんずい＋維	1-87-26	3						
p88-3	88		14	さんずい＋（宀／（「眉	1-87-27	3						
p88-4	88		14	さんずい＋榮	2-79-36	4						
p88-5	88		14	さんずい＋鼾のへん	2-79-37	4						
p88-6	88		14	さんずい＋護のつくり	2-79-38	4						
p88-7	88		14	さんずい＋（茲／心）			6FE8					
p88-8	88		14	さんずい＋螢			6FD9					
p88-9	88		15	さんずい＋續のつくり	1-87-29	3		涜	78互換包摂			
p88-10	88		15	さんずい＋賣				※［＃「さんずい＋續のつくり」、第3水準1-87-29］	統合適用	UCV227		1
p88-11	88		15	さんずい＋瑩	1-87-28	3						
p88-12	88		15	さんずい＋影	2-79-39	4						
p88-13	88		15	さんずい＋樂	2-79-40	4						
p88-14	88		15	さんずい＋憂	2-79-41	4						
p88-15	88		15	さんずい＋廣	2-79-42	4						
p88-16	88		15	さんずい＋盤	2-79-43	4						
p88-17	88		15	さんずい＋賛			6FFD					
p88-18	88		15	さんずい＋廛			700D					
p88-19	88		15	さんずい＋（くさかんむり／粛）			240A3					
p88-20	88		16	瀦				瀦	包摂適用	125		1
p88-21	88		16	さんずい＋靜				瀞	包摂適用	144		1
p88-22	88		16	さんずい＋陟のつくり＋頁				瀕	包摂適用	136		1
p88-23	88		16	懶	1-87-30	3		瀬	包摂適用	151		
p88-24	88		16					瀧	統合適用	UCV65		1
p88-25	88		16	さんずい＋粲	2-79-44	4						
p88-26	88		16	さんずい＋憲			7017					
p88-27	88		16	さんずい＋螢			7020					
p88-28	88		16	さんずい＋（栩のつくり／高）			7025					
p88-29	88		17	さんずい＋闊	2-79-45	4						
p88-30	88		17	さんずい＋龠	2-79-46	4						
p88-31	88		17	さんずい＋纔のつくり	2-79-47	4						
p88-32	88		17	さんずい＋襄	2-79-48	4						
p88-33	88		17	さんずい＋營			702F					
p88-34	88		17	さんずい＋嬰			7034					
p88-35	88		17	さんずい＋翼			7037					
p88-36	88		17	さんずい＋糞			7035					
p88-37	88		18	さんずい＋僭のつくり	1-87-31	3						
p88-38	88		18	さんずい＋豐	2-79-49	4						
p88-39	88		18	さんずい＋叢	2-79-50	4						
p88-40	88		18	さんずい＋（薦−くさかんむり）／去	2-79-51	4						
p88-41	88		18	さんずい＋聶			7044					
p88-42	88		18	さんずい＋瞿			7048					
p88-43	88		18	さんずい＋（廱−广）			7049					
p88-44	88		19	さんずい＋艱のへん＋隹				灘	包摂適用	143		1
p88-45	88		19	さんずい＋覇	2-79-52	4						
p88-46	88		19	さんずい＋艶	2-79-53	4						
p88-47	88		19	さんずい＋離			7055					
p88-48	88		21	さんずい＋景＋頁	1-87-32	3						
p88-49	88		21	さんずい＋霸	1-87-33	3						
p88-50	88		21	さんずい＋鷄	2-94-45	4					1	
p88-51	88		23	さんずい＋艶のへん＋盍	1-87-34	3						
p88-52	88		23	さんずい＋欒	1-87-35	3						
p88-53	88		23	泉／（泉＋泉）	2-79-54	4						
p88-54	88		28	さんずい＋艷のへん＋盍	2-79-55	4						
p89-0	89	火	0	熊−能	2-79-56	4						
p89-1	89	火	2					灰	包摂適用	74		1
p89-2	89	火	2	火／儿	2-79-57	4						
p89-3	89	火	2	にんべん＋火			4F19				1	
p89-4	89	火	3	火＋（勹＜一）				灼	包摂適用	32		1
p89-5	89	火	3	帚	1-87-36	3						
p89-6	89	火	3	火＋土	2-79-58	4						
p89-7	89	火	3	宀／火	2-79-59	4						
p89-8	89	火	3	こざとへん＋火			9626				1	
p89-9	89	火	4	日／火	1-87-37	3						
p89-10	89	火	4	既のつくり／れんが	2-79-60	4						
p89-11	89	火	4	火＋（吝−口）	2-79-61	4						
p89-12	89	火	4	火＋亢	2-79-62	4						
p89-13	89	火	4	廿／火	2-79-63	4						
p89-14	89	火	4	火＋夬			7094					
p89-15	89	火	4	火＋屯			7096					
p89-16	89	火	4	火＋斤			7098					
p89-17	89	火	4	火／（訛−言）			709B					
p89-18	89	火	5					炭	包摂適用	74		1
p89-19	89	火	5	火＋召	1-87-38	3						
p89-20	89	火	5	火＋玄	1-87-39	3						
p89-21	89	火	5	火＋（麈−鹿）	1-87-40	3						
p89-22	89	火	5	火＋石	2-79-64	4						
p89-23	89	火	5	火＋巨	2-79-65	4						
p89-24	89	火	5	火＋旦	2-79-66	4						
p89-25	89	火	5	台／火	2-79-67	4						
p89-26	89	火	5	火＋禾	2-82-81	4					1	
p89-27	89	火	5	鉋のつくり／れんが			70B0					
p89-28	89	火	5	火＋央			70B4					
p89-29	89	火	6	炎＋りっとう	1-14-64	3					1	
p89-30	89	火	6	火＋同	1-87-41	3						
p89-31	89	火	6	火＋共	1-87-42	3						
p89-32	89	火	6	火＋考	1-87-43	3						
p89-33	89	火	6	螢−虫	2-79-68	4						
p89-34	89	火	6	火＋尽	2-79-69	4						
p89-35	89	火	6	火＋羊	2-79-70	4						
p89-36	89	火	6	火＋兆	2-79-71	4						
p89-37	89	火	6	火＋圭	2-79-72	4						
p89-38	89	火	6	火＋亘	2-79-73	4						
p89-39	89	火	6	咸			70D5					
p89-40	89	火	6	栽			70D6					
p89-41	89	火	6	火＋合			70DA					
p89-42	89	火	7	凾	1-87-44	3						
p89-43	89	火	7	火＋（くさかんむり／吶のつくり）	1-87-45	3						
p89-44	89	火	7	倏	2-1-57	4					1	
p89-45	89	火	7	火＋赤	2-79-74	4						
p89-46	89	火	7	君／れんが	2-79-75	4						
p89-47	89	火	7	火＋絹のつくり	2-79-76	4						
p89-48	89	火	7	火＋悄のつくり	2-79-77	4						
p89-49	89	火	7	（戸の旧字＋巳）／火	2-79-78	4						
p89-50	89	火	7	火＋俊のつくり	2-79-79	4						
p89-51	89	火	7	煢−冖	2-79-80	4						
p89-52	89	火	7	火＋良			70FA					
p89-53	89	火	7	火＋晧のつくり			7105					
p89-54	89	火	7	壯／火			710B					
p90-0	90		8	火＋享	1-87-46	3						
p90-1	90		8	火＋卒	1-87-47	3						
p90-2	90		8	火＋欣	1-87-48	3						
p90-3	90		8	火＋陷のつくり	1-87-49	3		焔	78互換包摂			
p90-4	90		8	火＋卓	2-79-81	4						
p90-5	90		8	火／（火＋火）	2-79-82	4						
p90-6	90		8	火＋英	2-79-83	4						
p90-7	90		8	煦			55A3				1	
p90-8	90		8	螢			712D					
p90-9	90		8	（日＋日）／火			7138					
p90-10	90		8	金＋火			9225				1	
p90-11	90		8	火＋帚			3DCC					
p90-12	90		9	剪				煎	包摂適用	36		1
p90-13	90		9	火＋柬				煉	包摂適用	100		1
p90-14	90		9	さんずい＋（西／土）				煙	包摂適用	27		1
p90-15	90		9	火＋（暇−日）	1-87-50	3						
p90-16	90		9	火＋軍	1-87-51	3						
p90-17	90		9	睹のつくり／火	1-87-52	3						
p90-18	90		9	睹のつくり／れんが	1-87-53	3		煮	包摂適用	125		
p90-19	90		9	火＋幃のつくり	1-87-54	3						
p90-20	90		9	火＋（日／立）	1-87-55	3						
p90-21	90		9	火＋喋のつくり	1-87-56	3						
p90-22	90		9	火＋畏	1-87-57	3						
p90-23	90		9	火＋宣	2-79-84	4						
p90-24	90		9	火＋端のつくり	2-79-85	4						
p90-25	90		9	（（危−厄）／（帚−冖−巾）＋攵）／れんが	2-79-86	4						
p90-26	90		9	火＋稲のつくり	2-79-87	4						
p90-27	90		9	火＋甚			7141					
p90-28	90		9	火＋段			7145					
p90-29	90		9	火＋星			714B					
p90-30	90		9	火＋（而／大）			7157					
p90-31	90		9	（日＋秬のつくり）／火			715A					
p90-32	90		9	火＋二点しんにょうの通			71A5					
p90-33	90		9	火＋勃			242B9					
p90-34	90		10	火＋（戸の旧字＋栩のつくり）				煽	包摂適用	18		1
p90-35	90		10	火＋（戸＋栩のつくり）				煽	包摂適用	18		1
p90-36	90		10					熔	包摂適用	26		1
p90-37	90		10	螢	1-87-2	3					1	
p90-38	90		10	（冫＋臣＋犯のつくり）／れんが	1-87-58	3						
p90-39	90		10	（冫＋臣＋巳）／れんが				※［＃「（冫＋臣＋犯のつくり）／れんが」、第3水準1-87-58］	包摂適用			1
p90-40	90		11	（冫＋熈−れんが）／れんが	1-14-55	3					1	
p90-41	90		10	火＋慍のつくり	1-87-59	3						
p90-42	90		10	火＋高	1-87-60	3						
p90-43	90		10	螢	1-87-61	3						
p90-44	90		10	火＋華	1-87-62	3						
p90-45	90		10	火＋稻のつくり	2-79-88	4						
p90-46	90		10	火＋晃	2-79-89	4						
p90-47	90		10	火＋冓			7179					
p90-48	90		10	火＋閃			718C					
p90-49	90		11	火＋票	2-79-90	4						
p90-50	90		11	火＋褶のつくり	2-79-91	4						
p90-51	90		11	火＋二点しんにょうの逢	2-79-92	4						
p90-52	90		11	火＋膠のつくり	2-79-93	4						
p90-53	90		11	火＋艱のへん	2-79-94	4						
p90-54	90		11	火＋曼	2-80-1	4						
p91-0	91		11	火＋曼				※［＃「火＋曼」、第4水準2-80-1］	包摂適用			1
p91-1	91		11	（木＋酉）／れんが			69F1				1	
p91-2	91		11	火＋畢			719A					
p91-3	91		11	火＋（匸＜品）			71B0					
p91-4	91		11	頴			71B2					
p91-5	91		11	塵			9E83				1	
p91-6	91		11	火＋動			3DF2					
p91-7	91		12	火＋間				燗	包摂適用	152		1
p91-8	91		12	火＋鄰のへん				燐	包摂適用	120		1
p91-9	91		12	火＋喜	1-87-63	3						
p91-10	91		12	陷のつくり＋炎	1-87-64	3						
p91-11	91		12	就／火	2-80-2	4						
p91-12	91		12	火＋焦	2-80-3	4						
p91-13	91		12	樊	2-80-4	4						
p91-14	91		12	湯／火	2-80-5	4						
p91-15	91		12	火＋悶	2-80-6	4						
p91-16	91		12	火＋（廣−广）			71BF					
p91-17	91		12	火＋單			71C0					
p91-18	91		12	火＋賁			71CC					
p91-19	91		12	火＋潯のつくり			71D6					
p91-20	91		12	炎＋炎			71DA					
p91-21	91		12	火＋堅			719E					
p91-22	91		12	火＋喬			71C6					
p91-23	91		12	火＋發			243CB					
p91-24	91		12	燬								pdf
p91-25	91		13	風にょう＋炎	2-92-35	4					1	
p91-26	91		14	火＋櫂のつくり				燿	包摂適用	19		1
p91-27	91		14	壽／れんが	1-87-65	3						
p91-28	91		14	火＋赫	1-87-66	3						
p91-29	91		14	火＋需			71F8					
p91-30	91		14	螢			6ABE				1	
p91-31	91		15	燮	1-87-67	3						
p91-32	91		15	くさかんむり／熱	2-80-7	4						
p91-33	91		15	火＋竹かんむり／（皀＋卩）	2-80-8	4						
p91-34	91		15	火＋慮			7208					
p91-35	91		15	火＋鑞のつくり			7209					
p91-36	91		16	火＋閻			7213					
p91-37	91		16	火＋（日／華）			7217					
p91-38	91		17	風にょう＋（火／（火＋火））	1-94-8	3					1	
p91-39	91		17	火＋龠			721A					
p91-40	91		17	火＋嚼のつくり			721D					
p91-41	91		18	火＋（離れたくさかんむり／（口＋口）／隹）			721F					
p91-42	91		19	くさかんむり／（酉＋隹）／れんが	1-91-44	3					1	
p91-43	91		21	火＋（くさかんむり／闌）			7224					
p91-44	91	爪爫⺥	0	采−木	2-80-9	4						
p91-45	91	爪爫⺥	0	孚−子	2-80-10	4						
p91-46	91	爪爫⺥	3	綏のつくり				妥	包摂適用	21		1
p91-47	91	爪爫⺥	3					孚	包摂適用	21		1
p91-48	91	爪爫⺥	3	埒のつくり	2-8-11	4					1	
p91-49	91	爪爫⺥	4	綵のつくり				采	包摂適用	21		1
p91-50	91	爪爫⺥	4					受	包摂適用	21		1
p92-0	92		5	孚			722F					
p92-1	92		6	稻のつくり			8200				1	
p92-2	92		8	金＋爪			91FD				1	
p92-3	92		10	隱のつくり	2-12-64	4					1	
p92-4	92		10	國＋爪	2-80-11	4						
p92-5	92		11	爪＋國			24529					
p92-6	92		14	嚼のつくり				爵	包摂適用	154		1
p92-7	92		14					爵	包摂適用	154		1
p92-8	92	父	0	皎のつくり−亠				父	デザイン差	UCV235		1
p92-9	92	父	2	皎のつくり				交	デザイン差	UCV235		1
p92-10	92	父	4	父／斤				斧	デザイン差	UCV235		1
p92-11	92	父	4	（皎のつくり−亠）／巴	2-80-12	4						
p92-12	92	父	6					釜	デザイン差	UCV235		1
p92-13	92	父	6	（皎のつくり−亠）／多	2-80-13	4						
p92-14	92	父	9	父／耶				爺	デザイン差	UCV235		1
p92-15	92	爻	4	言＋爻			8A24				1	
p92-16	92	丬爿	0	将のへん	2-80-14	4						
p92-17	92	丬爿	4	爿＋犬	1-87-74	3		状	包摂適用	162	1	
p92-18	92	丬爿	4	爿＋戈	2-12-83	4					1	
p92-19	92	丬爿	5	爿＋可			7241					
p92-20	92	丬爿	6	爿＋羊	2-80-15	4						
p92-21	92	丬爿	7	將				将	包摂適用		1	1
p92-22	92	丬爿	8	爿＋喋のつくり			7243					
p92-23	92	丬爿	11	爿＋庸			7245					
p92-24	92	片	8	片＋婢のつくり				牌	包摂適用	103		1
p92-25	92	片	9	片＋怱			724E					
p92-26	92	片	9	片＋兪			724F					
p92-27	92	片	9	片＋插のつくり			7250					
p92-28	92	片	10	片＋旁	2-80-16	4						
p92-29	92	片	11	片＋總のつくり	1-87-68	3						
p92-30	92	片	11	片＋（戸の旧字＋甫）	1-87-69	3						
p92-31	92	片	11	片＋庸	2-80-17	4						
p92-32	92	片	11	魚＋片			9B78				1	
p92-33	92	片	13	片＋嗇			245FC					
p93-0	93		0	呀のつくり				牙	包摂適用	121		1
p93-1	93		2	冫＋呀のつくり				冴	包摂適用	121	1	1
p93-2	93		3	くさかんむり／呀のつくり				芽	包摂適用	121	1	1
p93-3	93		3	呀のつくり＋おおざと				邪	包摂適用	121	1	1
p93-4	93		3	口＋冴のつくり				呀	包摂適用	121	1	1
p93-5	93		4	木＋冴のつくり	2-14-40	4					1	
p93-6	93		4	二点しんにょう＋冴のつくり	2-89-81	4					1	
p93-7	93		5	穴かんむり／呀のつくり				穿	包摂適用	121	1	1
p93-8	93		5	石＋冴のつくり			7811				1	
p93-9	93		6	虫＋冴のつくり	2-87-34	4					1	
p93-10	93		7	言＋呀のつくり				訝	包摂適用	121	1	1
p93-11	93		8	呀のつくり＋隹				雅	包摂適用	121	1	1
p93-12	93		8	掌			725A					
p93-13	93		11	呀のつくり＋鳥				鴉	包摂適用	121	1	1
p93-14	93		11	てへん＋掌			6490				1	
p93-15	93		15	齒＋冴のつくり			9F56				1	
p93-16	93	牛	0	特のへん			725C					
p93-17	93	牛	2	特のへん＋力			725E					
p93-18	93	牛	3	晧のつくり				告	包摂適用	42	1	1
p93-19	93	牛	3	特のへん＋仞のつくり	2-80-18	4						
p93-20	93	牛	3	特のへん＋也			7260					
p93-21	93	牛	4	双／牛	2-80-19	4						
p93-22	93	牛	4	特のへん＋亢			7268					
p93-23	93	牛	4	特のへん＋戈			726B					
p93-24	93	牛	5	代／牛	2-80-20	4						
p93-25	93	牛	5	特のへん＋古	2-80-21	4						
p93-26	93	牛	5	特のへん＋可			7271					
p93-27	93	牛	6	特のへん＋字	2-80-22	4						
p93-28	93	牛	6	特のへん＋銓のつくり			7277					
p93-29	93	牛	6	特のへん＋羊			4367				1	
p93-30	93	牛	7	特のへん＋売	1-87-70	3						
p93-31	93	牛	7	特のへん＋晧のつくり	2-80-23	4						
p93-32	93	牛	7	特のへん＋尨			727B					
p93-33	93	牛	7	特のへん＋徑のつくり			727C					
p93-34	93	牛	7	特のへん＋角			89D5				1	
p93-35	93	牛	7	特のへん＋孛			3E40					
p93-36	93	牛	7	犂								pdf
p93-37	93	牛	8	特のへん＋奇			7284					
p93-38	93	牛	8	特のへん＋享			7289					
p93-39	93	牛	8	金＋牛			921D				1	
p93-40	93	牛	9	特のへん＋廴＋聿	1-87-71	3						
p93-41	93	牛	9	封／牛	2-80-24	4						
p93-42	93	牛	9	牟＋含	2-80-25	4						
p93-43	93	牛	10	特のへん＋芻			7293					
p93-44	93	牛	11	釐	1-87-72	3						
p93-45	93	牛	23	（隹＋隹）／牛			72A8					
p93-46	93	犬犭	0	けものへん	2-80-26	4						
p93-47	93	犬犭	1	拔のつくり	2-80-27	4						
p93-48	93	犬犭	2	けものへん＋九	2-80-28	4						
p93-49	93	犬犭	3	宀／犬			5B8A				1	
p93-50	93	犬犭	3	けものへん＋丸	2-80-29	4						
p94-0	94		3	けものへん＋干			72B4					
p94-1	94		4	爿＋犬	1-87-74	3		状	包摂適用	162		
p94-2	94		4	戸の旧字＋犬	1-84-67	3		戻	包摂適用	124	1	
p94-3	94		4	戸＋犬				戻	包摂適用	124	1	1
p94-4	94		4	けものへん＋犬	1-87-73	3						
p94-5	94		4	けものへん＋允	2-80-30	4						
p94-6	94		4	けものへん＋屯	2-80-31	4						
p94-7	94		4	けものへん＋木			72C7					
p94-8	94		4	木＋犬			67A4				1	
p94-9	94		5	けものへん＋生	2-80-32	4						
p94-10	94		5	けものへん＋召	2-80-33	4						
p94-11	94		5	けものへん＋由	2-80-34	4						
p94-12	94		5	けものへん＋丕			72C9					
p94-13	94		5	けものへん＋幼			72D5					
p94-14	94		5	けものへん＋鴪のへん			72D6					
p94-15	94		5	けものへん＋戉			72D8					
p94-16	94		5	けものへん＋付			24754					
p94-17	94		6					狡	デザイン差	UCV235		1
p94-18	94		6	けものへん＋亘			72DF					
p94-19	94		6	けものへん＋旬			72E5					
p94-20	94		7	けものへん＋俊のつくり	1-87-75	3						
p94-21	94		7	けものへん＋余	2-80-35	4						
p94-22	94		7	けものへん＋言	2-80-36	4						
p94-23	94		7	けものへん＋陛のつくり			72F4					
p94-24	94		7	けものへん＋折			72FE					
p94-25	94		7	けものへん＋旱			7302					
p94-26	94		7	けものへん＋完			247B5					
p94-27	94		8	けものへん＋青				猜	包摂適用	11	1	1
p94-28	94		8	けものへん＋虎	2-80-37	4						
p94-29	94		8	厭−厂	2-80-38	4						
p94-30	94		8	けものへん＋制	2-80-39	4						
p94-31	94		8	けものへん＋爭	2-80-40	4						
p94-32	94		8	けものへん＋苟	2-80-41	4						
p94-33	94		8	けものへん＋京			7304					
p94-34	94		8	けものへん＋非			7305					
p94-35	94		8	犬／（犬＋犬）			730B					
p94-36	94		8	けものへん＋來			730D					
p94-37	94		8	けものへん＋果			7313					
p94-38	94		8	けものへん＋舍			731E					
p94-39	94		9	けものへん＋鰌のつくり				猶	包摂適用	11		1
p94-40	94		9	鰌のつくり＋犬				猷	包摂適用	11		1
p94-41	94		9	けものへん＋睹のつくり	1-87-79	3		猪	包摂適用	125		
p94-42	94		9	けものへん＋腹のつくり	1-87-76	3						
p94-43	94		9	けものへん＋咼	1-87-77	3						
p94-44	94		9	けものへん＋爰	1-87-78	3						
p94-45	94		9	けものへん＋（木／旦）	2-80-42	4						
p94-46	94		9	けものへん＋胃	2-80-43	4						
p94-47	94		9	けものへん＋柔	2-80-44	4						
p94-48	94		9	けものへん＋（暇−日）	2-80-45	4						
p94-49	94		9	けものへん＋胡			7322					
p94-50	94		9	けものへん＋癸			7324					
p94-51	94		9	けものへん＋曷			7332					
p94-52	94		9	けものへん＋編のつくり			7335					
p94-53	94		9	けものへん＋愉のつくり			3E84					
p94-54	94		9	けものへん＋禊のつくり			7330					
p94-55	94		10	けものへん＋冥	2-80-46	4						
p94-56	94		10	けものへん＋搖のつくり			733A					
p95-0	95		10	けものへん＋孫			733B					
p95-1	95		10	凱のへん＋犬			7343					
p95-2	95		10	けものへん＋恙			3E8A					
p95-3	95		10	馬＋犬			4B7E				1	
p95-4	95		10	けものへん＋栗			2482B					
p95-5	95		11	けものへん＋章	1-87-80	3						
p95-6	95		11	敖／犬	2-80-47	4						
p95-7	95		11	けものへん＋竟			734D					
p95-8	95		12	けものへん＋（くさかんむり／喝のつくり）				※［＃「けものへん＋臈のつくり」、第3水準1-87-81］	包摂適用	150		1
p95-9	95		12	けものへん＋臈のつくり	1-87-81	3						
p95-10	95		12	けものへん＋爲	2-80-48	4						
p95-11	95		12	けものへん＋賁			7356					
p95-12	95		12	敝／犬			7358					
p95-13	95		12	けものへん＋橘のつくり			735D					
p95-14	95		12	けものへん＋童			735E					
p95-15	95		12	けものへん＋堯			735F					
p95-16	95		12	けものへん＋僚のつくり			7360					
p95-17	95		13	けものへん＋僉	2-80-49	4						
p95-18	95		13	けものへん＋解	2-80-50	4						
p95-19	95		13	けものへん＋操のつくり	2-80-51	4						
p95-20	95		13	けものへん＋鐶のつくり			7367					
p95-21	95		13	けものへん＋穢のつくり			7369					
p95-22	95		14	けものへん＋爾	2-80-52	4						
p95-23	95		14	けものへん＋熏	2-80-53	4						
p95-24	95		14	けものへん＋嬪のつくり	2-80-54	4						
p95-25	95		15	けものへん＋廣	2-80-55	4						
p95-26	95		16	けものへん＋盧			7379					
p95-27	95		17	けものへん＋彌	1-87-82	3						
p95-28	95		17	けものへん＋權のつくり			737E					
p95-29	95		19	けものへん＋羅			7380					
p95-30	95		20	けものへん＋嚴	2-80-56	4						
p95-31	95		20	けものへん＋矍			7383					
p95-32	95	玄	3	さんずい＋玄	1-86-62	3					1	
p95-33	95	玄	4	火＋玄	1-87-39	3					1	
p95-34	95	玄	4	玄＋少	2-80-57	4						
p95-35	95	玄	5	玄＋玄				茲	包摂適用			1
p95-36	95	玄	5	ころもへん＋玄			88A8				1	
p95-37	95	玄	6	蟀のつくり				率	包摂適用	17		1
p95-38	95	玄	6	虫＋玄			86BF				1	
p95-39	95	玄	7	言＋玄			8A43				1	
p95-40	95	王玉	1	玉の丶が上についている	2-80-58	4						
p95-41	95	王玉	2	王＋丁			738E					
p95-42	95	王玉	2	王＋八			7390					
p95-43	95	王玉	2	にんべん＋王			4EFC				1	
p95-44	95	王玉	3	酲のつくり				呈	包摂適用	1		1
p95-45	95	王玉	3	王＋干	1-87-83	3						
p95-46	95	王玉	3	王＋川	2-80-59	4						
p95-47	95	王玉	3	王＋己	2-80-60	4						
p96-0	96		3	兀のにょうの形＋王	1-47-62	3					1	
p96-1	96		3	尢のにょうの形＋王			5C2A				1	
p96-2	96		3	彳＋王			5F7A				1	
p96-3	96		3	王＋（勹＜一）			7393					
p96-4	96		3	王＋于			7397					
p96-5	96		4	王＋（吝−口）	1-87-84	3						
p96-6	96		4	王＋介	1-87-85	3						
p96-7	96		4	王＋扮のつくり	1-87-86	3						
p96-8	96		4	王＋夬	1-87-87	3						
p96-9	96		4	王＋攵	1-87-88	3						
p96-10	96		4	（釡−金）／儿のにょうの形＋王	2-8-14	4					1	
p96-11	96		4	王＋蚣のつくり	2-80-61	4						
p96-12	96		4	王＋夫	2-80-62	4						
p96-13	96		4	王＋月	2-80-63	4						
p96-14	96		4	琴−今	2-80-64	4						
p96-15	96		4	王＋今			73AA					
p96-16	96		4	王＋比			73AD					
p96-17	96		4	二点しんにょう＋王			8FCB				1	
p96-18	96		5					珊	包摂適用	94		1
p96-19	96		5					珊	包摂適用	94		1
p96-20	96		5	王＋欠				珎	包摂適用	31		1
p96-21	96		5	王＋民	1-87-89	3						
p96-22	96		5	王＋玉	1-87-90	3						
p96-23	96		5	王＋甘	2-80-65	4						
p96-24	96		5	王＋占	2-80-66	4						
p96-25	96		5	王＋玄	2-80-67	4						
p96-26	96		5	王＋此	2-80-68	4						
p96-27	96		5	王＋召	2-80-69	4						
p96-28	96		5	王＋申	2-80-70	4						
p96-29	96		5	王＋卯	2-80-71	4						
p96-30	96		5	王＋句			73BD					
p96-31	96		5	王＋台			73C6					
p96-32	96		5	王＋必			73CC					
p96-33	96		5	欠／玉			73BA					
p96-34	96		5	王＋且			73C7					
p96-35	96		6	王＋光	1-87-91	3						
p96-36	96		6	王＋共	1-87-92	3						
p96-37	96		6	王＋旬	1-87-93	3						
p96-38	96		6	王＋行	1-87-94	3						
p96-39	96		6	琴	2-80-72	4						
p96-40	96		6	王＋兆	2-80-73	4						
p96-41	96		6	王＋成	2-80-74	4						
p96-42	96		6	王＋聿			73D2					
p96-43	96		6	王＋皎のつくり			73D3					
p96-44	96		6	王＋栩のつくり			73DD					
p96-45	96		6	王＋向			73E6					
p96-46	96		6	王＋缶			73E4					
p96-47	96		7					望	包摂適用	36		1
p96-48	96		7					望	包摂適用	36		1
p96-49	96		7	王＋秀	1-88-1	3						
p96-50	96		7	王＋邪	1-88-2	3						
p96-51	96		7	王＋完	2-80-75	4						
p96-52	96		7	王＋君	2-80-76	4						
p96-53	96		7	王＋旋のつくり	2-80-77	4						
p96-54	96		7	王＋我			73F4					
p96-55	96		7	王＋酲のつくり			73F5					
p96-56	96		7	王＋誨のつくり			73FB					
p97-0	97		7	王＋梃のつくり			73FD					
p97-1	97		7	王＋足			73FF					
p97-2	97		7	王＋含			7400					
p97-3	97		7	王＋絹のつくり			7404					
p97-4	97		7	王＋悄のつくり			7411					
p97-5	97		7	車＋王			8ED6				1	
p97-6	97		8	王＋（冢−冖）	1-88-5	3		琢	包摂適用	129		
p97-7	97		8	王＋居	1-88-3	3						
p97-8	97		8	王＋深のつくり	1-88-4	3						
p97-9	97		8	王＋奇	1-88-6	3						
p97-10	97		8	王＋昆	1-88-7	3						
p97-11	97		8	王＋其	1-88-8	3						
p97-12	97		8	王＋奉	1-88-9	3						
p97-13	97		8	王＋宛	1-88-10	3						
p97-14	97		8	王＋宗	1-88-11	3						
p97-15	97		8	王＋官	1-88-12	3						
p97-16	97		8	王＋炎	1-88-13	3						
p97-17	97		8	王＋爭	2-80-78	4						
p97-18	97		8	王＋蜩のつくり	2-80-79	4						
p97-19	97		8	琴	2-80-80	4						
p97-20	97		8	王＋柬	2-80-81	4						
p97-21	97		8	王＋武			73F7					
p97-22	97		8	王＋昌			7429					
p97-23	97		8	王＋碌のつくり			742D					
p97-24	97		8	王＋朋			3EDA					
p97-25	97		8	王＋叔			7421					
p97-26	97		9	王＋宣	1-88-14	3						
p97-27	97		9	王＋星	1-88-15	3						
p97-28	97		9	王＋毒	1-88-16	3						
p97-29	97		9	王＋韋	1-88-17	3						
p97-30	97		9	王＋爰	1-88-18	3						
p97-31	97		9	王＋頁	1-93-87	3					1	
p97-32	97		9	王＋禹	2-80-82	4						
p97-33	97		9	王＋春	2-80-83	4						
p97-34	97		9	王＋奐	2-80-84	4						
p97-35	97		9	王＋昜	2-80-85	4						
p97-36	97		9	王＋皇	2-80-86	4						
p97-37	97		9	王＋彖			7451					
p97-38	97		9	王＋編のつくり			3EDE					
p97-39	97		9	王＋追			249EB					
p97-40	97		10	王＋容	1-88-19	3						
p97-41	97		10	王＋稻のつくり	1-88-20	3						
p97-42	97		10	王＋溏のつくり	1-88-21	3						
p97-43	97		10	王＋眞	2-80-87	4						
p97-44	97		10	王＋烏			7466					
p97-45	97		10	王＋秦			7467					
p97-46	97		10	王＋晉			7468					
p97-47	97		10	王＋栗			746E					
p97-48	97		10	王＋倉			7472					
p97-49	97		11	王＋膠のつくり	1-88-22	3						
p97-50	97		11	王＋旋	1-88-23	3						
p97-51	97		11	王＋二点しんにょうの連	1-88-24	3						
p97-52	97		11	王＋總のつくり	2-80-88	4						
p97-53	97		11	王＋樔のつくり	2-80-89	4						
p97-54	97		11	王＋敖	2-80-90	4						
p98-0	98		11	（臣＋月）／壬			6722				1	
p98-1	98		11	王＋崔			7480					
p98-2	98		12	王＋隣のつくり	1-88-25	3						
p98-3	98		12	王＋（廣−广）	1-88-26	3						
p98-4	98		12	王＋景	1-88-27	3						
p98-5	98		12	王＋饑のつくり	1-88-28	3						
p98-6	98		12	琴＋夫	2-80-91	4						
p98-7	98		12	王＋登	2-80-92	4						
p98-8	98		12	湯／玉	2-80-93	4						
p98-9	98		12	王＋僚のつくり	2-80-94	4						
p98-10	98		12	王＋番	2-81-1	4						
p98-11	98		12	王＋二点しんにょうの進	2-81-2	4						
p98-12	98		12	王＋敬	2-81-3	4						
p98-13	98		12	王の中の空白部に口が四つ			5669				1	
p98-14	98		12	王＋（彑／（「比			748F					
p98-15	98		12	王＋無			7491					
p98-16	98		12	王＋橘のつくり			749A					
p98-17	98		12	王＋渠			7496					
p98-18	98		13	王＋鐶のつくり				環	デザイン差	UCV62		1
p98-19	98		13	王＋路	1-88-29	3						
p98-20	98		13	王＋愛	1-88-30	3						
p98-21	98		13	王＋粲	1-88-31	3						
p98-22	98		13	王＋據のつくり	1-88-32	3						
p98-23	98		13	王＋操のつくり	2-81-4	4						
p98-24	98		13	王＋當	2-81-5	4						
p98-25	98		13	王＋亶			74AE					
p98-26	98		13	王＋會			74AF					
p98-27	98		13	王＋瑟			74B1					
p98-28	98		13	燧			74B2					
p98-29	98		14	王＋與	1-88-33	3						
p98-30	98		14	王＋睿	1-88-34	3						
p98-31	98		14	王＋壽	2-81-6	4						
p98-32	98		14	王＋翆	2-81-7	4						
p98-33	98		15	王＋黎	1-88-35	3						
p98-34	98		15	王＋賛	1-88-36	3						
p98-35	98		15	爨	2-81-8	4						
p98-36	98		16	王＋懷のつくり			74CC					
p98-37	98		16	王＋盧			74D0					
p98-38	98		17	王＋襄	2-81-9	4						
p98-39	98		17	王＋闌			74D3					
p98-40	98		18	王＋權のつくり	2-81-10	4						
p98-41	98		19	王＋贊	1-88-37	3						
p98-42	98		20	王＋獻			74DB					
p98-43	98	瓜	0					瓜	包摂適用	107		1
p98-44	98	瓜	3	さんずい＋瓜			6CD2				1	
p98-45	98	瓜	4	月＋瓜			80CD				1	
p98-46	98	瓜	5	瓜のにょうの形＋失	2-81-11	4						
p98-47	98	瓜	5	瓜のにょうの形＋鉋のつくり			74DF					
p98-48	98	瓜	5	罘			7F5B				1	
p98-49	98	瓜	6					瓠	包摂適用	107		1
p98-50	98	瓜	6	竹かんむり／瓜			7B1F				1	
p98-51	98	瓜	7	車＋瓜			8EF1				1	
p98-52	98	瓜	8	瓜＋長			24B05					
p98-53	98	瓜	17	襄＋瓜			74E4					
p99-0	99	瓦	3	功のへん＋瓶のつくり			74E8					
p99-1	99	瓦	4	区＋瓶のつくり	2-81-12	4						
p99-2	99	瓦	4	扮のつくり／瓦	2-81-13	4						
p99-3	99	瓦	4	瓰			74EA					
p99-4	99	瓦	5	令＋瓶のつくり			74F4					
p99-5	99	瓦	6	缶＋瓦	2-84-67	4					1	
p99-6	99	瓦	6	瓦＋缶								pdf
p99-7	99	瓦	7	瓰	2-81-14	4						
p99-8	99	瓦	7	髟のへん＋瓶のつくり	2-81-15	4						
p99-9	99	瓦	7	希＋瓶のつくり			74FB					
p99-10	99	瓦	7	瓰			74FC					
p99-11	99	瓦	8	餠のつくり＋瓶のつくり	1-88-39	3		瓶	包摂適用	97		
p99-12	99	瓦	8	倍のつくり＋瓶のつくり	1-88-38	3						
p99-13	99	瓦	9	瓰	2-81-16	4						
p99-14	99	瓦	9	茲／瓦			7506					
p99-15	99	瓦	12	曾＋瓶のつくり				甑	包摂適用	101		1
p99-16	99	瓦	12	無＋瓶のつくり			7512					
p99-17	99	瓦	14	嬰			7516					
p99-18	99	瓦	16	獻のへん＋瓶のつくり	1-88-40	3						
p99-19	99	甘	3	口＋甘			5481				1	
p99-20	99	甘	6	甘＋舌			751B					
p99-21	99	生	3	夕＋生			591D				1	
p99-22	99	生	4	日＋生	2-81-17	4						
p99-23	99	生	4	歹＋生			6B85				1	
p99-24	99	生	5	生／目	2-81-92	4					1	
p99-25	99	生	5	甥のへん＋生			7521					
p99-26	99	生	6	顏のへん				産	包摂適用	72		1
p99-27	99	生	6	虫＋生	2-87-37	4					1	
p99-28	99	生	7					甦	デザイン差	UCV235		1
p99-29	99	生	7	豕のにょうの形＋生	2-81-18	4						
p99-30	99	生	7	貝＋生			8CB9				1	
p99-31	99	生	8	金＋生	2-90-60	4					1	
p99-32	99	生	9	（甥のへん＋生）／（胃−田）			7527					
p99-33	99	生	10	くさかんむり／（豕のにょうの形＋生）	1-91-25	3					1	
p99-34	99	生	11	魚＋生	1-94-39	3					1	
p99-35	99	生	13	鼬			9F2A				1	
p99-36	99	用	0	甬−マ			7529					
p99-37	99	用	1	丿／用	2-81-19	4						
p99-38	99	用	2	にんべん＋用			4F63				1	
p99-39	99	用	3	くさかんむり／用			82DA				1	
p99-40	99	用	7	宀／心／（甬−マ）	1-88-41	3						
p100-0	100		1	鬼−儿−厶			7536					
p100-1	100		2	田＋人	2-81-20	4						
p100-2	100		2	田＋又	2-81-21	4						
p100-3	100		2	娉のつくり			7539					
p100-4	100		3	田＋川	2-81-22	4						
p100-5	100		3	緇のつくり	2-81-23	4						
p100-6	100		3	鼾のへん−自	2-81-24	4						
p100-7	100		3	田＋氓のへん			753F					
p100-8	100		3	申＋（勹＜一）			7543					
p100-9	100		4	田＋反	2-81-25	4						
p100-10	100		4	田＋犬	2-81-26	4						
p100-11	100		4	福のつくり	2-81-27	4						
p100-12	100		4	畝のへん＋人	2-81-28	4						
p100-13	100		4	田＋（勹＜二）			7547					
p100-14	100		5	田＋絆のつくり				畔	包摂適用	12		1
p100-15	100		5	田＋比	1-86-44	3					1	
p100-16	100		5	亠／口／田			7557					
p100-17	100		5	田＋十＋畝のつくり			755E					
p100-18	100		5	亠／（田＋畝のつくり）								1
p100-19	100		5	稷のつくり			755F					
p100-20	100		6	田＋亥			7561					
p100-21	100		7	田＋俊のつくり	1-88-42	3						
p100-22	100		7	余／田	2-81-29	4						
p100-23	100		7	人がしら／示／田	2-81-30	4						
p100-24	100		7	澑のつくり	2-81-31	4						
p100-25	100		8	書				畫	包摂適用	177		1
p100-26	100		8	田＋宛	1-88-43	3						
p100-27	100		8	橿のつくり	2-81-32	4						
p100-28	100		9	田＋重	2-81-33	4						
p100-29	100		9	田＋劵			757B					
p100-30	100		9	田＋昜			757C					
p100-31	100		9	嚏のつくり			7590				1	
p100-32	100		10	儡のつくり	2-81-34	4						
p100-33	100		11	田＋膠のつくり	2-81-35	4						
p100-34	100		13	田＋橿のつくり			7585					
p100-35	100		16	儡のつくり／糸	1-90-24	3					1	
p100-36	100		19	（口＋口）／田／一／黽			9F09				1	
p100-37	100	疋𤴔	0	疎のへん	2-81-36	4						
p100-38	100	疋𤴔	3	捷のつくり	2-81-37	4						
p100-39	100	疋𤴔	9	嚏のつくり			7590					
p100-40	100	疒	0	やまいだれ	1-88-44	3						
p100-41	100	疒	2	やまいだれ＋朽のつくり	1-88-45	3						
p100-42	100	疒	2	やまいだれ＋乃			7593					
p100-43	100	疒	2	やまいだれ＋化のつくり			7595					
p100-44	100	疒	3	やまいだれ＋土	2-81-38	4						
p100-45	100	疒	3	やまいだれ＋乞			7599					
p100-46	100	疒	3	やまいだれ＋下			759C					
p100-47	100	疒	4	やまいだれ＋火	2-81-39	4						
p100-48	100	疒	4	やまいだれ＋水	2-81-40	4						
p101-0	101		4	やまいだれ＋巴			75A4					
p101-1	101		4	やまいだれ＋比			75AA					
p101-2	101		5					病	包摂適用	80		1
p101-3	101		5					疼	包摂適用	25		1
p101-4	101		5	やまいだれ＋（麈−鹿）	2-81-41	4						
p101-5	101		5	やまいだれ＋低のつくり	2-81-42	4						
p101-6	101		5	やまいだれ＋弗	2-81-43	4						
p101-7	101		5	やまいだれ＋句	2-81-44	4						
p101-8	101		5	やまいだれ＋尼	2-81-45	4						
p101-9	101		5	やまいだれ＋可			75B4					
p101-10	101		5	やまいだれ＋乏			75BA					
p101-11	101		5	やまいだれ＋占			75C1					
p101-12	101		5	やまいだれ＋乍			75C4					
p101-13	101		5	やまいだれ＋径のつくり			2B7AC					
p101-14	101		6	やまいだれ＋亥	1-88-46	3						
p101-15	101		6	やまいだれ＋有	2-81-46	4						
p101-16	101		6	やまいだれ＋至	2-81-47	4						
p101-17	101		6	やまいだれ＋同			75CC					
p101-18	101		7	やまいだれ＋坐	1-88-47	3						
p101-19	101		7	やまいだれ＋尨	2-81-48	4						
p101-20	101		7	やまいだれ＋悄のつくり	2-81-49	4						
p101-21	101		7	やまいだれ＋俊のつくり	2-81-50	4						
p101-22	101		7	やまいだれ＋沙	2-81-51	4						
p101-23	101		7	やまいだれ＋誨のつくり			75D7					
p101-24	101		7	やまいだれ＋（禾／几）			75DC					
p101-25	101		7	やまいだれ＋甫			75E1					
p101-26	101		8	やまいだれ＋於	1-88-48	3						
p101-27	101		8	やまいだれ＋亞	1-88-49	3						
p101-28	101		8	やまいだれ＋易	2-81-52	4						
p101-29	101		8	やまいだれ＋長	2-81-53	4						
p101-30	101		8	やまいだれ＋（緋−糸）	2-81-54	4						
p101-31	101		8	やまいだれ＋（鼾のへん−自）	2-81-55	4						
p101-32	101		8	やまいだれ＋（冢−冖）	2-81-56	4						
p101-33	101		8	やまいだれ＋官			75EF					
p101-34	101		8	やまいだれ＋昔			7604					
p101-35	101		9	やまいだれ＋禊のつくり	1-88-50	3						
p101-36	101		9	やまいだれ＋（暇−日）	1-88-51	3						
p101-37	101		9	やまいだれ＋音	1-88-52	3						
p101-38	101		9	やまいだれ＋楼のつくり	2-81-57	4						
p101-39	101		9	やまいだれ＋重	2-81-58	4						
p101-40	101		9	やまいだれ＋睹のつくり	2-81-59	4						
p101-41	101		9	やまいだれ＋皇	2-81-60	4						
p101-42	101		9	やまいだれ＋曷	2-81-61	4						
p101-43	101		9	やまいだれ＋奐	2-81-62	4						
p101-44	101		9	やまいだれ＋侯			760A					
p101-45	101		9	やまいだれ＋剌			760C					
p101-46	101		9	やまいだれ＋軍			7612					
p101-47	101		9	やまいだれ＋発			3FB1					
p101-48	101		9	やまいだれ＋罘			24E04					
p101-49	101		9	やまいだれ＋（夂／一／生）			24E07					
p101-50	101		14	やまいだれ＋溲のつくり	1-94-93	3		痩	包摂適用			
p101-51	101		10	やまいだれ＋嫂のつくり				痩	包摂適用			1
p101-52	101		10	やまいだれ＋蚤	1-88-53	3						
p101-53	101		10	やまいだれ＋（夾／土）	1-88-54	3						
p101-54	101		10	やまいだれ＋挈	2-81-63	4						
p102-0	102		10	やまいだれ＋息	2-81-64	4						
p102-1	102		10	やまいだれ＋（君／巾）	2-81-65	4						
p102-2	102		10	やまいだれ＋差	2-81-66	4						
p102-3	102		10	やまいだれ＋眞	2-81-67	4						
p102-4	102		10	やまいだれ＋莫	2-81-68	4						
p102-5	102		10	やまいだれ＋衆			761D					
p102-6	102		10	やまいだれ＋鬼			7623					
p102-7	102		10	やまいだれ＋荅			7629					
p102-8	102		10	やまいだれ＋兼			3FBE					
p102-9	102		10	やまいだれ＋鬲			2AF76					
p102-10	102		11	やまいだれ＋票	1-88-55	3						
p102-11	102		11	やまいだれ＋祭	1-88-56	3						
p102-12	102		11	やまいだれ＋膠のつくり	2-81-69	4						
p102-13	102		11	やまいだれ＋區	2-81-70	4						
p102-14	102		11	やまいだれ＋從			7632					
p102-15	102		11	やまいだれ＋（加／肉）			7638					
p102-16	102		11	やまいだれ＋鉤			7639					
p102-17	102		11	やまいだれ＋漏のつくり			763A					
p102-18	102		11	やまいだれ＋陰			764A					
p102-19	102		11	やまいだれ＋責			24E60					
p102-20	102		12	やまいだれ＋間				癇	包摂適用	152		1
p102-21	102		12	やまいだれ＋（嶐−山）	1-88-57	3						
p102-22	102		12	やまいだれ＋惡	1-88-58	3						
p102-23	102		12	やまいだれ＋貴	2-81-71	4						
p102-24	102		12	やまいだれ＋復	2-81-72	4						
p102-25	102		12	やまいだれ＋軫	2-81-73	4						
p102-26	102		12	やまいだれ＋單	2-81-74	4						
p102-27	102		12	やまいだれ＋澑のつくり			7645					
p102-28	102		12	やまいだれ＋（廣−广）			7640					
p102-29	102		12	やまいだれ＋焦			7644					
p102-30	102		13	癒				癒	包摂適用	178		1
p102-31	102		13	やまいだれ＋雍	2-81-75	4						
p102-32	102		13	やまいだれ＋鼠			7659					
p102-33	102		13	やまいだれ＋僉			3FCC					
p102-34	102		10	やまいだれ＋嫂のつくり				痩	包摂適用			1
p102-35	102		14	やまいだれ＋溲のつくり	1-94-93	3		痩	包摂適用			
p102-36	102		14	やまいだれ＋（自／侖）			765F					
p102-37	102		13	やまいだれ＋節				※［＃「やまいだれ＋竹かんむり／（皀＋卩）」、第3水準1-88-59］	包摂適用			1
p102-38	102		15	やまいだれ＋竹かんむり／（皀＋卩）	1-88-59	3						
p102-39	102		15	やまいだれ＋徴	1-88-60	3						
p102-40	102		16	やまいだれ＋頼				癩	包摂適用	151		1
p102-41	102		16	やまいだれ＋（禿＋頁）	2-81-76	4						
p102-42	102		17	やまいだれ＋嬰	1-88-61	3						
p102-43	102		17	やまいだれ＋隱	2-81-77	4						
p102-44	102		18	やまいだれ＋瞿	1-88-62	3						
p102-45	102		18	やまいだれ＋（攤−てへん）	1-88-63	3						
p102-46	102		23	やまいだれ＋攣			7674					
p102-47	102		23	やまいだれ＋龠								pdf
p102-48	102		28	やまいだれ＋自／龠			3FDC					
p102-49	102	癶	7	癶／言			279B4				1	
p102-50	102	癶	9	口＋（癶／虫）	2-4-29	4					1	
p103-0	103		2	兵	1-14-51	3					1	
p103-1	103		2	梍のつくり				皀	包摂適用	153		1
p103-2	103		2	白／十	1-88-64	3						
p103-3	103		2	白＋力			52B0				1	
p103-4	103		3	白＋（勹＜一）				的	包摂適用	32		1
p103-5	103		3	白／大	2-5-35	4					1	
p103-6	103		4	二点しんにょうの迫				迫	包摂適用	128		1
p103-7	103		4	白＋巴			7685					
p103-8	103		5	白＋末			768C					
p103-9	103		5	白／比			768D					
p103-10	103		6	褶のつくり				習	包摂適用	18		1
p103-11	103		6	白＋光			3FE0					
p103-12	103		7	白＋晧のつくり				皓	包摂適用	42		1
p103-13	103		7	百＋百	2-81-78	4						
p103-14	103		10	白／（白＋白）	1-88-65	3						
p103-15	103		10	皇＋光	1-88-66	3						
p103-16	103		10	白＋皋	1-88-67	3						
p103-17	103		10	白＋高	2-81-79	4						
p103-18	103		11	白＋皐	2-81-80	4						
p103-19	103		11	白＋崔	2-81-81	4						
p103-20	103		11	白＋責			769F					
p103-21	103		12	白＋堯			76A2					
p103-22	103		12	白＋華			76A3					
p103-23	103		12	白＋番			76A4					
p103-24	103		12	白＋（「皐			76A5					
p103-25	103		13	激	1-88-68	3						
p103-26	103		13	白＋愛	2-81-82	4						
p103-27	103		13	白／（白＋白）／土	2-81-83	4						
p103-28	103		15	白＋樂	1-88-69	3						
p103-29	103		18	白＋嚼のつくり			76AD					
p103-30	103		22	泉／（泉＋泉）	2-79-54	4					1	
p103-31	103	皮	3	巾＋皮	1-84-9	3					1	
p103-32	103	皮	3	皮＋干	2-81-84	4						
p103-33	103	皮	4	木＋皮	1-85-58	3					1	
p103-34	103	皮	7	言＋皮			8A56				1	
p103-35	103	皮	7	麸			24FF2				1	
p103-36	103	皮	8	金＋皮	1-93-7	3					1	
p103-37	103	皮	8	皮＋鞠のつくり								1
p103-38	103	皮	9	査＋皮	1-88-70	3						
p103-39	103	皮	10	髟／皮			9AF2				1	
p103-40	103	皮	11	麥＋皮	1-94-77	3					1	
p103-41	103	皮	11	麩				※［＃「麥＋皮」、第3水準1-94-77］	包摂適用		1	1
p103-42	103	皮	11	魚＋皮			9B8D				1	
p103-43	103	皮	13	顫のへん＋皮			76BD					
p103-44	103	皮	15	暴＋皮			3FFA					
p103-45	103	皿	2	乃／皿			76C1					
p103-46	103	皿	4					盆	デザイン差	UCV236		1
p103-47	103	皿	4	中／皿	1-88-71	3						
p103-48	103	皿	4	友／皿	2-81-85	4						
p103-49	103	皿	4	温のつくり			6637				1	
p103-50	103	皿	4	水／皿			6CF4				1	
p104-0	104		5	縊のつくり				益	包摂適用	11		1
p104-1	104		5	怨	1-88-72	3						
p104-2	104		5	央／皿	1-88-73	3						
p104-3	104		5	禾／皿	2-81-86	4						
p104-4	104		5	慍のつくり	2-81-87	4						
p104-5	104		5	拔のつくり／皿			76CB					
p104-6	104		5	銭のつくりの横棒が二本／皿			76CF					
p104-7	104		5	銭のつくりの上の点がない／皿			2506B					
p104-8	104		6	灰／皿	1-88-74	3						
p104-9	104		7					盛	包摂適用	113		1
p104-10	104		7	甫／皿			76D9					
p104-11	104		9	彖／皿			76E0					
p104-12	104		11	今／酉／皿	1-88-75	3						
p104-13	104		12	須／皿	2-81-88	4						
p104-14	104		12	竹かんむり／艮／皿	2-83-69	4					1	
p104-15	104		12	孑＋盡			5B7B				1	
p104-16	104		12	（幸＋攵）／皿			76E9					
p104-17	104		13	竹かんむり／甫／皿	1-89-74	3					1	
p104-18	104		13	監	2-81-89	4						
p104-19	104		13	合／酉／皿			76EB					
p104-20	104		23	艷のへん＋盍	2-88-94	4					1	
p104-21	104	目	3					直	包摂適用	118		1
p104-22	104	目	3	盲				盲	包摂適用	51		1
p104-23	104	目	3	目＋于	1-88-76	3						
p104-24	104	目	3	目＋干			76F0					
p104-25	104	目	4	目＋丐				眄	統合適用	UCV326		pdf
p104-26	104	目	4	瑁のつくり				冒	包摂適用	68		1
p104-27	104	目	4	目＋扮のつくり	1-88-77	3						
p104-28	104	目	4	目＋毛	1-88-78	3						
p104-29	104	目	4	目＋木	2-81-90	4						
p104-30	104	目	4	目＋元			76F6					
p104-31	104	目	4	目＋屯			76F9					
p104-32	104	目	4	目＋月			7700					
p104-33	104	目	4	目＋方			7706					
p104-34	104	目	4	目＋蚌のつくり			76FD					
p104-35	104	目	4	目＋丑			25128					
p104-36	104	目	5	目＋台	1-88-79	3						
p104-37	104	目	5	目＋句	2-81-91	4						
p104-38	104	目	5	生／目	2-81-92	4						
p104-39	104	目	5	目＋示			770E					
p104-40	104	目	5	目＋申			7712					
p104-41	104	目	5	罘			7714					
p104-42	104	目	5	目＋珍のつくり			7715					
p104-43	104	目	5	目＋末			771C					
p104-44	104	目	5	怨			7722					
p104-45	104	目	5	目＋乏			7728					
p104-46	104	目	5	目＋永			773F					
p104-47	104	目	5	目＋比			401D					
p104-48	104	目	6	券				眷	包摂適用	14		1
p104-49	104	目	6	目＋旬	1-88-80	3						
p105-0	105		6	目＋匡	1-88-81	3						
p105-1	105		6	目＋圭	2-81-93	4						
p105-2	105		6	目＋多	2-81-94	4						
p105-3	105		6	目＋同			772E					
p105-4	105		6	目＋米			772F					
p105-5	105		6	目＋（鎹のつくり−しんにょう）			7739					
p105-6	105		6	罘			773E					
p105-7	105		6	目＋派のつくりの４角目がはねたもの			773D					
p105-8	105		6	目＋名			7733					
p105-9	105		6	目＋争			7741					
p105-10	105		7	目＋完	1-88-82	3						
p105-11	105		7	目＋見	1-88-83	3						
p105-12	105		7	目＋希	1-88-84	3						
p105-13	105		7	目＋児	2-82-1	4						
p105-14	105		7	目＋來	2-82-2	4						
p105-15	105		7	（（凵＜（谷−口））−左の縦棒）／（丿＋目）			7742					
p105-16	105		7	目＋旱			7745					
p105-17	105		7	目＋絹のつくり			774A					
p105-18	105		7	目＋俛のつくり			774C					
p105-19	105		8	目＋免			774C					
p105-20	105		7	目＋困			774F					
p105-21	105		8	目＋爭	1-88-85	3						
p105-22	105		8	目＋卒	1-88-86	3						
p105-23	105		8	目＋隹	1-88-87	3						
p105-24	105		8	目＋検のつくり	2-82-3	4						
p105-25	105		8	目＋卓	2-82-4	4						
p105-26	105		8	鐶のつくり	2-82-5	4						
p105-27	105		8	目＋卷	2-82-6	4						
p105-28	105		8	澤のつくり	2-82-7	4						
p105-29	105		8	目＋炎			7752					
p105-30	105		8	目＋陵のつくり			7756					
p105-31	105		8	目＋易			7757					
p105-32	105		8	目＋來			775E					
p105-33	105		8	目＋（鼾のへん−自）			7764					
p105-34	105		8	目＋昏			7767					
p105-35	105		8	目＋綵のつくり			776C					
p105-36	105		8	目＋碌のつくり			7769					
p105-37	105		8	目＋録のつくり			7769					
p105-38	105		8	目＋其								1
p105-39	105		9	目＋侯	1-88-88	3						
p105-40	105		10	目＋候								1
p105-41	105		9	鶩	1-88-89	3						
p105-42	105		9	目＋満のつくり	2-82-8	4						
p105-43	105		9	目＋星	2-82-9	4						
p105-44	105		9	目＋是	2-82-10	4						
p105-45	105		9	目＋癸	2-82-11	4						
p105-46	105		9	目＋荅	2-82-12	4						
p105-47	105		9	目＋若			7770					
p105-48	105		9	目＋奎			7773					
p105-49	105		9	目＋軍			7774					
p105-50	105		9	目＋苗			7784					
p105-51	105		10	目＋搖のつくり	2-82-13	4						
p105-52	105		10	目＋盍			778C					
p105-53	105		10	目＋嫂のつくり			778D					
p105-54	105		10	目＋溲のつくり			778D					
p106-0	106		10	塞			2523D					
p106-1	106		11	目＋責	1-88-90	3						
p106-2	106		11	目＋寅	2-82-14	4						
p106-3	106		11	目＋票	2-82-15	4						
p106-4	106		11	夢	2-82-16	4						
p106-5	106		11	目＋章			7795					
p106-6	106		11	醫			7796					
p106-7	106		12	敝／目				瞥	包摂適用	16		1
p106-8	106		12	目＋登	1-88-91	3						
p106-9	106		12	目＋閏	2-82-17	4						
p106-10	106		12	目＋属	2-82-18	4						
p106-11	106		12	目＋焦			77A7					
p106-12	106		12	轍			77AE					
p106-13	106		12	目＋燗のつくり			77AF					
p106-14	106		12	目＋華			77B1					
p106-15	106		12	目＋隣のつくり			77B5					
p106-16	106		13	瞿			77BE					
p106-17	106		14	目＋濘のつくり			77C3					
p106-18	106		14	目＋嬪のつくり			77C9					
p106-19	106		15	目＋（離れたくさかんむり／（罘−不）／冖／目）			77D2					
p106-20	106		15	目＋（黨−尚）／土			407C					
p106-21	106		15	目＋廣			77CC					
p106-22	106		16	目＋盧			77D1					
p106-23	106		19	戀			77D5					
p106-24	106		20	目＋（門＜敢）			77D9					
p106-25	106	矛	4	鶩−鳥	2-13-66	4					1	
p106-26	106	矛	7	橘のつくり	2-82-19	4						
p106-27	106	矛	7	矛＋悄のつくり	2-82-20	4						
p106-28	106	矛	8	矛＋昔	1-88-92	3						
p106-29	106	矛	8	雨かんむり／矛			96FA				1	
p106-30	106	矛	10	髟／矛			9AF3				1	
p106-31	106	矢	3	弓＋矢	2-82-21	4						
p106-32	106	矢	3	土へん＋矢			5781				1	
p106-33	106	矢	4	危	2-82-22	4						
p106-34	106	矢	5					矩	包摂適用	50		1
p106-35	106	矢	6	知	2-82-23	4						
p106-36	106	矢	7	知	2-82-24	4						
p106-37	106	矢	7	知	2-82-25	4						
p106-38	106	矢	12	知	2-82-26	4						
p106-39	106	矢	14	知			77F1					
p106-40	106	石	2	石＋力	2-3-36	4					1	
p106-41	106	石	2	石＋丁	2-82-27	4						
p106-42	106	石	3	石＋乞	2-82-28	4						
p106-43	106	石	3	土へん＋石			5767				1	
p107-0	107		3	さんずい＋石			6CB0				1	
p107-1	107		3	石＋干			77F8					
p107-2	107		4	石＋尺	2-82-29	4						
p107-3	107		4	石＋水	2-82-30	4						
p107-4	107		4	石＋夫	2-82-31	4						
p107-5	107		4	（挈−刀−手）／石	2-82-32	4						
p107-6	107		4	石＋欠	2-82-33	4						
p107-7	107		4	石＋介			780E					
p107-8	107		5	石＋鉋のつくり				砲	包摂適用	70		1
p107-9	107		5	石＋乏	1-88-93	3						
p107-10	107		5	石＋瓦	2-82-34	4						
p107-11	107		5	石＋玉	2-82-35	4						
p107-12	107		5	石＋立	2-82-36	4						
p107-13	107		5	石＋冴のつくり			7811					
p107-14	107		5	石＋去			781D					
p107-15	107		5	石＋可			7822					
p107-16	107		5	石＋它			7823					
p107-17	107		5	奴／石			782E					
p107-18	107		5	石＋怦のつくり			7830					
p107-19	107		5	石＋本			7835					
p107-20	107		5	石＋申			7837					
p107-21	107		5	示＋石			794F				1	
p107-22	107		5	石＋炯のつくり			2544E					
p107-23	107		6	石＋幵	1-89-3	3		研	包摂適用	96		
p107-24	107		6	石＋銭のつくり	1-88-94	3						
p107-25	107		6	石＋朱	1-89-1	3						
p107-26	107		6	石＋刑	1-89-2	3						
p107-27	107		6	石＋并	1-89-4	3						
p107-28	107		6	石＋（貔のつくり−比）	2-82-37	4						
p107-29	107		6	石＋光			7844					
p107-30	107		6	石＋吉			7848					
p107-31	107		6	石＋各			784C					
p107-32	107		6	石＋西			7852					
p107-33	107		6	石＋古			2546E					
p107-34	107		7					硬	デザイン差	UCV235		1
p107-35	107		7	石＋悄のつくり				硝	包摂適用	16		1
p107-36	107		7	石＋車	1-89-5	3						
p107-37	107		7	石＋角	1-89-6	3						
p107-38	107		7	石＋夾	2-82-38	4						
p107-39	107		7	石＋我	2-82-39	4						
p107-40	107		7	石＋徑のつくり			785C					
p107-41	107		7	石＋晧のつくり			785E					
p107-42	107		7	石＋良			7860					
p107-43	107		7	石＋宏			7861					
p107-44	107		7	石＋孝			7863					
p107-45	107		8	石＋婢のつくり	1-89-7	3		碑	包摂適用	103		
p107-46	107		8	石＋（朔のへん−屮）／（墟のつくり−虍）	1-89-8	3						
p107-47	107		8	林／石	2-82-40	4						
p107-48	107		8	石＋戔	2-82-41	4						
p107-49	107		8	石＋武	2-82-42	4						
p107-50	107		8	石＋英	2-82-43	4						
p107-51	107		8	石＋（冢−冖）			787A					
p107-52	107		8	石＋垂			787E					
p107-53	107		8	石＋昔			788F					
p107-54	107		8	石＋典			7898					
p107-55	107		8	石＋毒			78A1					
p107-56	107		9	石＋（嵜−山）	1-89-9	3						
p108-0	108		9	石＋昜	1-89-10	3						
p108-1	108		9	石＋（而／大）	2-82-44	4						
p108-2	108		9	品／石）	2-82-45	4						
p108-3	108		9	石＋喋のつくり	2-82-46	4						
p108-4	108		9	石＋畏			78A8					
p108-5	108		9	石＋（暇−日）			78AC					
p108-6	108		9	石＋咸			78B1					
p108-7	108		9	石＋帝			78B2					
p108-8	108		9	石＋炭			78B3					
p108-9	108		10	石＋殷	1-89-11	3						
p108-10	108		10	石＋高	2-82-47	4						
p108-11	108		10	石＋鬼	2-82-48	4						
p108-12	108		10	石＋眞	2-82-49	4						
p108-13	108		10	石＋奚	2-82-50	4						
p108-14	108		10	石＋盍	2-82-51	4						
p108-15	108		10	石＋貢			78BD					
p108-16	108		10	石＋（尸＋悄のつくり）			78BF					
p108-17	108		10	石＋貔のつくり			78C7					
p108-18	108		10	石＋桑			78C9					
p108-19	108		10	石＋員			78D2					
p108-20	108		10	石＋二点しんにょうの追			78D3					
p108-21	108		10	石＋溏のつくり			78C4					
p108-22	108		11	麾				磨	包摂適用	30		1
p108-23	108		11	石＋鹵	2-82-52	4						
p108-24	108		11	石＋勘	2-82-53	4						
p108-25	108		11	石＋票	2-82-54	4						
p108-26	108		11	石＋褶のつくり			78D6					
p108-27	108		11	斬／石			78DB					
p108-28	108		11	石＋膠のつくり			78DF					
p108-29	108		11	石＋崔			78EA					
p108-30	108		11	石＋滴のつくり			25550					
p108-31	108		12	石＋渠	1-89-12	3						
p108-32	108		12	石＋燗のつくり	1-89-13	3						
p108-33	108		12	石＋隣のつくり	1-89-14	3						
p108-34	108		12	石＋譚のつくり	2-82-55	4						
p108-35	108		12	石＋（廣−广）	2-82-56	4						
p108-36	108		12	石＋番	2-82-57	4						
p108-37	108		12	石＋單	2-82-58	4						
p108-38	108		12	石＋曾			78F3					
p108-39	108		12	石＋潟のつくり			78F6					
p108-40	108		12	櫪のつくり			78FF					
p108-41	108		12	石＋遂			7908					
p108-42	108		13	譽	1-89-15	3						
p108-43	108		13	石＋化のつくり＋鳥	2-82-59	4						
p108-44	108		13	學	2-82-60	4						
p108-45	108		13	石＋僉			7906					
p108-46	108		13	石＋雷			790C					
p108-47	108		13	石＋（茲／心）			7920					
p108-48	108		13	鼬			9F2B				1	
p108-49	108		13	激			7909					
p108-50	108		14	石＋監	2-82-61	4						
p108-51	108		14	石＋櫪のつくり	2-82-62	4						
p108-52	108		14	石＋蓋			791A					
p108-53	108		14	石＋蒙			791E					
p108-54	108		14	石＋（馬＋爻）			791F					
p108-55	108		15	石＋儡のつくり			7927					
p108-56	108		15	石＋質			7929					
p109-0	109		15	儡のつくり／石			7928					
p109-1	109		16	石＋駮	1-89-16	3						
p109-2	109		16	龍／石	1-89-17	3						
p109-3	109		16	石＋（くさかんむり／溥）	1-89-18	3						
p109-4	109		16	石＋賢	2-82-63	4						
p109-5	109		16	石＋霍			792D					
p109-6	109		16	石＋龍			7932					
p109-7	109		17	石＋霜			7935					
p109-8	109	礻示	0	社のへん	2-82-64	4						
p109-9	109	礻示	1	示＋礼のつくり				礼	包摂適用	161		1
p109-10	109	礻示	2	示＋乃			793D					
p109-11	109	礻示	3	示＋おおざと				祁	包摂適用	161		1
p109-12	109	礻示	3	示＋土	1-89-19	3		社	包摂適用	161		
p109-13	109	礻示	3	社のへん＋己				祀	包摂適用	70		1
p109-14	109	礻示	3	示＋己				祀	包摂適用	70		1
p109-15	109	礻示	3	口＋示			5469				1	
p109-16	109	礻示	3	示＋（勹＜一）			793F					
p109-17	109	礻示	4	示＋止	1-89-20	3		祉	包摂適用	161		
p109-18	109	礻示	4	示＋斤	1-89-23	3		祈	包摂適用	161		
p109-19	109	礻示	4	示＋氏				祇	包摂適用	161		1
p109-20	109	礻示	4	示＋夭	1-89-21	3						
p109-21	109	礻示	4	示＋天	1-89-22	3						
p109-22	109	礻示	4	示＋方	2-82-65	4						
p109-23	109	礻示	4	示＋介			7944					
p109-24	109	礻示	4	示＋殳			794B					
p109-25	109	礻示	5	示＋右	1-89-24	3		祐	包摂適用	161		
p109-26	109	礻示	5	示＋且	1-89-25	3		祖	包摂適用	161		
p109-27	109	礻示	5	示＋兄	1-89-27	3		祝	包摂適用	161		
p109-28	109	礻示	5	示＋申	1-89-28	3		神	包摂適用	161		
p109-29	109	礻示	5	社のへん＋欠				祢	包摂適用			1
p109-30	109	礻示	5	示＋古	1-89-26	3						
p109-31	109	礻示	5	示＋示	2-82-66	4						
p109-32	109	礻示	5	示＋去	2-82-67	4						
p109-33	109	礻示	5	目＋示			770E				1	
p109-34	109	礻示	5	示＋石			794F					
p109-35	109	礻示	5	示＋失			7951					
p109-36	109	礻示	5	示＋付			7954					
p109-37	109	礻示	6	示＋羊	1-89-29	3		祥	包摂適用	161		
p109-38	109	礻示	6	券	2-82-68	4						
p109-39	109	礻示	6	示＋兆	2-82-69	4						
p109-40	109	礻示	6	示＋朱			7969					
p109-41	109	礻示	6	示＋合			796B					
p109-42	109	礻示	7	示＋見	1-91-89	3		視	包摂適用	161	1	
p109-43	109	礻示	7	示＋駸のつくり	2-82-70	4						
p109-44	109	礻示	7	社のへん＋我			4109					
p109-45	109	礻示	7	社のへん＋税のつくり			7971					
p109-46	109	礻示	7	社のへん＋谷			2567F					
p109-47	109	礻示	8	示＋淘のつくり	1-89-30	3						
p109-48	109	礻示	8	示＋固			797B					
p109-49	109	礻示	8	示＋果			797C					
p109-50	109	礻示	8	示＋陵のつくり			797E					
p109-51	109	礻示	9	示＋咼	1-89-31	3		禍	包摂適用	161		
p110-0	110		9	示＋貞	1-89-32	3		禎	包摂適用	161		
p110-1	110		9	示＋福のつくり	1-89-33	3		福	包摂適用	161		
p110-2	110		9	示＋帝	1-89-34	3						
p110-3	110		9	示＋是	2-82-71	4						
p110-4	110		9	示＋韋	2-82-72	4						
p110-5	110		9	示＋某	2-82-73	4						
p110-6	110		9	示＋（西／土）			798B					
p110-7	110		9	示＋滋のつくり			798C					
p110-8	110		9	示＋禺			7991					
p110-9	110		9	示＋昜			7993					
p110-10	110		10	示＋眞	2-82-74	4						
p110-11	110		10	示＋馬	2-82-75	4						
p110-12	110		10	螢			799C					
p110-13	110		11	示＋異	2-82-76	4						
p110-14	110		12	社のへん＋喜				禧	包摂適用	161		1
p110-15	110		12	示＋饑のつくり			79A8					
p110-16	110		12	示＋覃			79AB					
p110-17	110		13	社のへん＋豊				禮	包摂適用	161		1
p110-18	110		13	示＋農			79AF					
p110-19	110		14	示＋爾				禰	包摂適用	161		1
p110-20	110		14	示＋壽	1-89-35	3		祷	78互換包摂			
p110-21	110		16	龍／示			9F92				1	
p110-22	110		17	示＋龠	2-82-77	4						
p110-23	110	禸	0	ぐうのあし	1-89-36	3						
p110-24	110	禸	6	璃のつくり	2-82-78	4						
p110-25	110	禸	6	占／ぐうのあし			79BC					
p110-26	110	禾	2	禾／几				禿	包摂適用	69		1
p110-27	110	禾	2	禾／人	2-82-79	4						
p110-28	110	禾	3	禾＋山	1-89-37	3						
p110-29	110	禾	3	禾／千	1-89-38	3						
p110-30	110	禾	3	禾＋丸	2-82-80	4						
p110-31	110	禾	3	禾＋子			79C4					
p110-32	110	禾	4	禾＋予	1-89-39	3						
p110-33	110	禾	4	禾＋亢	1-89-40	3						
p110-34	110	禾	4	火＋禾	2-82-81	4						
p110-35	110	禾	4	禾＋中	2-82-82	4						
p110-36	110	禾	4	禾＋氏	2-82-83	4						
p110-37	110	禾	4	禾＋毛			79CF					
p110-38	110	禾	5	禾＋怦のつくり				秤	包摂適用	13		1
p110-39	110	禾	5	禾＋由	1-89-41	3						
p110-40	110	禾	5	禾＋朮	1-89-42	3						
p110-41	110	禾	5	禾＋（「第−竹	1-89-43	3						
p110-42	110	禾	5	禾／皿	2-81-86	4					1	
p110-43	110	禾	5	禾＋絆のつくり			79DA					
p110-44	110	禾	5	禾＋禾			79DD					
p110-45	110	禾	5	禾＋丕			79E0					
p110-46	110	禾	5	禾＋令			79E2					
p110-47	110	禾	5	禾＋占			79E5					
p110-48	110	禾	5	禾＋低のつくり			79EA					
p111-0	111		6	券	2-82-84	4						
p111-1	111		6	禾＋并	2-82-85	4						
p111-2	111		6	禾＋同			79F1					
p111-3	111		6	禾＋吉			79F8					
p111-4	111		6	禾＋朱			79FC					
p111-5	111		7	程				程	包摂適用	1		1
p111-6	111		7	禾＋兌				税	包摂適用	15		1
p111-7	111		7	稽	1-47-84	3					1	
p111-8	111		7	禾＋孚	1-89-44	3						
p111-9	111		7	禾＋告	2-82-86	4						
p111-10	111		7	禾＋尾	2-82-87	4						
p111-11	111		7	禾＋弟	2-82-88	4						
p111-12	111		7	禾＋良			7A02					
p111-13	111		7	禾＋困			7A07					
p111-14	111		7	禾＋哽のつくり			7A09					
p111-15	111		7	禾＋余			7A0C					
p111-16	111		8	禾＋婢のつくり				稗	包摂適用	103		1
p111-17	111		8	禾＋陸のつくり	2-82-89	4						
p111-18	111		8	禾＋享	2-82-90	4						
p111-19	111		8	禾＋（菌−くさかんむり）	2-82-91	4						
p111-20	111		8	禾＋果	2-82-92	4						
p111-21	111		8	禾＋卒			7A21					
p111-22	111		9	稱				稱	包摂適用			1
p111-23	111		9	禾＋皇	2-82-93	4						
p111-24	111		9	禾＋皆	2-82-94	4						
p111-25	111		9	禾＋挈			7A27					
p111-26	111		9	禾＋福のつくり			7A2B					
p111-27	111		9	禾＋椶のつくり			7A2F					
p111-28	111		9	禾＋胥			7A30					
p111-29	111		10	穀	1-89-45	3		穀	包摂適用			
p111-30	111		10	禾＋眞	1-89-46	3						
p111-31	111		10	禾＋畜	2-83-1	4						
p111-32	111		10	禾＋賺のつくり			7A34					
p111-33	111		10	禾＋茲			7A35					
p111-34	111		10	禾＋（尸＋辛）			7A3A					
p111-35	111		10	寨								1
p111-36	111		10	稽				稽	デザイン差			1
p111-37	111		11	櫪のつくり	1-85-39	3					1	
p111-38	111		11	禾＋參	2-83-2	4						
p111-39	111		11	魚＋禾	2-83-3	4						
p111-40	111		11	禾＋祭			7A44					
p111-41	111		11	禾＋康			7A45					
p111-42	111		11	麾			7A48					
p111-43	111		11	塵			9E87				1	
p111-44	111		11	禾＋璃のつくり			417B					
p111-45	111		11	（禾＋尤）／上／日			25873					
p111-46	111		12	禾＋歳				穢	包摂適用	10		pdf
p111-47	111		12	禾＋最	1-89-47	3						
p111-48	111		12	禾＋饑のつくり	2-83-4	4						
p111-49	111		12	禾＋僕のつくり	2-83-5	4						
p112-0	112		12	禾＋童	2-83-6	4						
p112-1	112		12	禾＋集			7A55					
p112-2	112		13	燧	2-83-7	4						
p112-3	112		13	禾＋農	2-83-8	4						
p112-4	112		13	禾＋與			7A65					
p112-5	112		14	禾＋齊	2-83-9	4						
p112-6	112		14	禾＋爾	2-83-10	4						
p112-7	112		15	禾＋魯	1-89-48	3						
p112-8	112		16	犂	2-94-60	4					1	
p112-9	112	穴	0					穴	デザイン差	UCV236		1
p112-10	112	穴	1	穴かんむり／乙	2-83-11	4						
p112-11	112	穴	3					空	包摂適用	26		1
p112-12	112	穴	3	穴かんむり／巾	1-84-10	3					1	
p112-13	112	穴	3	穴かんむり／夕	2-83-12	4						
p112-14	112	穴	3	土へん＋鴪のへん			5779				1	
p112-15	112	穴	3	けものへん＋鴪のへん			72D6				1	
p112-16	112	穴	4	穴かんむり／呀のつくり				穿	包摂適用	121		1
p112-17	112	穴	4	穴かんむり／犬	1-89-49	3		突	包摂適用	124		
p112-18	112	穴	4	穴かんむり／牛	2-83-13	4						
p112-19	112	穴	4	穴かんむり／夭			7A7E					
p112-20	112	穴	4	穴かんむり／屯			7A80					
p112-21	112	穴	4	穴かんむり／乏			7A86					
p112-22	112	穴	5	穴かんむり／目	1-89-50	3						
p112-23	112	穴	5	穴かんむり／瓜	2-83-14	4						
p112-24	112	穴	5	穴かんむり／出			7A8B					
p112-25	112	穴	5	穴かんむり／石			25954					
p112-26	112	穴	6	穴かんむり／圭	2-83-15	4						
p112-27	112	穴	6	穴かんむり／缶			7A91					
p112-28	112	穴	6	穴かんむり／皎のつくり			7A94					
p112-29	112	穴	8	穴かんむり／果	1-89-51	3						
p112-30	112	穴	8	穴かんむり／卒	2-83-16	4						
p112-31	112	穴	8	穴かんむり／陷のつくり			7A9E					
p112-32	112	穴	9	竃−土	1-89-52	3						
p112-33	112	穴	9	穴かんむり／兪	2-83-17	4						
p112-34	112	穴	9	寐			259CC					
p112-35	112	穴	10	穴かんむり／（瓜＋瓜）	1-89-53	3						
p112-36	112	穴	10	穴かんむり／氣	2-83-18	4						
p112-37	112	穴	10	穴かんむり／眞			259D1					
p112-38	112	穴	11	窗／心	1-89-54	3						
p112-39	112	穴	11	穴かんむり／亀	2-83-19	4						
p112-40	112	穴	11	寤	2-83-20	4						
p112-41	112	穴	11	穴かんむり／樔のつくり	2-83-21	4						
p112-42	112	穴	11	穴かんむり／鳥			7AB5					
p112-43	112	穴	11	穴かんむり／（肄のへん＋欠）			7ABD					
p112-44	112	穴	12	穴かんむり／款	2-83-22	4						
p112-45	112	穴	12	穴かんむり／款								1
p112-46	112	穴	14	穴かんむり／（爿＋自／木）	2-83-23	4						
p112-47	112	穴	14	窮			7AC6					
p112-48	112	穴	16	穴かんむり／龍			7AC9					
p112-49	112	立	2	立＋几	2-83-24	4						
p113-0	113		3	立／廾	1-89-55	3						
p113-1	113		3	倍のつくり			5485				1	
p113-2	113		3	土へん＋立			5783				1	
p113-3	113		4	立＋肱のつくり	2-83-25	4						
p113-4	113		4	立＋支			6531				1	
p113-5	113		5	立＋令			7ADB					
p113-6	113		6	翌				翌	包摂適用			1
p113-7	113		7	立＋身	2-83-26	4						
p113-8	113		8	立＋睛のつくり				靖	包摂適用	146		1
p113-9	113		8	立＋爭	1-89-56	3						
p113-10	113		8	立＋卓	2-83-27	4						
p113-11	113		8	立＋宜			7AE9					
p113-12	113		8	金＋立			925D				1	
p113-13	113		9	立＋禹			7AEC					
p113-14	113		11	立＋鳥	2-94-7	4					1	
p113-15	113		11	立＋專			7AF1					
p113-16	113		12	立＋墫のつくり	2-83-28	4						
p113-17	113	竹	2	竹かんむり／力			7AFB					
p113-18	113	竹	3	竹かんむり／于	1-89-57	3						
p113-19	113	竹	3	竹かんむり／弓	2-83-29	4						
p113-20	113	竹	3	竹かんむり／与	2-83-30	4						
p113-21	113	竹	3	竹かんむり／也			7AFE					
p113-22	113	竹	4	竹かんむり／（岌−山）				笈	包摂適用	114		1
p113-23	113	竹	4	竹かんむり／今	1-89-58	3						
p113-24	113	竹	4	竹かんむり／卞	2-83-31	4						
p113-25	113	竹	4	竹かんむり／屯	2-83-32	4						
p113-26	113	竹	4	竹かんむり／毛			7B14					
p113-27	113	竹	5	竹かんむり／令	1-89-59	3						
p113-28	113	竹	5	筑	1-89-60	3						
p113-29	113	竹	5	竹かんむり／皿	2-83-33	4						
p113-30	113	竹	5	竹かんむり／冊	2-83-34	4						
p113-31	113	竹	5	竹かんむり／旦	2-83-35	4						
p113-32	113	竹	5	竹かんむり／乍	2-83-36	4						
p113-33	113	竹	5	竹かんむり／奴	2-83-37	4						
p113-34	113	竹	5	竹かんむり／句	2-83-38	4						
p113-35	113	竹	5	竹かんむり／央	2-83-39	4						
p113-36	113	竹	5	竹かんむり／瓜			7B1F					
p113-37	113	竹	5	竹かんむり／鉋のつくり			7B23					
p113-38	113	竹	5	竹かんむり／代			7B29					
p113-39	113	竹	5	竹かんむり／（「第−竹			7B2B					
p113-40	113	竹	5	竹かんむり／弗			7B30					
p113-41	113	竹	5	竹かんむり／可			7B34					
p113-42	113	竹	6					笄	包摂適用	96		1
p113-43	113	竹	6					筑	包摂適用	38		1
p113-44	113	竹	6	筑	1-89-61	3						
p113-45	113	竹	6	竹かんむり／如	1-89-62	3						
p113-46	113	竹	6	竹かんむり／銭のつくり	2-83-40	4						
p113-47	113	竹	6	竹かんむり／曲	2-83-42	4						
p113-48	113	竹	6	竹かんむり／任	2-83-43	4						
p113-49	113	竹	6	竹かんむり／行	2-83-44	4						
p113-50	113	竹	6	竹かんむり／各			7B3F					
p113-51	113	竹	6	竹かんむり／圭			7B40					
p113-52	113	竹	6	竹かんむり／匝			2B079					
p113-53	113	竹	7					筵	デザイン差	UCV235		1
p114-0	114		7	竹かんむり／（土へん＋鈞のつくり）	1-89-63	3						
p114-1	114		7	竹かんむり／弄	1-89-64	3						
p114-2	114		7	竹かんむり／助	1-89-65	3						
p114-3	114		7	竹かんむり／悄のつくり	1-89-66	3						
p114-4	114		7	竹かんむり／条	2-83-41	4						
p114-5	114		7	竹かんむり／寿	2-83-45	4						
p114-6	114		7	竹かんむり／良	2-83-46	4						
p114-7	114		7	竹かんむり／完	2-83-47	4						
p114-8	114		7	竹かんむり／甬	2-83-48	4						
p114-9	114		7	竹かんむり／梃のつくり	2-83-49	4						
p114-10	114		7	竹かんむり／匣			7B6A					
p114-11	114		7	竹かんむり／快			7B77					
p114-12	114		7	竹かんむり／束			41FF					
p114-13	114		8					箙	包摂適用	36		1
p114-14	114		8	竹かんむり／卷	1-89-67	3						
p114-15	114		8	竹かんむり／長	2-83-50	4						
p114-16	114		8	竹かんむり／卓	2-83-51	4						
p114-17	114		8	竹かんむり／睛のつくり	2-83-52	4						
p114-18	114		8	竹かんむり／捷のつくり	2-83-53	4						
p114-19	114		8	竹かんむり／孤	2-83-54	4						
p114-20	114		8	竹かんむり／婢のつくり			7B84					
p114-21	114		8	竹かんむり／拐			7B89					
p114-22	114		8	竹かんむり／虎			7B8E					
p114-23	114		8	竹かんむり／林			7B96					
p114-24	114		8	竹かんむり／垂			7BA0					
p114-25	114		8	竹かんむり／波			7BA5					
p114-26	114		8	竹かんむり／沾			25B92					
p114-27	114		9	竹かんむり／（剪−刀）				箭	包摂適用	36		1
p114-28	114		9					箸	包摂適用	125		1
p114-29	114		9					篇	包摂適用	5		1
p114-30	114		9	竹かんむり／（喞−口）	1-89-68	3		節	包摂適用	153		
p114-31	114		9	竹かんむり／（皀＋卩）				節	包摂適用	153		1
p114-32	114		9	竹かんむり／喋のつくり	2-83-55	4						
p114-33	114		9	竹かんむり／（にんべん＋哽のつくり）	2-83-56	4						
p114-34	114		9	竹かんむり／省	2-83-57	4						
p114-35	114		9	竹かんむり／屋	2-83-58	4						
p114-36	114		9	竹かんむり／端のつくり	2-83-59	4						
p114-37	114		9	竹かんむり／洪	2-83-60	4						
p114-38	114		9	竹かんむり／若			7BAC					
p114-39	114		9	竹かんむり／旬／子			7BB0					
p114-40	114		9	竹かんむり／洗			7BB2					
p114-41	114		9	竹かんむり／胡			7BB6					
p114-42	114		9	竹かんむり／春			7BBA					
p114-43	114		9	竹かんむり／律			7BBB					
p114-44	114		9	竹かんむり／重			7BBD					
p114-45	114		9	竹かんむり／星			7BC2					
p114-46	114		9	竹かんむり／封			7BC8					
p114-47	114		9	箍			7BD0					
p114-48	114		9	筋			4225					
p114-49	114		9	筋			4225					
p114-50	114		10					篝	包摂適用	47		1
p114-51	114		10					築	包摂適用	38		1
p114-52	114		10					篠	包摂適用	106		1
p114-53	114		10	竹かんむり／隻	1-89-69	3						
p115-0	115		10	竹かんむり／高	1-89-70	3						
p115-1	115		10	竹かんむり／（さんずい＋刃）／木	2-83-61	4						
p115-2	115		10	竹かんむり／修	2-83-62	4						
p115-3	115		10	竹かんむり／員	2-83-63	4						
p115-4	115		10	竹かんむり／溏のつくり	2-83-64	4						
p115-5	115		10	竹かんむり／匪	2-83-65	4						
p115-6	115		10	竹かんむり／褫のつくり	2-83-66	4						
p115-7	115		10	竹かんむり／嫋のつくり			7BDB					
p115-8	115		10	竹かんむり／除			7BE8					
p115-9	115		10	竹かんむり／（方＋色）								pdf
p115-10	115		11	竹かんむり／徙	1-89-71	3						
p115-11	115		11	竹かんむり／部	2-83-67	4						
p115-12	115		11	竹かんむり／移	2-83-68	4						
p115-13	115		11	竹かんむり／艮／皿	2-83-69	4						
p115-14	115		11	竹かんむり／措	2-83-70	4						
p115-15	115		11	竹かんむり／鹿	2-83-71	4						
p115-16	115		11	竹かんむり／彗			7BF2					
p115-17	115		11	竹かんむり／二点しんにょうの逐			7BF4					
p115-18	115		11	竹かんむり／從			7BF5					
p115-19	115		11	竹かんむり／參			7BF8					
p115-20	115		11	纂			7BF9					
p115-21	115		11	箝			7BFA					
p115-22	115		11	竹かんむり／兜			7BFC					
p115-23	115		11	韈のつくり			7BFE					
p115-24	115		11	竹かんむり／國			7C02					
p115-25	115		11	竹かんむり／（戸の旧字＋邑）			7C04					
p115-26	115		11	竹かんむり／寇			7C06					
p115-27	115		11	竹かんむり／慥のつくり			7C09					
p115-28	115		11	竹かんむり／（嗽−口）			7C0C					
p115-29	115		12	竹かんむり／單	1-89-73	3		箪	78互換包摂			
p115-30	115		12	竹かんむり／僭のつくり				簪	包摂適用	40		1
p115-31	115		12	竹かんむり／（方＋其）	1-89-72	3						
p115-32	115		12	竹かんむり／甫／皿	1-89-74	3						
p115-33	115		12	竹かんむり／登	2-83-72	4						
p115-34	115		12	竹かんむり／博			7C19					
p115-35	115		12	竹かんむり／斯			7C1B					
p115-36	115		12	竹かんむり／喬			7C25					
p115-37	115		12	竹かんむり／饌のつくり			7C28					
p115-38	115		12	筮／（兵−丘）／口			7C2D					
p115-39	115		12	箱			7C2F					
p115-40	115		13	竹かんむり／溥				簿	包摂適用	40		1
p115-41	115		13					簾	包摂適用	7		1
p115-42	115		13	竹かんむり／幹	1-89-75	3						
p115-43	115		13	竹かんむり／祿	1-89-76	3						
p115-44	115		13	竹かんむり／数	1-89-77	3						
p115-45	115		13	竹かんむり／與	2-83-73	4						
p115-46	115		13	竹かんむり／路			7C2C					
p115-47	115		13	竹かんむり／虚／（兵−丘）			7C34					
p115-48	115		13	竹かんむり／當			7C39					
p115-49	115		13	竹かんむり／塞			7C3A					
p115-50	115		14	竹かんむり／（耒＋昔）				籍	包摂適用	2		1
p115-51	115		14	木＋竹かんむり／高	1-86-26	3					1	
p115-52	115		14	竹かんむり／櫂のつくり	2-83-74	4						
p115-53	115		14	竹かんむり／護のつくり			7C46					
p116-0	116		14	箱			7C55					
p116-1	116		14	竹かんむり／飾			7C42					
p116-2	116		15					籐	包摂適用	36		1
p116-3	116		15					籐	包摂適用	14		1
p116-4	116		15	竹かんむり／輪	1-89-78	3						
p116-5	116		15	纂	2-83-75	4						
p116-6	116		15	箝			7C52					
p116-7	116		15	竹かんむり／潘			7C53					
p116-8	116		15	竹かんむり／（皀＋卩）／虫			881E				1	
p116-9	116		16					籘	包摂適用	36		1
p116-10	116		16	竹かんむり／（金＋碌のつくり）	1-89-79	3						
p116-11	116		16	竹かんむり／霍	2-83-76	4						
p116-12	116		16	竹かんむり／禦	2-83-77	4						
p116-13	116		16	箝	2-83-78	4						
p116-14	116		16	竹かんむり／盧			7C5A					
p116-15	116		16	竹かんむり／錢			7C5B					
p116-16	116		16	竹かんむり／擇			7C5C					
p116-17	116		16	竹かんむり／（「羸			7C5D					
p116-18	116		17	竹かんむり／闌			7C63					
p116-19	116		17	竹かんむり／遽			7C67					
p116-20	116		18	竹かんむり／斷			7C6A					
p116-21	116		19	竹かんむり／麗	1-89-80	3						
p116-22	116		19	竹かんむり／邊	2-83-79	4						
p116-23	116		19	竹かんむり／羅	2-83-80	4						
p116-24	116		20	竹かんむり／（「羸	2-83-81	4						
p116-25	116		20	竹かんむり／瞿／又	2-83-82	4						
p116-26	116		26	竹かんむり／（龠＋頁）			7C72					
p116-27	116	米	3	米＋刄				籾	包摂適用	170		1
p116-28	116	米	3	米＋女	1-89-81	3						
p116-29	116	米	3	土／米	2-83-83	4						
p116-30	116	米	3	楼のつくり			5A04				1	
p116-31	116	米	3	口＋米			54AA				1	
p116-32	116	米	3	宀／米			5BA9				1	
p116-33	116	米	3	米＋山			7C7C					
p116-34	116	米	3	米＋子			7C7D					
p116-35	116	米	4					粉	デザイン差	UCV236		1
p116-36	116	米	4	二点しんにょうの迷				迷	包摂適用	128		1
p116-37	116	米	4					粐	包摂適用	5		1
p116-38	116	米	4	米＋太	1-89-82	3						
p116-39	116	米	4	米＋攵			6549				1	
p116-40	116	米	4	米＋少			7C86					
p116-41	116	米	4	米＋亢			7C87					
p116-42	116	米	4	米＋斤			427C					
p116-43	116	米	5	米＋秬のつくり	1-89-83	3						
p116-44	116	米	5	米＋皮	2-83-84	4						
p116-45	116	米	5	目＋米			772F				1	
p116-46	116	米	6	米＋共	1-89-84	3						
p116-47	116	米	6	米＋当	2-83-85	4						
p116-48	116	米	6	隣のつくり	2-83-86	4						
p116-49	116	米	6	米／耳	2-83-87	4						
p116-50	116	米	6	米＋西			7C9E					
p117-0	117		7					粮	デザイン差	UCV62		1
p117-1	117		7	米＋孚			7CB0					
p117-2	117		8	米＋睛のつくり				精	包摂適用	146		1
p117-3	117		8	隣のつくり＋（巛の波が２本）	1-89-85	3						
p117-4	117		8	米＋碌のつくり	2-83-88	4						
p117-5	117		8	米＋鞠のつくり	2-83-89	4						
p117-6	117		8	米＋果	2-83-90	4						
p117-7	117		8	米＋婢のつくり			7CBA					
p117-8	117		8	米＋長			7CBB					
p117-9	117		8	金＋米			92A4				1	
p117-10	117		9	鄰のへん＋巛	2-83-91	4						
p117-11	117		9	米＋編のつくり	2-83-92	4						
p117-12	117		9	米＋柬	2-83-93	4						
p117-13	117		9	米＋胥	2-83-94	4						
p117-14	117		9	米＋滋のつくり	2-84-1	4						
p117-15	117		9	米＋侯			7CC7					
p117-16	117		9	椶			7CC9					
p117-17	117		9	米＋是			4293					
p117-18	117		10	米＋溏のつくり				糖	包摂適用	43		1
p117-19	117		10	米＋羔	1-89-86	3						
p117-20	117		10	米＋索	2-84-2	4						
p117-21	117		10	米＋嗅のつくり	2-84-3	4						
p117-22	117		10	米＋（尸＋悄のつくり）			7CCF					
p117-23	117		10	轂			7CD3					
p117-24	117		10	米＋蚤			7CD4					
p117-25	117		11	米＋慥のつくり	1-89-87	3						
p117-26	117		11	米＋參	1-89-88	3						
p117-27	117		11	米＋莊			7CDA					
p117-28	117		12	米＋無	2-84-4	4						
p117-29	117		12	米＋喜	2-84-5	4						
p117-30	117		13	米＋鐶のつくり	2-84-6	4						
p117-31	117		13	米＋會			7CE9					
p117-32	117		15	米＋慮	2-84-7	4						
p117-33	117		17	薛／米	2-84-8	4						
p117-34	117	糸	3	糸＋（勹＜一）				約	包摂適用	32		1
p117-35	117	糸	3	糸＋巳				紀	包摂適用	70		1
p117-36	117	糸	3	糸＋乞	1-89-89	3						
p117-37	117	糸	3	糸＋丸	1-89-90	3						
p117-38	117	糸	3	糸＋川	2-84-9	4						
p117-39	117	糸	3	糸＋仞のつくり	2-84-10	4						
p117-40	117	糸	4	糸＋（岌−山）				級	包摂適用	114		1
p117-41	117	糸	4	糸＋吶のつくり				納	包摂適用	80		1
p117-42	117	糸	4					紋	デザイン差	UCV235		1
p117-43	117	糸	4					紛	デザイン差	UCV236		1
p117-44	117	糸	4	糸＋予	1-89-91	3						
p117-45	117	糸	4	糸＋壬	1-89-92	3						
p117-46	117	糸	4	糸＋卆	1-89-93	3						
p117-47	117	糸	4	糸＋戸	2-84-11	4						
p117-48	117	糸	4	糸＋介	2-84-12	4						
p117-49	117	糸	4	糸＋沈のつくり	2-84-13	4						
p117-50	117	糸	4	糸＋斗			7D0F					
p117-51	117	糸	4	糸＋不			7D11					
p117-52	117	糸	4	糸＋引			7D16					
p117-53	117	糸	4	糸＋巴			7D26					
p118-0	118		5	糸＋冬				終	包摂適用	25		1
p118-1	118		5	糸＋半				絆	包摂適用	12		1
p118-2	118		5	糸＋拔のつくり	1-89-94	3						
p118-3	118		5	糸＋施のつくり	1-90-1	3						
p118-4	118		5	糸＋白	1-90-2	3						
p118-5	118		5	糸＋布	2-84-14	4						
p118-6	118		5	糸＋土／乂	2-84-15	4						
p118-7	118		5	糸＋它	2-84-16	4						
p118-8	118		5	糸＋珍のつくり	2-84-17	4						
p118-9	118		5	糸＋出	2-84-18	4						
p118-10	118		5	糸＋句	2-84-19	4						
p118-11	118		5	糸＋此			7D2A					
p118-12	118		5	糸＋弘			7D2D					
p118-13	118		5	糸＋弗			7D3C					
p118-14	118		5	糸＋包			2B0E0					
p118-15	118		6					絞	デザイン差	UCV235		1
p118-16	118		6	絶				絶	包摂適用	81		1
p118-17	118		6	糸＋圭	1-90-3	3						
p118-18	118		6	禊のつくり	1-90-4	3						
p118-19	118		6	糸＋如	2-84-20	4						
p118-20	118		6	糸＋旨	2-84-21	4						
p118-21	118		6	糸＋聿	2-84-22	4						
p118-22	118		6	糸＋亘	2-84-23	4						
p118-23	118		6	糸＋亙	2-84-24	4						
p118-24	118		6	糸＋因	2-84-25	4						
p118-25	118		6	糸＋至	2-84-26	4						
p118-26	118		6	糸＋桜のつくり	2-84-27	4						
p118-27	118		6	糸＋任			7D4D					
p118-28	118		6	糸＋朱			7D51					
p118-29	118		6	糸＋回			7D57					
p118-30	118		6	糸＋夸			7D5D					
p118-31	118		6	糸＋伏			7D65					
p118-32	118		6	糸＋同			7D67					
p118-33	118		6	參			7D6B					
p118-34	118		7	糸＋仞のつくり／心				綛	包摂適用	170		1
p118-35	118		7					絳	包摂適用	120		1
p118-36	118		7	糸＋希	1-90-5	3						
p118-37	118		7	糸＋悄のつくり	1-90-6	3						
p118-38	118		7	糸＋宏	1-90-7	3						
p118-39	118		7	糸＋求	2-84-28	4						
p118-40	118		7	糸＋赤	2-84-29	4						
p118-41	118		7	糸＋哽のつくり	2-84-30	4						
p118-42	118		7	糸＋弟	2-84-31	4						
p118-43	118		7	糸＋谷	2-84-32	4						
p118-44	118		7	糸＋冏	2-84-33	4						
p118-45	118		7	糸＋見			7D78					
p118-46	118		7	糸＋俛のつくり			7D7B					
p118-47	118		7	糸＋邦			7D81					
p118-48	118		7	糸＋（亠／兄）			7D82					
p118-49	118		7	糸＋駸のつくり			7D85					
p118-50	118		7	糸＋孛			7D8D					
p118-51	118		7	糸＋困			7D91					
p118-52	118		7	蜒			7D96					
p118-53	118		7	糸＋峰のつくり			7D98					
p118-54	118		8	糸＋非				緋	デザイン差			1
p118-55	118		8	糸＋碌のつくり	1-90-8	3		緑	包摂適用	167		
p118-56	118		8	糸＋戸の旧字／犬				綟	包摂適用	5		1
p119-0	119		8					総	デザイン差	UCV236		1
p119-1	119		8					絣	包摂適用	97		1
p119-2	119		8	棊	1-90-9	3						
p119-3	119		8	糸＋炎	1-90-10	3						
p119-4	119		8	糸＋委	1-90-11	3						
p119-5	119		8	糸＋明	2-84-34	4						
p119-6	119		8	糸＋林	2-84-35	4						
p119-7	119		8	糸＋享	2-84-36	4						
p119-8	119		8	糸＋睛のつくり	2-84-37	4						
p119-9	119		8	糸＋果	2-84-38	4						
p119-10	119		8	糸＋卒	2-84-39	4						
p119-11	119		8	糸＋妻	2-84-40	4						
p119-12	119		8	糸＋垂			7D9E					
p119-13	119		8	糸＋（萠−くさかんむり）			7DB3					
p119-14	119		8	糸＋咎			7DB9					
p119-15	119		8	糸＋從のつくり			7DC3					
p119-16	119		8	糸＋昆			7DC4					
p119-17	119		8	糸＋諏のつくり			7DC5					
p119-18	119		8	糸＋易			7DC6					
p119-19	119		8	糸＋昏			7DCD					
p119-20	119		8	糸＋或			7DCE					
p119-21	119		8	金＋糸			92AF				1	
p119-22	119		8	誨のつくり＋系			7DD0					
p119-23	119		9	糸＋爰				緩	包摂適用	21		1
p119-24	119		9	編				編	包摂適用	5		1
p119-25	119		9	糸＋睹のつくり	1-90-12	3		緒	包摂適用	125		
p119-26	119		9	糸＋彖	1-90-13	3		縁	包摂適用	167		
p119-27	119		9	糸＋柬	1-90-14	3		練	包摂適用	100		
p119-28	119		9	糸＋相	2-84-41	4						
p119-29	119		9	糸＋革	2-84-42	4						
p119-30	119		9	糸＋思	2-84-43	4						
p119-31	119		9	糸＋侯	2-84-44	4						
p119-32	119		9	糸＋是	2-84-45	4						
p119-33	119		9	糸＋屋	2-84-46	4						
p119-34	119		9	糸＋苗			7DE2					
p119-35	119		9	糸＋保			7DE5					
p119-36	119		9	糸＋恆			7DEA					
p119-37	119		9	糸＋怱			7DEB					
p119-38	119		9	糸＋胃			7DED					
p119-39	119		9	糸＋椶のつくり			7DF5					
p119-40	119		9	糸＋（にんべん＋哽のつくり）			7DF6					
p119-41	119		9	糸＋咼			7DFA					
p119-42	119		9	糸＋（暇−日）			7E00					
p119-43	119		10	糸＋溥のつくり				縛	包摂適用	40		1
p119-44	119		10					縢	包摂適用	14		1
p119-45	119		10					縢	包摂適用	36		1
p119-46	119		10	糸＋晃	1-90-15	3						
p119-47	119		10	螢	1-90-16	3						
p119-48	119		10	糸＋賺のつくり	1-90-17	3						
p119-49	119		10	糸＋慍のつくり	1-90-18	3						
p119-50	119		10	糸＋島	2-84-47	4						
p119-51	119		10	糸＋晋	2-84-48	4						
p119-52	119		10	糸＋芻	2-84-49	4						
p119-53	119		10	糸＋衰	2-84-50	4						
p119-54	119		10	糸＋眞	2-84-51	4						
p119-55	119		10	轂	2-84-52	4						
p120-0	120		10	糸＋員			7E1C					
p120-1	120		10	糸＋原			7E13					
p120-2	120		11	二点しんにょうの縫				縫	包摂適用	128		1
p120-3	120		11	繁	1-90-19	3		繁	包摂適用	98		
p120-4	120		11					縵	包摂適用	68		1
p120-5	120		11					繃	包摂適用	36		1
p120-6	120		11	鷂のへん＋系	1-90-20	3						
p120-7	120		11	糸＋條	2-84-53	4						
p120-8	120		11	糸＋戚	2-84-54	4						
p120-9	120		11	糸＋樔のつくり	2-84-55	4						
p120-10	120		11	糸＋璃のつくり			7E2D					
p120-11	120		11	糸＋寅			7E2F					
p120-12	120		11	糸＋專			7E33					
p120-13	120		11	執／糸			7E36					
p120-14	120		11	糸＋參			7E3F					
p120-15	120		11	醫			7E44					
p120-16	120		11	糸＋率			7E42					
p120-17	120		11	糸＋強			7E48					
p120-18	120		12	糸＋曾	1-90-21	3						
p120-19	120		12	糸＋然			7E4E					
p120-20	120		12	糸＋惠			7E50					
p120-21	120		12	糸＋橘のつくり			7E58					
p120-22	120		12	糸＋單			7E5F					
p120-23	120		12	糸＋貴			7E62					
p120-24	120		12	糸＋喜			7E65					
p120-25	120		13	糸＋肅	1-90-22	3		繍	78互換包摂			
p120-26	120		13	（車／凵＋殳）／糸	1-94-94	3		繋	包摂適用			
p120-27	120		13	激	2-84-56	4						
p120-28	120		13	糸＋亶	2-84-57	4						
p120-29	120		13	戀−心	2-88-75	4					1	
p120-30	120		13	糸＋橿のつくり			7E6E					
p120-31	120		13	糸＋鐶のつくり			7E6F					
p120-32	120		13	燧			7E78					
p120-33	120		14	糸＋二点しんにょうの遣	2-84-58	4						
p120-34	120		14	糸＋熏			7E81					
p120-35	120		14	糸＋爾			4324					
p120-36	120		15	糸＋廣	1-90-23	3						
p120-37	120		15	儡のつくり／糸	1-90-24	3						
p120-38	120		15	類	2-84-60	4						
p120-39	120		15	糸＋（壥−土へん−厂）	2-84-59	4						
p120-40	120		17	糸＋壥のへん				纒	包摂適用	99		1
p120-41	120		17	纒								pdf
p120-42	120		15	纏								pdf
p120-43	120		16	糸＋覧	2-84-61	4						
p120-44	120		16	糸＋盧	2-84-62	4						
p120-45	120		17	糸＋襄			7E95					
p120-46	120		17	糸＋彌			261EF					
p120-47	120		19	糸＋贊	2-84-63	4						
p120-48	120		19	糸＋麗	2-84-64	4						
p120-49	120		21	糸＋壘			7E9D					
p120-50	120		23	糸＋戀			7E9E					
p121-0	121	缶	2	缶＋卩			7F37					
p121-1	121	缶	4	搖のつくり	2-84-65	4						
p121-2	121	缶	4	缶＋欠	2-84-66	4						
p121-3	121	缶	4	王＋缶			73E4				1	
p121-4	121	缶	5	缶＋瓦	2-84-67	4						
p121-5	121	缶	5	瓦＋缶								pdf
p121-6	121	缶	5	穴かんむり／缶			7A91				1	
p121-7	121	缶	5	缶＋本			7F3D					
p121-8	121	缶	6	缶＋并	2-84-68	4						
p121-9	121	缶	6	缶＋后			7F3F					
p121-10	121	缶	7	宀／王／缶			5BDA				1	
p121-11	121	缶	10	螢	2-84-69	4						
p121-12	121	缶	11	鷂のへん＋系	1-90-20	3					1	
p121-13	121	缶	11	磬	2-84-70	4						
p121-14	121	缶	11	缶＋権のつくり								1
p121-15	121	缶	12	缶＋墫のつくり	1-90-25	3						
p121-16	121	缶	16	缶＋盧	2-84-71	4						
p121-17	121	罒㓁网𦉰	0	冖／儿	2-84-72	4						
p121-18	121	罒㓁网𦉰	0	罔−亡	2-84-73	4						
p121-19	121	罒㓁网𦉰	0	罘−不	2-84-74	4						
p121-20	121	罒㓁网𦉰	0	网−（希−布）			7F53					
p121-21	121	罒㓁网𦉰	4	罘	2-84-75	4						
p121-22	121	罒㓁网𦉰	5	罘	2-84-76	4						
p121-23	121	罒㓁网𦉰	5	罘			7F5C					
p121-24	121	罒㓁网𦉰	5	罘			7F5D					
p121-25	121	罒㓁网𦉰	5	罘			26291					
p121-26	121	罒㓁网𦉰	5	网／民			2629E					
p121-27	121	罒㓁网𦉰	5	（箆−竹−比）／民								pdf
p121-28	121	罒㓁网𦉰	6	罘	2-84-77	4						
p121-29	121	罒㓁网𦉰	6	罘			7F5B					
p121-30	121	罒㓁网𦉰	7	罘	2-84-78	4						
p121-31	121	罒㓁网𦉰	7	罘			7F65					
p121-32	121	罒㓁网𦉰	7	罘			7F66					
p121-33	121	罒㓁网𦉰	8	鐶のつくり	2-82-5	4					1	
p121-34	121	罒㓁网𦉰	8	澤のつくり	2-82-7	4					1	
p121-35	121	罒㓁网𦉰	8	罘	2-84-79	4						
p121-36	121	罒㓁网𦉰	9	署	1-90-26	3		署	包摂適用	125		
p121-37	121	罒㓁网𦉰	9	罘			7F71					
p121-38	121	罒㓁网𦉰	9	罘			7F73					
p121-39	121	罒㓁网𦉰	12	罘	2-84-80	4						
p121-40	121	罒㓁网𦉰	12	罘	2-84-81	4						
p121-41	121	罒㓁网𦉰	12	罘			7F7F					
p121-42	121	罒㓁网𦉰	14	网／堊			7F80					
p121-43	121	羊羊	0	義−我	2-84-82	4						
p121-44	121	羊羊	1	（┤＋│＋├）／（舉−與）			7F8B					
p122-0	122		2	翔のへん＋力			52B7				1	
p122-1	122		3	口＋羊	1-15-1	3					1	
p122-2	122		3	義	1-90-27	3						
p122-3	122		3	離れたくさかんむり／土／久	2-84-83	4						
p122-4	122		3	土へん＋羊			579F				1	
p122-5	122		3	大／羊			7F8D					
p122-6	122		3	翔のへん＋彡			7F8F					
p122-7	122		4	鬼	1-90-28	3						
p122-8	122		4	義	2-84-84	4						
p122-9	122		4	義	2-84-85	4						
p122-10	122		4	翔のへん＋殳	2-84-86	4						
p122-11	122		4	气＜羊			6C27				1	
p122-12	122		4	特のへん＋羊			4367					
p122-13	122		4	翔のへん＋巴			7F93					
p122-14	122		5	翔のへん＋貯のつくり	2-84-87	4						
p122-15	122		6	翔				翔	包摂適用	18		1
p122-16	122		6	義			7FA1					
p122-17	122		6	翔のへん＋戎			7FA2					
p122-18	122		7	翔のへん＋完			7FA6					
p122-19	122		7	翔のへん＋良			7FAA					
p122-20	122		9	癢−やまいだれ				養	デザイン差	UCV62		1
p122-21	122		9	翔のへん＋兪	2-84-88	4						
p122-22	122		12	羊／（羊＋羊）			7FB4					
p122-23	122		15	尸＋羊／（羊＋羊）			7FBC					
p122-24	122	羽	0	栩のつくり				羽	包摂適用	18		1
p122-25	122	羽	3	栩のつくり／廾	1-90-29	3						
p122-26	122	羽	4	鶲のつくり				翁	包摂適用	18		1
p122-27	122	羽	4	戸の旧字＋栩のつくり				扇	包摂適用	18		1
p122-28	122	羽	4	栩のつくり＋戈	2-84-89	4						
p122-29	122	羽	4	雄のへん＋栩のつくり	2-84-90	4						
p122-30	122	羽	4	栩のつくり／毛			6BE3				1	
p122-31	122	羽	4	王＋栩のつくり			73DD				1	
p122-32	122	羽	4	栩のつくり＋中			7FC0					
p122-33	122	羽	5	褶のつくり				習	包摂適用	18		1
p122-34	122	羽	5	栩のつくり／立				翌	包摂適用	18		1
p122-35	122	羽	5	令＋栩のつくり	1-90-30	3						
p122-36	122	羽	5	膠のつくり	2-84-91	4						
p122-37	122	羽	5	甲＋栩のつくり			7FC8					
p122-38	122	羽	6	翔				翔	包摂適用	18		1
p122-39	122	羽	6	羽＋句			7FD1					
p122-40	122	羽	6	栩のつくり＋句			7FD1					
p122-41	122	羽	7	條	1-90-31	3						
p122-42	122	羽	7	走にょう＋栩のつくり			8D90				1	
p122-43	122	羽	8	栩のつくり／卒				翠	包摂適用	18		1
p122-44	122	羽	8	櫂のつくり	1-90-32	3						
p122-45	122	羽	8	栩のつくり／妾	2-84-92	4						
p122-46	122	羽	9	褶のつくり＋元				翫	包摂適用	18		1
p122-47	122	羽	9	編のつくり＋栩のつくり				翩	包摂適用			1
p122-48	122	羽	9	栩のつくり／軍	1-90-33	3						
p122-49	122	羽	9	睹のつくり／栩のつくり	2-84-93	4						
p122-50	122	羽	9	栩のつくり／是			7FE8					
p122-51	122	羽	10					翰	包摂適用	18		1
p123-0	123		10	鬲＋栩のつくり	1-90-34	3						
p123-1	123		10	栩のつくり／高	2-84-94	4						
p123-2	123		11	栩のつくり／異				翼	包摂適用	18		1
p123-3	123		11	票＋栩のつくり	2-85-1	4						
p123-4	123		12	番＋栩のつくり				翻	包摂適用	18		1
p123-5	123		12	皐＋栩のつくり	1-90-35	3						
p123-6	123		13	穢のつくり＋栩のつくり			7FFD					
p123-7	123		13	環のつくり＋栩のつくり			7FFE					
p123-8	123		14	耀のへん＋櫂のつくり				耀	包摂適用	19		1
p123-9	123		14	壽＋栩のつくり			7FFF					
p123-10	123	耂	0	者−日	2-85-2	4						
p123-11	123	耂	3	くさかんむり／老			8356				1	
p123-12	123	耂	5	睹のつくり	1-90-36	3		者	包摂適用	125		
p123-13	123	耂	5	者			8007					
p123-14	123	耂	6	者	2-85-3	4						
p123-15	123	耂	7	老／句	2-85-4	4						
p123-16	123	耂	8	金＋老			92A0				1	
p123-17	123	而	3	而／大	2-85-5	4						
p123-18	123	而	3	端のつくり	2-85-6	4						
p123-19	123	而	3	而／女			800D					
p123-20	123	而	3	而＋彡			800F					
p123-21	123	而	3	さんずい＋而			6D0F				1	
p123-22	123	而	4	而／心			6067				1	
p123-23	123	而	4	月＋而			80F9				1	
p123-24	123	而	6	女＋（而／大）			5A86					
p123-25	123	而	7	二点しんにょう＋端のつくり	2-89-92	4					1	
p123-26	123	而	7	火＋（而／大）			7157				1	
p123-27	123	而	10	車＋（而／大）	1-92-46	3					1	
p123-28	123	而	10	髟／而			9AF5				1	
p123-29	123	而	11	魚＋而	1-94-40	3					1	
p123-30	123	而	11	而＋鳥			9D2F				1	
p123-31	123	耒	2	耒＋丁			8013					
p123-32	123	耒	3	耒＋子	1-90-37	3						
p123-33	123	耒	4	耒＋井				耕	包摂適用	2		1
p123-34	123	耒	4	耒＋毛				耗	包摂適用	2		1
p123-35	123	耒	4	耒＋少	2-85-7	4						
p123-36	123	耒	5	耒＋且			801D					
p123-37	123	耒	5	耒＋加			801E					
p123-38	123	耒	5	耒＋秬のつくり			801F					
p123-39	123	耒	6	耒＋合			8020					
p123-40	123	耒	8	耒＋昔	2-85-8	4						
p123-41	123	耒	9	耒＋禺	1-90-38	3						
p123-42	123	耒	11	耒＋婁	2-85-9	4						
p123-43	123	耒	12	耒＋勞			802E					
p123-44	123	耒	15	耒＋憂	2-85-10	4						
p124-0	124		1	耳＋礼のつくり			8034					
p124-1	124		2	耳＋丁	1-90-39	3						
p124-2	124		2	取のへん＋りっとう			5235				1	
p124-3	124		3	口＋耳	1-14-94	3					1	
p124-4	124		3	大／耳	1-90-40	3						
p124-5	124		4	耳＋（冂＜はみ出た横棒二本）	1-90-41	3						
p124-6	124		4	耳＋毛	2-78-10	4					1	
p124-7	124		4	耳＋今			8039					
p124-8	124		4	耳＋云			803A					
p124-9	124		4	耳＋肱のつくり			803E					
p124-10	124		4	耳＋戈			8040					
p124-11	124		5	耳＋冉の４画目左右に突き出る	2-85-11	4						
p124-12	124		5	耳＋珍のつくり			8044					
p124-13	124		6	米／耳	2-83-87	4					1	
p124-14	124		6	耳＋并			8060					
p124-15	124		6	衄のへん＋耳			8848				1	
p124-16	124		7	聖				聖	包摂適用	1		1
p124-17	124		7	言＋耳			8A80				1	
p124-18	124		7	耳＋吾			43B8					
p124-19	124		8					聡	デザイン差	UCV236		1
p124-20	124		9	飮のへん＋耳				餌	包摂適用	155		1
p124-21	124		9	耳＋怱	2-85-12	4						
p124-22	124		9	耳＋亭			8064					
p124-23	124		10	耳＋鬼			806D					
p124-24	124		10	馬＋耳			99EC				1	
p124-25	124		11	敖／耳	2-85-13	4						
p124-26	124		12	耳＋貴	2-85-14	4						
p124-27	124		14	漸／耳	2-85-15	4						
p124-28	124	聿	2	にんべん＋聿			4F93				1	
p124-29	124	聿	2	冫＋聿			51BF				1	
p124-30	124	聿	3	廴＋聿								1
p124-31	124	聿	3	くさかんむり／聿			831F				1	
p124-32	124	聿	4	王＋聿			73D2				1	
p124-33	124	聿	4	戸の旧字＋聿			8081					
p124-34	124	聿	8	肇				肇	包摂適用	5		1
p124-35	124	聿	8	（戸の旧字＋戈）／聿			8088					
p124-36	124	臣	0	頤のへん	2-85-54	4						
p124-37	124	臣	2	臣＋卜	2-3-52	4						
p124-38	124	臣	2	臣＋又	2-85-55	4						
p124-39	124	臣	3	女＋頤のへん				姫	包摂適用	91	1	1
p124-40	124	臣	3	煕−れんが			5DF8				1	
p124-41	124	臣	3	弓＋臣			5F2B				1	
p124-42	124	臣	3	弓＋頤のへん			5F2C				1	
p124-43	124	臣	3	てへん＋臣			630B				1	
p124-44	124	臣	3	くさかんむり／臣			831E				1	
p124-45	124	臣	4	賢	2-13-26	4					1	
p124-46	124	臣	9	熙−れんが				頤	包摂適用	90	1	1
p124-47	124	臣	9	臣＋頁	2-92-25	4					1	
p125-0	125		10	臣＋塩のつくり	2-85-56	4						
p125-1	125		11	（「臣			81E9					
p125-2	125	自	1	自＋礼のつくり			81EB					
p125-3	125	自	3	さんずい＋自	1-86-66	3					1	
p125-4	125	自	3	口＋自			54B1				1	
p125-5	125	自	4	嗅のつくり	1-90-56	3		臭	包摂適用	124		
p125-6	125	自	4	自／木	2-85-57	4						
p125-7	125	自	6	自／死			81F0					
p125-8	125	自	7	自／辛			8FA0				1	
p125-9	125	自	9	邊−二点しんにょう			81F1					
p125-10	125	自	10	（自／木）＋危			81F2					
p125-11	125	自	12	自／（虫＋虫）	2-87-83	4					1	
p125-12	125	自	12	門＜嗅のつくり			28D91					
p125-13	125	至	2	にんべん＋至			4F84				1	
p125-14	125	至	2	厂＋至			5394				1	
p125-15	125	至	3	到のへん＋おおざと	1-92-67	3					1	
p125-16	125	至	3	广＋至			5EA2				1	
p125-17	125	至	3	くさかんむり／至			834E				1	
p125-18	125	至	4	日＋至			664A				1	
p125-19	125	至	6	到のへん＋各			81F5					
p125-20	125	至	6	到のへん＋存			81F6					
p125-21	125	至	6	到のへん＋至			81F8					
p125-22	125	至	6	到のへん＋成			81F9					
p125-23	125	至	7	其	1-90-57	3						
p125-24	125	至	8	金＋至	2-90-75	4					1	
p125-25	125	至	9	到のへん＋頁	2-92-24	4					1	
p125-26	125	臼𦥑	0	臾−人	2-85-58	4						
p125-27	125	臼𦥑	2	諛のつくり				臾	統合適用	UCV168		1
p125-28	125	臼𦥑	2	陷のつくり	2-85-59	4						
p125-29	125	臼𦥑	3	插のつくり	2-85-60	4						
p125-30	125	臼𦥑	3	臼／巾			5E20				1	
p125-31	125	臼𦥑	4	稻のつくり			8200					
p125-32	125	臼𦥑	6	學−子	2-85-61	4						
p125-33	125	臼𦥑	6	潟のつくり	2-85-62	4						
p125-34	125	臼𦥑	6	焉			8203					
p125-35	125	臼𦥑	15	齒＋臼			9F68				1	
p125-36	125	舌	2	舌＋（収−又）			820F					
p125-37	125	舌	5	舌＋低のつくり	1-90-58	3						
p125-38	125	舌	5	甘＋舌			751B				1	
p125-39	125	舌	7	蜒	2-85-63	4						
p125-40	125	舌	8	舌＋易			8213					
p125-41	125	舌	8	舌＋忝			8214					
p125-42	125	舌	9	飮のへん＋舌			9902				1	
p126-0	126		10	髟／舌			9AFA				1	
p126-1	126		11	舌＋鳥			9D30				1	
p126-2	126		12	舌／（舌＋舌）	2-85-64	4						
p126-3	126		13	舌＋譫のつくり			821A					
p126-4	126	舛	0	隣のつくり−米				舛	包摂適用	120		1
p126-5	126	舛	3	くさかんむり／舛			8348				1	
p126-6	126	舛	4	木へん＋舛				桝	包摂適用	120		1
p126-7	126	舛	4	隣のつくり	1-85-23	3					1	
p126-8	126	舛	7	韋			821D					
p126-9	126	舟	2	舟＋刀			8220					
p126-10	126	舟	3	舟＋工	2-85-65	4						
p126-11	126	舟	3	舟＋山	2-85-66	4						
p126-12	126	舟	4					舮	包摂適用	5		1
p126-13	126	舟	4	舟＋元	2-85-67	4						
p126-14	126	舟	4	舟＋反			8228					
p126-15	126	舟	4	舟＋少			26A16					
p126-16	126	舟	5					船	包摂適用	189		1
p126-17	126	舟	5					船	デザイン差	UCV236		1
p126-18	126	舟	5	舟＋令	2-85-68	4						
p126-19	126	舟	5	舟＋乍	2-85-69	4						
p126-20	126	舟	5	舟＋甲			823A					
p126-21	126	舟	6	舟＋共	2-85-70	4						
p126-22	126	舟	6	舟＋良	2-85-71	4						
p126-23	126	舟	7					艇	デザイン差	UCV235		1
p126-24	126	舟	7					艀	包摂適用	21		1
p126-25	126	舟	7	舟＋尾	2-85-72	4						
p126-26	126	舟	7	舟＋余	2-85-73	4						
p126-27	126	舟	7	舟＋里			8243					
p126-28	126	舟	7	舟＋悄のつくり			8244					
p126-29	126	舟	7	舟＋夾			26A40					
p126-30	126	舟	8	舟＋定	2-85-74	4						
p126-31	126	舟	8	舟＋孟	2-85-75	4						
p126-32	126	舟	8	舟＋睛のつくり	2-85-76	4						
p126-33	126	舟	9	舟＋首	2-85-77	4						
p126-34	126	舟	9	舟＋風	2-85-78	4						
p126-35	126	舟	9	舟＋皇			824E					
p126-36	126	舟	9	舟＋編のつくり			8251					
p126-37	126	舟	10	舟＋溲のつくり				艘	包摂適用	92		1
p126-38	126	舟	10	舟＋縊のつくり	2-85-79	4						
p126-39	126	舟	10	舟＋差			8256					
p126-40	126	舟	11	舟＋寄	2-85-80	4						
p126-41	126	舟	11	舟＋帶	2-85-81	4						
p126-42	126	舟	12	舟＋登	1-90-59	3						
p126-43	126	舟	13	舟＋虜	2-85-82	4						
p126-44	126	舟	14	舟＋護のつくり			8267					
p126-45	126	舟	15	舟＋（壥−土へん−厂）	2-85-83	4						
p126-46	126	舟	18	舟＋雙			826D					
p126-47	126	艮	1	一／艮								1
p127-0	127		3	くさかんむり／艮	2-86-12	4					1	
p127-1	127		4	二点しんにょうの退							1	1
p127-2	127		6	竹かんむり／艮／皿	2-83-69	4					1	
p127-3	127		7	豬のへん＋艮			8C64				1	
p127-4	127		7	豸＋艮			8C87				1	
p127-5	127		12	歯＋艮							1	1
p127-6	127	色	5	弗＋色	1-90-60	3						
p127-7	127	色	7	赤＋色			8D69				1	
p127-8	127	色	8	靜のへん＋色			9758				1	
p127-9	127	艹艸	0	離れたくさかんむり	2-85-84	4						
p127-10	127	艹艸	0	十＋十	2-85-85	4						
p127-11	127	艹艸	0	草−早	2-85-86	4						
p127-12	127	艹艸	0	朔のへん−屮	2-85-87	4						
p127-13	127	艹艸	2	くさかんむり／又	1-90-61	3						
p127-14	127	艹艸	2	くさかんむり／九	2-85-88	4						
p127-15	127	艹艸	2	くさかんむり／乃	2-85-89	4						
p127-16	127	艹艸	2	くさかんむり／力			827B					
p127-17	127	艹艸	2	くさかんむり／刀			8280					
p127-18	127	艹艸	2	くさかんむり／几			8281					
p127-19	127	艹艸	3	芍				芍	包摂適用	32		1
p127-20	127	艹艸	3	くさかんむり／氓のへん				芒	包摂適用	51		1
p127-21	127	艹艸	3	くさかんむり／弓	1-90-62	3						
p127-22	127	艹艸	3	くさかんむり／凡	2-85-90	4						
p127-23	127	艹艸	3	くさかんむり／千	2-85-91	4						
p127-24	127	艹艸	3	くさかんむり／子	2-85-92	4						
p127-25	127	艹艸	3	くさかんむり／丸			8284					
p127-26	127	艹艸	3	くさかんむり／巾			8287					
p127-27	127	艹艸	3	くさかんむり／干			8289					
p127-28	127	艹艸	3	くさかんむり／己			8291					
p127-29	127	艹艸	3	屮／艸			8294					
p127-30	127	艹艸	3	くさかんむり／大			8296					
p127-31	127	艹艸	4					芦	包摂適用	5		1
p127-32	127	艹艸	4	くさかんむり／椛のつくり				花	包摂適用	77		1
p127-33	127	艹艸	4	くさかんむり／呀のつくり				芽	包摂適用	121		1
p127-34	127	艹艸	4	くさかんむり／欠	1-90-63	3						
p127-35	127	艹艸	4	くさかんむり／不	1-90-64	3						
p127-36	127	艹艸	4	くさかんむり／孔	1-90-65	3						
p127-37	127	艹艸	4	くさかんむり／今	1-90-66	3						
p127-38	127	艹艸	4	くさかんむり／吶のつくり	1-90-67	3						
p127-39	127	艹艸	4	くさかんむり／止	1-90-68	3						
p127-40	127	艹艸	4	くさかんむり／市	1-90-69	3						
p127-41	127	艹艸	4	くさかんむり／仍	1-90-70	3						
p127-42	127	艹艸	4	くさかんむり／切	1-90-71	3						
p127-43	127	艹艸	4	くさかんむり／予	2-85-93	4						
p127-44	127	艹艸	4	くさかんむり／（岌−山）	2-85-94	4						
p127-45	127	艹艸	4	くさかんむり／人がしら／化のつくり	2-86-1	4						
p127-46	127	艹艸	4	くさかんむり／勿	2-86-2	4						
p127-47	127	艹艸	4	くさかんむり／夭	2-86-3	4						
p127-48	127	艹艸	4	くさかんむり／毛	2-86-4	4						
p128-0	128		4	くさかんむり／比			8298					
p128-1	128		4	くさかんむり／屯			829A					
p128-2	128		4	くさかんむり／尹			829B					
p128-3	128		4	くさかんむり／（吝−口）			82A0					
p128-4	128		4	くさかんむり／氏			82AA					
p128-5	128		4	くさかんむり／支			82B0					
p128-6	128		5					苒	包摂適用	47		1
p128-7	128		5	くさかんむり／召	1-90-72	3						
p128-8	128		5	くさかんむり／瓜	1-90-73	3						
p128-9	128		5	くさかんむり／必	1-90-74	3						
p128-10	128		5	くさかんむり／弗	1-90-75	3						
p128-11	128		5	くさかんむり／出	1-90-76	3						
p128-12	128		5	くさかんむり／（官−宀）	2-86-5	4						
p128-13	128		5	くさかんむり／尼	2-86-6	4						
p128-14	128		5	くさかんむり／甘	2-86-7	4						
p128-15	128		5	くさかんむり／拔のつくり	2-86-8	4						
p128-16	128		5	くさかんむり／此	2-86-9	4						
p128-17	128		5	くさかんむり／仕	2-86-10	4						
p128-18	128		5	第			82D0					
p128-19	128		5	くさかんむり／用			82DA					
p128-20	128		5	くさかんむり／民			82E0					
p128-21	128		5	くさかんむり／丕			82E4					
p128-22	128		5	くさかんむり／炳のつくり			82EA					
p128-23	128		5	くさかんむり／幼			82ED					
p128-24	128		5	くさかんむり／本			82EF					
p128-25	128		5	くさかんむり／人がしら／小			82F6					
p128-26	128		5	くさかんむり／丘			830A					
p128-27	128		5	くさかんむり／低のつくり			830B					
p128-28	128		5	くさかんむり／（夷−十）								pdf
p128-29	128		6	（くさかんむり／研のつくり）＋りっとう				荊	包摂適用	181		1
p128-30	128		6	くさかんむり／（咨−口）				茨	包摂適用	33		1
p128-31	128		6	荒				荒	包摂適用	51		1
p128-32	128		6	荒				荒	統合適用	UCV350		1
p128-33	128		6	くさかんむり／宇	1-90-77	3						
p128-34	128		6	くさかんむり／列	1-90-78	3						
p128-35	128		6	くさかんむり／皎のつくり	1-90-79	3						
p128-36	128		6	くさかんむり／充	1-90-80	3						
p128-37	128		6	くさかんむり／銓のつくり	1-90-81	3						
p128-38	128		6	くさかんむり／行	1-90-82	3						
p128-39	128		6	くさかんむり／夷	1-90-83	3						
p128-40	128		6	くさかんむり／肋	1-90-84	3						
p128-41	128		6	くさかんむり／冖／木	2-14-42	4					1	
p128-42	128		6	離れたくさかんむり／土／久	2-84-83	4					1	
p128-43	128		6	くさかんむり／協のつくり	2-86-11	4						
p128-44	128		6	くさかんむり／艮	2-86-12	4						
p128-45	128		6	くさかんむり／頤のへん	2-86-13	4						
p128-46	128		6	哽のつくり	2-86-14	4						
p128-47	128		6	くさかんむり／同	2-86-15	4						
p128-48	128		6	くさかんむり／亥	2-86-16	4						
p128-49	128		6	くさかんむり／戍	2-86-17	4						
p128-50	128		6	くさかんむり／衣	2-86-18	4						
p128-51	128		6	くさかんむり／成	2-86-19	4						
p128-52	128		6	くさかんむり／臣			831E					
p128-53	128		6	くさかんむり／聿			831F					
p128-54	128		6	くさかんむり／字			8321					
p128-55	128		6	くさかんむり／在			832C					
p128-56	128		6	くさかんむり／叔のへん			832E					
p129-0	129		6	くさかんむり／江			8333					
p129-1	129		6	くさかんむり／伐			8337					
p129-2	129		6	くさかんむり／仲			833D					
p129-3	129		6	くさかんむり／夸			8342					
p129-4	129		6	くさかんむり／收			834D					
p129-5	129		6	くさかんむり／至			834E					
p129-6	129		6	くさかんむり／老			8356					
p129-7	129		6	くさかんむり／土／口			44C0					
p129-8	129		6	くさかんむり／大／巳								pdf
p129-9	129		7	莽				莽	包摂適用	124		1
p129-10	129		7	くさかんむり／仞のつくり／心				荵	包摂適用	170		1
p129-11	129		7	くさかんむり／呉				茣	包摂適用	48		1
p129-12	129		7	くさかんむり／綏のつくり	1-90-85	3						
p129-13	129		7	くさかんむり／甫	1-90-86	3						
p129-14	129		7	くさかんむり／呂	1-90-87	3						
p129-15	129		7	くさかんむり／辛	1-90-88	3						
p129-16	129		7	くさかんむり／見	1-90-89	3						
p129-17	129		7	くさかんむり／孚	1-90-90	3						
p129-18	129		7	嘆のつくり	2-5-36	4					1	
p129-19	129		7	くさかんむり／孝	2-86-20	4						
p129-20	129		7	くさかんむり／朶	2-86-21	4						
p129-21	129		7	くさかんむり／求	2-86-22	4						
p129-22	129		7	くさかんむり／圀	2-86-23	4						
p129-23	129		7	くさかんむり／杏	2-86-24	4						
p129-24	129		7	くさかんむり／梃のつくり	2-86-25	4						
p129-25	129		7	くさかんむり／坐	2-86-26	4						
p129-26	129		7	くさかんむり／杜			8370					
p129-27	129		7	くさかんむり／孛			8378					
p129-28	129		7	くさかんむり／辰			8380					
p129-29	129		7	くさかんむり／別			8382					
p129-30	129		7	くさかんむり／哽のつくり			8384					
p129-31	129		7	くさかんむり／君			8399					
p129-32	129		7	くさかんむり／攸			839C					
p129-33	129		7	くさかんむり／悄のつくり			83A6					
p129-34	129		7	くさかんむり／舛			8348					
p129-35	129		7	くさかんむり／（土へん＋勹＜冫）			837A					
p129-36	129		7	くさかんむり／俛のつくり			83AC					
p129-37	129		8					菟	包摂適用	102		1
p129-38	129		8					菟	包摂適用	102		1
p129-39	129		8	くさかんむり／綵のつくり				菜	包摂適用	21		1
p129-40	129		8	くさかんむり／來	1-91-6	3		莱	78互換包摂			
p129-41	129		8					萌	包摂適用	36		1
p129-42	129		8	くさかんむり／朋				萠	包摂適用	36		1
p129-43	129		8					萢	包摂適用	70		1
p129-44	129		8	くさかんむり／刺	1-90-91	3						
p129-45	129		8	くさかんむり／宛	1-90-92	3						
p129-46	129		8	くさかんむり／姑	1-90-93	3						
p129-47	129		8	くさかんむり／河	1-90-94	3						
p129-48	129		8	くさかんむり／緇のつくり	1-91-1	3						
p129-49	129		8	くさかんむり／函	1-91-2	3						
p129-50	129		8	くさかんむり／宕	1-91-3	3						
p129-51	129		8	くさかんむり／其	1-91-4	3						
p129-52	129		8	くさかんむり／婢のつくり	1-91-5	3						
p130-0	130		8	菓	2-14-86	4					1	
p130-1	130		8	くさかんむり／碌のつくり	2-86-27	4						
p130-2	130		8	僕のつくり	2-86-28	4						
p130-3	130		8	くさかんむり／服	2-86-29	4						
p130-4	130		8	くさかんむり／拔	2-86-30	4						
p130-5	130		8	くさかんむり／析	2-86-31	4						
p130-6	130		8	蕩	2-86-32	4						
p130-7	130		8	くさかんむり／陷のつくり	2-86-33	4						
p130-8	130		8	くさかんむり／隹	2-86-34	4						
p130-9	130		8	くさかんむり／斉	2-86-35	4						
p130-10	130		8	慈	2-86-36	4						
p130-11	130		8	くさかんむり／宗	2-86-37	4						
p130-12	130		8	くさかんむり／餠のつくり			8353					
p130-13	130		8	くさかんむり／奔			83BE					
p130-14	130		8	くさかんむり／妾			83E8					
p130-15	130		8	くさかんむり／奉			83F6					
p130-16	130		8	くさかんむり／於			83F8					
p130-17	130		8	くさかんむり／炎			83FC					
p130-18	130		8	くさかんむり／枕			8419					
p130-19	130		8	くさかんむり／罔			83F5					
p130-20	130		8	箆			841E					
p130-21	130		9	くさかんむり／曷				葛	包摂適用	150		1
p130-22	130		9	墸のつくり	1-91-7	3		著	包摂適用	125		
p130-23	130		9	苔／木	1-91-8	3						
p130-24	130		9	くさかんむり／皇	1-91-9	3						
p130-25	130		9	くさかんむり／俊	1-91-10	3						
p130-26	130		9	くさかんむり／威	1-91-11	3						
p130-27	130		9	くさかんむり／染	1-91-12	3						
p130-28	130		9	くさかんむり／編のつくり	2-86-38	4						
p130-29	130		9	くさかんむり／合／廾	2-86-39	4						
p130-30	130		9	くさかんむり／津	2-86-40	4						
p130-31	130		9	くさかんむり／封	2-86-41	4						
p130-32	130		9	くさかんむり／紅	2-86-42	4						
p130-33	130		9	くさかんむり／相	2-86-43	4						
p130-34	130		9	くさかんむり／甚	2-86-44	4						
p130-35	130		9	くさかんむり／禊のつくり	2-86-45	4						
p130-36	130		9	くさかんむり／昜	2-86-46	4						
p130-37	130		9	くさかんむり／（剪−刀）	2-86-47	4						
p130-38	130		9	くさかんむり／亭	2-86-48	4						
p130-39	130		9	くさかんむり／思	2-86-49	4						
p130-40	130		9	くさかんむり／椶のつくり	2-86-50	4						
p130-41	130		9	二点しんにょう＋くさかんむり／（木＋右上に丶）	2-86-51	4						
p130-42	130		9	葬			585F				1	
p130-43	130		9	茲／子				孳	包摂適用	83	1	1
p130-44	130		9	くさかんむり／（皀＋卩）			83AD					
p130-45	130		9	くさかんむり／負			842F					
p130-46	130		9	くさかんむり／俎			8445					
p130-47	130		9	くさかんむり／柔			8447					
p130-48	130		9	くさかんむり／福のつくり			844D					
p130-49	130		9	くさかんむり／突			8456					
p130-50	130		8	くさかんむり／突			8456					
p130-51	130		9	くさかんむり／（卅／田）			8458					
p130-52	130		9	荷			8460					
p130-53	130		9	くさかんむり／紂			8464					
p130-54	130		9	くさかんむり／勃			8467					
p130-55	130		9	くさかんむり／（角＋りっとう）			846A					
p130-56	130		9	くさかんむり／咸			8474					
p131-0	131		9	くさかんむり／襾／女			847D					
p131-1	131		9	くさかんむり／姦			844C					
p131-2	131		9	くさかんむり／愉のつくり			842E					
p131-3	131		9	くさかんむり／剌			44F6					
p131-4	131		9	くさかんむり／（火＋禾）			26D52					
p131-5	131		9	菽			26CCB					
p131-6	131		9	くさかんむり／付／心								pdf
p131-7	131		9	菲／一								pdf
p131-8	131		10					慈	包摂適用	83		1
p131-9	131		10	藩	1-91-13	3						
p131-10	131		10	萠＋りっとう	1-91-14	3						
p131-11	131		10	くさかんむり／朔	1-91-15	3						
p131-12	131		10	くさかんむり／疾	1-91-16	3						
p131-13	131		10	くさかんむり／孫	1-91-17	3						
p131-14	131		10	くさかんむり／冥	1-91-18	3						
p131-15	131		10	くさかんむり／馬	2-86-52	4						
p131-16	131		10	くさかんむり／配	2-86-53	4						
p131-17	131		10	くさかんむり／浪	2-86-54	4						
p131-18	131		10	護のつくり	2-86-55	4						
p131-19	131		10	くさかんむり／二点しんにょうの迷	2-86-56	4						
p131-20	131		10	くさかんむり／貢	2-86-57	4						
p131-21	131		10	くさかんむり／溏のつくり	2-86-58	4						
p131-22	131		10	くさかんむり／（瓜＋瓜）	2-86-59	4						
p131-23	131		10	くさかんむり／倍	2-86-60	4						
p131-24	131		10	くさかんむり／師			8492					
p131-25	131		10	くさかんむり／純			8493					
p131-26	131		10	くさかんむり／慍のつくり			8495					
p131-27	131		10	くさかんむり／倩			84A8					
p131-28	131		10	くさかんむり／租			84A9					
p131-29	131		10	くさかんむり／溥のつくり			84AA					
p131-30	131		10	くさかんむり／捕			84B1					
p131-31	131		10	くさかんむり／恩			84BD					
p131-32	131		10	くさかんむり／骨			84C7					
p131-33	131		10	くさかんむり／（螂−虫）			84C8					
p131-34	131		10	くさかんむり／坐／夂			84CC					
p131-35	131		10	くさかんむり／哥			4505					
p131-36	131		10	くさかんむり／一／口／（冂＜（羊−二））			849A					
p131-37	131		10	くさかんむり／鬲			849A					
p131-38	131		11	韈のつくり				蔑	包摂適用	34		1
p131-39	131		11	二点しんにょうの蓬				蓬	包摂適用	128		1
p131-40	131		11	二点しんにょうの蓮				蓮	包摂適用	128		1
p131-41	131		11	くさかんむり／將	1-91-22	3		蒋	78互換包摂			
p131-42	131		11					蓴	包摂適用	112		1
p131-43	131		11	暮	1-84-88	3					1	
p131-44	131		11	くさかんむり／細	1-91-19	3						
p131-45	131		11	くさかんむり／寇	1-91-20	3						
p131-46	131		11	くさかんむり／婁	1-91-21	3						
p131-47	131		11	くさかんむり／陳	1-91-23	3						
p131-48	131		11	蔭	2-86-61	4						
p131-49	131		11	くさかんむり／條	2-86-62	4						
p131-50	131		11	くさかんむり／二点しんにょうの通	2-86-63	4						
p131-51	131		11	くさかんむり／從	2-86-64	4						
p131-52	131		11	くさかんむり／徙	2-86-65	4						
p131-53	131		11	藩	2-86-66	4						
p131-54	131		11	藝−云	2-86-67	4						
p132-0	132		11	くさかんむり／畢	2-86-68	4						
p132-1	132		11	くさかんむり／（嗽−口）	2-86-69	4						
p132-2	132		11	くさかんむり／（角＋斗）	2-86-70	4						
p132-3	132		11	くさかんむり／密	2-86-71	4						
p132-4	132		11	くさかんむり／總のつくり	2-86-72	4						
p132-5	132		11	くさかんむり／焉	2-86-73	4						
p132-6	132		11	くさかんむり／嘛のつくり	2-86-74	4						
p132-7	132		11	くさかんむり／猪	2-86-75	4						
p132-8	132		11	くさかんむり／（嶐−山）	2-86-76	4						
p132-9	132		11	くさかんむり／粛	2-86-77	4						
p132-10	132		11	茲／瓦			7506				1	
p132-11	132		11	くさかんむり／區			84F2					
p132-12	132		11	くさかんむり／推			84F7					
p132-13	132		11	くさかんむり／執			84FB					
p132-14	132		11	くさかんむり／累			8502					
p132-15	132		11	くさかんむり／強			8503					
p132-16	132		11	くさかんむり／（廐−广）			8507					
p132-17	132		11	くさかんむり／設			850E					
p132-18	132		11	くさかんむり／滴のつくり			8510					
p132-19	132		11	くさかんむり／敖			851C					
p132-20	132		11	くさかんむり／婆			8522					
p132-21	132		11	くさかんむり／彗			8527					
p132-22	132		11	くさかんむり／斬			852A					
p132-23	132		11	くさかんむり／清			8533					
p132-24	132		11	くさかんむり／責			8536					
p132-25	132		11	くさかんむり／（火＋旱）			850A					
p132-26	132		11	くさかんむり／鹿			850D					
p132-27	132		11	蓙								pdf
p132-28	132		12	竹かんむり／敝				蔽	包摂適用	16		1
p132-29	132		12	くさかんむり／間				※［＃「くさかんむり／燗のつくり」、第4水準2-86-80］	包摂適用			1
p132-30	132		12	くさかんむり／奥				※［＃「くさかんむり／奧」、第4水準2-86-89］	包摂適用	135		1
p132-31	132		12	くさかんむり／惠	1-91-24	3						
p132-32	132		12	くさかんむり／（豕のにょうの形＋生）	1-91-25	3						
p132-33	132		12	夢	2-82-16	4					1	
p132-34	132		12	蔭	2-86-78	4						
p132-35	132		12	くさかんむり／犂	2-86-79	4						
p132-36	132		12	くさかんむり／燗のつくり	2-86-80	4						
p132-37	132		12	くさかんむり／雲	2-86-81	4						
p132-38	132		12	くさかんむり／最	2-86-82	4						
p132-39	132		12	くさかんむり／賁	2-86-83	4						
p132-40	132		12	くさかんむり／貴	2-86-84	4						
p132-41	132		12	くさかんむり／爲			853F					
p132-42	132		12	くさかんむり／戌			8546					
p132-43	132		12	くさかんむり／一／（「傘−人がしら			8550					
p132-44	132		12	くさかんむり／買			8552					
p132-45	132		12	くさかんむり／渠			8556					
p132-46	132		12	くさかんむり／悲			855C					
p132-47	132		12	くさかんむり／絶			855D					
p132-48	132		12	くさかんむり／發			855F					
p132-49	132		12	くさかんむり／絮			8560					
p132-50	132		12	くさかんむり／童			856B					
p132-51	132		12	くさかんむり／閑			4535					
p132-52	132		12	くさかんむり／開			26F20					
p132-53	132		13	薄				薄	包摂適用	40		1
p132-54	132		13					薇	包摂適用	132		1
p132-55	132		13	藹	1-91-26	3						
p133-0	133		13	くさかんむり／稗	1-91-27	3						
p133-1	133		13	くさかんむり／（楫のつくり＋戈）	1-91-28	3						
p133-2	133		13	くさかんむり／郷	1-91-29	3						
p133-3	133		13	くさかんむり／意	1-91-30	3						
p133-4	133		13	くさかんむり／解	1-91-31	3						
p133-5	133		13	舊	2-86-85	4						
p133-6	133		13	くさかんむり／（髟のへん＋共）	2-86-86	4						
p133-7	133		13	くさかんむり／農	2-86-87	4						
p133-8	133		13	くさかんむり／（火＋爰）	2-86-88	4						
p133-9	133		13	くさかんむり／奧	2-86-89	4						
p133-10	133		13	くさかんむり／愛	2-86-90	4						
p133-11	133		13	藩	2-86-91	4						
p133-12	133		13	くさかんむり／譫のつくり	2-86-92	4						
p133-13	133		13	くさかんむり／僉	2-86-93	4						
p133-14	133		13	くさかんむり／雍			8579					
p133-15	133		13	茹			8585					
p133-16	133		13	くさかんむり／穢のつくり			8589					
p133-17	133		13	くさかんむり／資			858B					
p133-18	133		13	くさかんむり／二点しんにょうの達			8598					
p133-19	133		13	くさかんむり／煩			85A0					
p133-20	133		13	くさかんむり／蜀			85A5					
p133-21	133		13	くさかんむり／亭			85A7					
p133-22	133		13	薤			859A					
p133-23	133		13	薤			859E					
p133-24	133		13	くさかんむり／溪								pdf
p133-25	133		13	薔								pdf
p133-26	133		14	くさかんむり／（「こざとへん＋顏のへん				薩	包摂適用	72		1
p133-27	133		14					薯	包摂適用	125		1
p133-28	133		14	くさかんむり／熏	1-91-32	3		薫	包摂適用	99		
p133-29	133		14	くさかんむり／櫂のつくり	1-91-33	3						
p133-30	133		14	くさかんむり／盡	1-91-34	3						
p133-31	133		14	くさかんむり／延／虫	2-86-94	4						
p133-32	133		14	くさかんむり／（弓＋（前／刀））	2-87-1	4						
p133-33	133		14	荻	2-87-2	4						
p133-34	133		14	くさかんむり／需	2-87-3	4						
p133-35	133		14	くさかんむり／塵	2-87-4	4						
p133-36	133		14	くさかんむり／與	2-87-5	4						
p133-37	133		14	くさかんむり／（「禾＋編のつくり	2-87-6	4						
p133-38	133		14	栴−木−（尓−小）＋護のつくり	2-91-82	4					1	
p133-39	133		14	權のつくり	2-91-83	4					1	
p133-40	133		14	くさかんむり／設			850E					
p133-41	133		14	くさかんむり／濘のつくり			85B4					
p133-42	133		14	くさかんむり／貍			85B6					
p133-43	133		14	くさかんむり／漂			85B8					
p133-44	133		14	くさかんむり／甄			85BD					
p133-45	133		14	くさかんむり／爾			85BE					
p133-46	133		14	くさかんむり／疑			85BF					
p133-47	133		14	くさかんむり／聚			85C2					
p133-48	133		14	くさかんむり／説								pdf
p133-49	133		15	くさかんむり／滕				藤	包摂適用	14		1
p133-50	133		15	くさかんむり／窮	1-91-35	3						
p133-51	133		15	萬／虫	1-91-67	3					1	
p133-52	133		15	くさかんむり／熱	2-80-7	4					1	
p133-53	133		15	くさかんむり／慮	2-87-7	4						
p133-54	133		15	くさかんむり／毅	2-87-8	4						
p133-55	133		15	くさかんむり／儡のつくり	2-87-9	4						
p133-56	133		15	くさかんむり／二点しんにょうの適	2-87-10	4						
p134-0	134		15	くさかんむり／麾	2-87-11	4						
p134-1	134		15	くさかんむり／續のつくり			85DA					
p134-2	134		15	くさかんむり／白／（白＋白）			85E0					
p134-3	134		15	くさかんむり／塵			85E8					
p134-4	134		15	くさかんむり／稾			85F3					
p134-5	134		15	くさかんむり／緩			85E7					
p134-6	134		15	くさかんむり／（糸＋爰）			85E7					
p134-7	134		16					藷	包摂適用	125		1
p134-8	134		16	薛／子	1-47-55	3					1	
p134-9	134		16	くさかんむり／穐	1-91-36	3						
p134-10	134		16	くさかんむり／霍	1-91-37	3						
p134-11	134		16	くさかんむり／（單＋斤）	1-91-38	3						
p134-12	134		16	くさかんむり／衡	1-91-39	3						
p134-13	134		16	くさかんむり／（言＋爰）	1-91-40	3						
p134-14	134		16	くさかんむり／櫪のつくり	2-87-12	4						
p134-15	134		16	くさかんむり／擇	2-87-13	4						
p134-16	134		16	くさかんむり／麾	2-87-14	4						
p134-17	134		16	くさかんむり／憲			85FC					
p134-18	134		16	くさかんむり／勳			860D					
p134-19	134		16	くさかんむり／霜			860E					
p134-20	134		16	萬／足			8E89				1	
p134-21	134		17	くさかんむり／闌				蘭	包摂適用	100		1
p134-22	134		17	くさかんむり／縮	1-91-41	3						
p134-23	134		17	くさかんむり／襄	1-91-42	3						
p134-24	134		17	くさかんむり／繁	1-91-43	3						
p134-25	134		17	くさかんむり／斂	2-87-15	4						
p134-26	134		17	くさかんむり／嬰	2-87-16	4						
p134-27	134		17	くさかんむり／（白＋爲）	2-87-17	4						
p134-28	134		17	くさかんむり／遽	2-87-18	4						
p134-29	134		17	くさかんむり／翳			8619					
p134-30	134		17	くさかんむり／（甚＋育）			861B					
p134-31	134		17	若／（虫＋虫）			881A				1	
p134-32	134		17	くさかんむり／歛			861D					
p134-33	134		17	くさかんむり／（止＋（百／ハ）＋巳）／夂			8637					
p134-34	134		18	くさかんむり／（止＋頁＋巳）／夂	1-15-72	3					1	
p134-35	134		16	（止＋（首／儿）＋巳）／夂	2-5-28	4					1	
p134-36	134		15	（止＋頁＋巳）／夂			5912				1	
p134-37	134		18	くさかんむり／翹	2-87-19	4						
p134-38	134		18	くさかんむり／魏			8636					
p134-39	134		18	くさかんむり／叢			457A					
p134-40	134		19	くさかんむり／（酉＋隹）／れんが	1-91-44	3						
p134-41	134		19	薛／米	2-84-8	4					1	
p134-42	134		19	くさかんむり／懷	2-87-20	4						
p134-43	134		19	くさかんむり／靡	2-87-21	4						
p134-44	134		19	くさかんむり／識	2-87-22	4						
p134-45	134		19	くさかんむり／韲	2-87-23	4						
p134-46	134		19	口＋蘇			56CC				1	
p134-47	134		19	くさかんむり／離			863A					
p134-48	134		19	くさかんむり／壘			863D					
p134-49	134		20	くさかんむり／露			8642					
p134-50	134		21	くさかんむり／龝	2-87-24	4						
p134-51	134		21	くさかんむり／壘			8646					
p134-52	134	虍	2	虎								1
p135-0	135		3	謔のつくり				虐	包摂適用	57		1
p135-1	135		3	虎								1
p135-2	135		4					虔	デザイン差	UCV235		1
p135-3	135		4	九＋虎	2-87-25	4						
p135-4	135		4	褫のつくり			8652					
p135-5	135		4	彪			751D					
p135-6	135		5	虎	1-91-45	3						
p135-7	135		5	罅のつくり	2-87-26	4						
p135-8	135		5	虎			8658					
p135-9	135		5	虎			8659					
p135-10	135		6	墟のつくり	1-91-46	3		虚	包摂適用	166		
p135-11	135		6	虜	1-91-47	3						
p135-12	135		6	彪			865D					
p135-13	135		7	虞				虞	包摂適用	48		1
p135-14	135		7	号＋虎				號	包摂適用	69		pdf
p135-15	135		7	據のつくり			8C66				1	
p135-16	135		8	効のへん＋虎			8660					
p135-17	135		8	墟のつくり／（兵−丘）			8661					
p135-18	135		9	埒のつくり＋虎	1-91-48	3		※［＃「埒のつくり＋虎」、第3水準1-91-48］	包摂適用	192		
p135-19	135		9	埒のつくり＋虎	1-91-48	3						
p135-20	135		9	虎＋兔			4598					
p135-21	135		9	虎＋兔			4598					
p135-22	135		10	武＋虎			8663					
p135-23	135		10	虎＋虎			8664					
p135-24	135		11	虎＋鳥			2A0AC					
p135-25	135		11	虎＋鳥			2A0AC					
p135-26	135		12	虎＋見	2-88-41	4					1	
p135-27	135		12	瑣のつくり＋虎			8669					
p135-28	135	虫	1	丿／虫	1-91-49	3						
p135-29	135	虫	1	虫＋礼のつくり	1-91-50	3						
p135-30	135	虫	2	虫＋（収−又）	2-87-27	4						
p135-31	135	虫	3	虫＋也	1-91-51	3						
p135-32	135	虫	3	虫＋干	2-87-28	4						
p135-33	135	虫	3	兀のにょうの形＋虫	2-87-29	4						
p135-34	135	虫	3	虫＋于			8676					
p135-35	135	虫	3	亡／虫			459F					
p135-36	135	虫	3	口／虫			867D					
p135-37	135	虫	3	虫＋巳								pdf
p135-38	135	虫	4	虫＋（吝−口）				蚊	デザイン差	UCV235		1
p135-39	135	虫	4	虫＋尤	1-91-52	3						
p135-40	135	虫	4	虫＋尺	2-87-30	4						
p135-41	135	虫	4	（吝−口）／虫	2-87-31	4						
p135-42	135	虫	4	虫＋比	2-87-32	4						
p135-43	135	虫	4	虫＋支	2-87-33	4						
p135-44	135	虫	4	虫＋冴のつくり	2-87-34	4						
p135-45	135	虫	4	虫＋毛	2-87-35	4						
p135-46	135	虫	4	虫＋夫	2-87-36	4						
p135-47	135	虫	4	虫＋元			8696					
p135-48	135	虫	4	虫＋斤			869A					
p135-49	135	虫	4	虫＋扮のつくり			86A1					
p135-50	135	虫	4	虫＋（冂＜はみ出た横棒二本）			86A6					
p135-51	135	虫	4	虫＋介			86A7					
p135-52	135	虫	4	虫＋亢			86A2					
p136-0	136		5	虫＋斥	1-91-53	3						
p136-1	136		5	虫＋生	2-87-37	4						
p136-2	136		5	虫＋乍	2-87-38	4						
p136-3	136		5	虫＋低のつくり	2-87-39	4						
p136-4	136		5	虫＋召	2-87-40	4						
p136-5	136		5	虫＋丙	2-87-41	4						
p136-6	136		5	虫＋尼			86AD					
p136-7	136		5	虫＋幼			86B4					
p136-8	136		5	虫＋可			86B5					
p136-9	136		5	虫＋秬のつくり			86B7					
p136-10	136		5	虫＋付			86B9					
p136-11	136		5	虫＋玄			86BF					
p136-12	136		5	虫＋（麈−鹿）			86C0					
p136-13	136		5	虫＋占			86C5					
p136-14	136		5	虫＋冉			86BA					
p136-15	136		6	虫＋牟	2-87-42	4						
p136-16	136		6	虫＋有	2-87-43	4						
p136-17	136		6	阜	2-87-44	4						
p136-18	136		6	虫＋吉	2-87-45	4						
p136-19	136		6	虫＋夷	2-87-46	4						
p136-20	136		6	虫＋幵			8688					
p136-21	136		6	虫＋各			86D2					
p136-22	136		6	虫＋列			86DA					
p136-23	136		6	虫＋伊			86DC					
p136-24	136		6	虫＋協のつくり			86E0					
p136-25	136		6	虫＋多			86E5					
p136-26	136		6	虫＋（冂＜双）			86E7					
p136-27	136		6	（蚌のつくり＋刀）／虫			86EA					
p136-28	136		6	禊のつくり			86EA					
p136-29	136		7	虫＋悄のつくり				蛸	包摂適用	16		1
p136-30	136		7	虫＋夾	1-91-54	3						
p136-31	136		7	虫＋車	1-91-55	3						
p136-32	136		7	虫＋貝	1-91-56	3						
p136-33	136		7	虫＋良	1-91-57	3						
p136-34	136		7	我／虫	2-87-47	4						
p136-35	136		7	虫＋甫	2-87-48	4						
p136-36	136		7	折／虫	2-87-49	4						
p136-37	136		7	虫＋絹のつくり	2-87-50	4						
p136-38	136		7	虫＋劫	2-87-51	4						
p136-39	136		7	虫＋廷	2-87-52	4						
p136-40	136		7	虫＋辰			8704					
p136-41	136		7	虫＋秀			870F					
p136-42	136		7	虫＋甸			8714					
p136-43	136		8	虫＋青				蜻	包摂適用	146		1
p136-44	136		8	門＜虫	1-93-49	3					1	
p136-45	136		8	虫＋（鬆−髟）	2-87-53	4						
p136-46	136		8	虫＋育	2-87-54	4						
p136-47	136		8	虫＋昔	2-87-55	4						
p136-48	136		8	虫＋羌	2-87-56	4						
p136-49	136		8	虫＋婢のつくり	2-87-57	4						
p136-50	136		8	虫＋兒	2-87-58	4						
p136-51	136		8	虫＋果	2-87-59	4						
p136-52	136		8	虫＋東	2-87-60	4						
p136-53	136		8	虫＋綴のつくり	2-87-61	4						
p136-54	136		8	虫＋其			871E					
p136-55	136		8	虫＋捷のつくり			8728					
p136-56	136		8	虫＋或			872E					
p137-0	137		8	虫＋奉			872F					
p137-1	137		8	虫＋委			8732					
p137-2	137		8	虫＋（くさかんむり／吶のつくり）			8739					
p137-3	137		8	虫＋隹			873C					
p137-4	137		8	虫＋兩			873D					
p137-5	137		8	（天＋天）／虫			8745					
p137-6	137		8	金＋虫			9275				1	
p137-7	137		8	虫＋孟			8722					
p137-8	137		8	虫＋居			871B					
p137-9	137		8	虫＋罔			8744					
p137-10	137		8	或／虫			27312					
p137-11	137		8	虫＋罔			27351					
p137-12	137		9	飮のへん＋虫				蝕	包摂適用	155		1
p137-13	137		9					蝙	包摂適用	5		1
p137-14	137		9					蜷	包摂適用	14		1
p137-15	137		9	氓のへん／（虫＋虫）	1-91-58	3						
p137-16	137		9	虫＋胥	2-87-62	4						
p137-17	137		9	虫＋偃のつくり	2-87-63	4						
p137-18	137		9	虫＋鰌のつくり	2-87-64	4						
p137-19	137		9	鶩	2-87-65	4						
p137-20	137		9	虫＋刺	2-87-66	4						
p137-21	137		9	虫＋楼のつくり	2-87-67	4						
p137-22	137		9	虫＋（皀＋卩）			874D					
p137-23	137		9	虫＋彖			875D					
p137-24	137		9	虫＋（而／大）			8761					
p137-25	137		9	虫＋爰			876F					
p137-26	137		9	虫＋南			877B					
p137-27	137		9	虫＋威			875B					
p137-28	137		9	虫＋若			27357					
p137-29	137		10	蟒				蟒	包摂適用	124		1
p137-30	137		10	虫＋奚	1-91-59	3						
p137-31	137		10	虫＋原	1-91-60	3						
p137-32	137		10	討／虫	2-87-68	4						
p137-33	137		10	轂	2-87-69	4						
p137-34	137		10	虫＋耆	2-87-70	4						
p137-35	137		10	虫＋鶲のへん	2-87-71	4						
p137-36	137		10	虫＋溲のつくり	2-87-72	4						
p137-37	137		10	虫＋秦	2-87-73	4						
p137-38	137		10	虫＋縊のつくり	2-87-74	4						
p137-39	137		10	匿／虫	2-87-75	4						
p137-40	137		10	虫＋旁			8783					
p137-41	137		10	虫＋師			8784					
p137-42	137		10	虫＋息			8785					
p137-43	137		10	虫＋（玄＋玄）			8786					
p137-44	137		10	般／虫			878C					
p137-45	137		10	虫＋烏			8790					
p137-46	137		10	虫＋貔のつくり			8795					
p137-47	137		10	虫＋溏のつくり			8797					
p137-48	137		10	虫＋豈			8798					
p137-49	137		10	木／（虫＋虫）			8799					
p137-50	137		10	虫＋馬			879E					
p137-51	137		10	縢			87A3					
p137-52	137		10	虫／鬲			878E					
p137-53	137		10	虫＋條			87A9					
p137-54	137		10	虫＋恙			273EE					
p137-55	137		11					螽	包摂適用	25		1
p138-0	138		11	虫＋曹	1-91-61	3						
p138-1	138		11	虫＋璃のつくり	1-91-62	3						
p138-2	138		11	虫＋票	1-91-63	3						
p138-3	138		11	广＋（庶−广）／虫	1-91-64	3						
p138-4	138		11	虫＋從	2-87-76	4						
p138-5	138		11	虫＋寅	2-87-77	4						
p138-6	138		11	虫＋責	2-87-78	4						
p138-7	138		11	民／（虫＋虫）	2-87-79	4						
p138-8	138		11	虫＋滿のつくり	2-87-80	4						
p138-9	138		11	虫＋帶			87AE					
p138-10	138		11	尉／虫			87B1					
p138-11	138		11	將／虫			87BF					
p138-12	138		11	虫＋國			87C8					
p138-13	138		11	虫＋膠のつくり			87C9					
p138-14	138		11	矛／（虫＋虫）			87CA					
p138-15	138		12	虫＋單	1-91-66	3		蝉	78互換包摂			
p138-16	138		12	虫＋斯	1-91-65	3						
p138-17	138		12	虫＋厨	2-87-81	4						
p138-18	138		12	虫＋僚のつくり	2-87-82	4						
p138-19	138		12	自／（虫＋虫）	2-87-83	4						
p138-20	138		12	虫＋饑のつくり	2-87-84	4						
p138-21	138		12	虫＋（廣−广）	2-87-85	4						
p138-22	138		12	虫＋賁	2-87-86	4						
p138-23	138		12	虫＋惠	2-87-87	4						
p138-24	138		12	虫＋覃	2-87-88	4						
p138-25	138		12	虫＋焦	2-87-89	4						
p138-26	138		12	虫＋觜			87D5					
p138-27	138		12	識			87D9					
p138-28	138		12	彭／虫			87DA					
p138-29	138		12	虫＋喬			87DC					
p138-30	138		12	虫＋喜			87E2					
p138-31	138		12	虫＋饌のつくり			87E4					
p138-32	138		12	虫＋無			87F1					
p138-33	138		12	虫＋潯のつくり			87F3					
p138-34	138		13	萬／虫	1-91-67	3						
p138-35	138		13	虫＋濂のつくり	1-91-68	3						
p138-36	138		13	郷／虫	2-87-90	4						
p138-37	138		13	羸	2-87-91	4						
p138-38	138		13	虫＋蜀	2-87-92	4						
p138-39	138		13	虫＋蒙	2-87-93	4						
p138-40	138		13	豕／（虫＋虫）			87F8					
p138-41	138		13	虫＋亶			87FA					
p138-42	138		13	（車／凵＋殳）／虫			87FF					
p138-43	138		13	虫＋鐶のつくり			8809					
p138-44	138		13	虫＋萬			8807					
p138-45	138		13	虫＋慈			45F9					
p138-46	138		14	虫＋齊	1-91-69	3						
p138-47	138		14	虫＋豪	1-91-70	3						
p138-48	138		14	爾／虫			8812					
p138-49	138		14	虫＋截			8818					
p138-50	138		14	虫＋嬪のつくり			8819					
p138-51	138		14	若／（虫＋虫）			881A					
p138-52	138		14	虫＋韈のつくり			881B					
p138-53	138		15	虫＋鑞のつくり	1-91-71	3		蝋	78互換包摂			
p138-54	138		15	樊／虫			881C					
p139-0	139		15	竹かんむり／（皀＋卩）／虫			881E					
p139-1	139		15	虫＋慮			274FB					
p139-2	139		16	虫＋蕭	2-87-94	4						
p139-3	139		17	虫＋翳	2-88-1	4						
p139-4	139		17	縊のつくり＋蜀	2-88-2	4						
p139-5	139		17	二点しんにょうの逢／（虫＋虫）			882D					
p139-6	139		17	虫＋襄			8830					
p139-7	139		18	虫＋攜のつくり			8835					
p139-8	139		18	蠶			883A					
p139-9	139		19	虫＋羸			27573					
p139-10	139		20	虫＋矍	2-88-3	4						
p139-11	139	血	2	にんべん＋血			4F90				1	
p139-12	139	血	2	衄のへん＋卩			5379				1	
p139-13	139	血	2	衄のへん＋卜								pdf
p139-14	139	血	3	衄のへん＋刃				衂	包摂適用	170		pdf
p139-15	139	血	3	衄のへん＋仞のつくり				衂	包摂適用	170		1
p139-16	139	血	3	衄のへん＋おおざと	2-88-4	4						
p139-17	139	血	3	氓のへん／血			8841					
p139-18	139	血	4	衄のへん＋不			8843					
p139-19	139	血	4	衄のへん＋（梁−木−さんずい）			4610					
p139-20	139	血	5	衄のへん＋絆のつくり			8845					
p139-21	139	血	6	衄のへん＋耳			8848					
p139-22	139	血	6	衄のへん＋各			8849					
p139-23	139	血	7	貝＋血			8CC9				1	
p139-24	139	血	15	衄のへん＋韈のつくり	2-88-5	4						
p139-25	139	血	18	聿／（百＋百）／皿			884B					
p139-26	139	行	3	衙			884E					
p139-27	139	行	5	衙				術	包摂適用	29		1
p139-28	139	行	5	衙			8851					
p139-29	139	行	6	御	2-88-6	4						
p139-30	139	行	6	衙			8855					
p139-31	139	行	6	衙			8856					
p139-32	139	行	9	衙			885A					
p139-33	139	行	9	衙			885C					
p139-34	139	行	10	衙	2-88-7	4						
p139-35	139	行	10	衙			8860					
p139-36	139	行	11	行＋鳥			9D34				1	
p139-37	139	衤衣	0	ころもへん	2-88-8	4						
p139-38	139	衤衣	3	ころもへん＋上	2-88-9	4						
p139-39	139	衤衣	3	ころもへん＋下	2-88-10	4						
p139-40	139	衤衣	3	ころもへん＋扠のつくり	2-88-11	4						
p139-41	139	衤衣	4	褒				衰	デザイン差			1
p139-42	139	衤衣	4	ころもへん＋比	2-88-12	4						
p139-43	139	衤衣	4	ころもへん＋扮のつくり	2-88-13	4						
p139-44	139	衤衣	4	ころもへん＋（岌−山）			8871					
p139-45	139	衤衣	4	ころもへん＋氏			8879					
p139-46	139	衤衣	4	ころもへん＋（冂＜はみ出た横棒二本）			887B					
p139-47	139	衤衣	4	ころもへん＋鈞のつくり			8880					
p140-0	140		4	褒			886E					
p140-1	140		4	褒			886E					
p140-2	140		5					袞	デザイン差	UCV236		1
p140-3	140		5	ころもへん＋施のつくり	1-91-72	3						
p140-4	140		5	ころもへん＋去	1-91-73	3						
p140-5	140		5	褒	2-88-14	4						
p140-6	140		5	ころもへん＋拔のつくり			889A					
p140-7	140		5	ころもへん＋低のつくり			889B					
p140-8	140		5	ころもへん＋末			889C					
p140-9	140		5	ころもへん＋失			889F					
p140-10	140		5	ころもへん＋玄			88A8					
p140-11	140		6	ころもへん＋各	2-88-15	4						
p140-12	140		6	ころもへん＋如	2-88-16	4						
p140-13	140		6	ころもへん＋朱	2-88-17	4						
p140-14	140		6	ころもへん＋因	2-88-18	4						
p140-15	140		6	褒	2-88-19	4						
p140-16	140		6	ころもへん＋吉			88BA					
p140-17	140		6	ころもへん＋当			88C6					
p140-18	140		7	梟	1-91-74	3						
p140-19	140		7	ころもへん＋酲のつくり	1-91-75	3						
p140-20	140		7	ころもへん＋我	1-91-76	3						
p140-21	140		7	譲のつくり	2-1-19	4						
p140-22	140		7	ころもへん＋帋	2-88-20	4						
p140-23	140		7	ころもへん＋身	2-88-21	4						
p140-24	140		7	ころもへん＋戒	2-88-22	4						
p140-25	140		7	褒	2-88-23	4						
p140-26	140		7	ころもへん＋豆			88CB					
p140-27	140		7	ころもへん＋夾			88CC					
p140-28	140		7	ころもへん＋困			88CD					
p140-29	140		7	ころもへん＋兌			88DE					
p140-30	140		7	君／衣			88E0					
p140-31	140		8	褒	1-91-77	3						
p140-32	140		8	ころもへん＋綴のつくり	2-88-24	4						
p140-33	140		8	ころもへん＋表	2-88-25	4						
p140-34	140		8	ころもへん＋戔	2-88-26	4						
p140-35	140		8	褒	2-88-27	4						
p140-36	140		8	ころもへん＋炎			88E7					
p140-37	140		8	ころもへん＋蜩のつくり			88EF					
p140-38	140		8	ころもへん＋卷			88F7					
p140-39	140		8	金＋衣			92A5				1	
p140-40	140		8	ころもへん＋昆			88E9					
p140-41	140		9	ころもへん＋曷	1-91-79	3		褐	包摂適用	150		
p140-42	140		9					褊	包摂適用	5		1
p140-43	140		9	（月＋鉋のつくり）／衣	1-91-78	3						
p140-44	140		9	ころもへん＋韋	1-91-80	3						
p140-45	140		9	ころもへん＋背	1-91-81	3						
p140-46	140		9	ころもへん＋睹のつくり	1-91-82	3						
p140-47	140		9	ころもへん＋是			8906					
p140-48	140		9	ころもへん＋端のつくり			890D					
p140-49	140		9	襃			890E					
p140-50	140		9	襃			890F					
p140-51	140		9	ころもへん＋兪			8915					
p140-52	140		9	ころもへん＋彖			8916					
p140-53	140		10	褫				褫	包摂適用	69		1
p140-54	140		10	耿／衣	1-91-83	3						
p140-55	140		10	塞	1-91-84	3						
p141-0	141		10	ころもへん＋庫	1-91-85	3						
p141-1	141		10	ころもへん＋挙	2-88-28	4						
p141-2	141		10	ころもへん＋冓			8920					
p141-3	141		10	ころもへん＋能			8926					
p141-4	141		10	ころもへん＋差			8928					
p141-5	141		10	懷のつくり			8931					
p141-6	141		10	ころもへん＋一点しんにょうの逢			465C					
p141-7	141		10	褒			892D					
p141-8	141		11	ころもへん＋（勢−力）	1-91-86	3						
p141-9	141		11	ころもへん＋責	1-91-87	3						
p141-10	141		11	ころもへん＋徙	2-88-29	4						
p141-11	141		11	ころもへん＋鳥	2-88-30	4						
p141-12	141		11	ころもへん＋參	2-88-31	4						
p141-13	141		11	ころもへん＋畢	2-88-32	4						
p141-14	141		11	ころもへん＋璃のつくり			8935					
p141-15	141		11	ころもへん＋票			893E					
p141-16	141		11	執／衣			893A					
p141-17	141		11	褒			465D					
p141-18	141		12	ころもへん＋（繦−糸）				襁	包摂適用	139		1
p141-19	141		12	ころもへん＋燗のつくり	2-88-33	4						
p141-20	141		12	ころもへん＋（廣−广）	2-88-34	4						
p141-21	141		12	ころもへん＋僕のつくり			8946					
p141-22	141		12	ころもへん＋發			894F					
p141-23	141		12	ころもへん＋敝			8952					
p141-24	141		12	敝／衣			2776C					
p141-25	141		13	ころもへん＋奧				襖	包摂適用	135		
p141-26	141		13	ころもへん＋零	2-88-35	4						
p141-27	141		13	ころもへん＋亶	2-88-36	4						
p141-28	141		13	ころもへん＋澤のつくり			8957					
p141-29	141		13	燧			895A					
p141-30	141		13	ころもへん＋農			895B					
p141-31	141		13	ころもへん＋蜀			8961					
p141-32	141		13	ころもへん＋譫のつくり			895C					
p141-33	141		13	ころもへん＋辟			27783					
p141-34	141		14	襪				襪	包摂適用	34		1
p141-35	141		14	ころもへん＋鼾のへん			8963					
p141-36	141		15	ころもへん＋夾			896B					
p141-37	141		15	ころもへん＋暴			896E					
p141-38	141		16	懶			8970					
p141-39	141		16	ころもへん＋纒のつくり								pdf
p141-40	141		17	ころもへん＋孅のつくり			8973					
p141-41	141		18	ころもへん＋聶			8975					
p141-42	141		19	ころもへん＋（「繭			897A					
p141-43	141		19	ころもへん＋攀			897B					
p141-44	141		19	ころもへん＋藝			897C					
p141-45	141		20	ころもへん＋（くさかんむり／闌）			897D					
p141-46	141	西襾覀	0	栗−木	2-88-37	4						
p141-47	141	西襾覀	3	襾／女				要	包摂適用	88		1
p141-48	141	西襾覀	3					迺	包摂適用	128	1	1
p141-49	141	西襾覀	3	西／土			5794				1	
p141-50	141	西襾覀	3	てへん＋西			62EA				1	
p141-51	141	西襾覀	5	石＋西			7852				1	
p141-52	141	西襾覀	6	米＋西			7C9E				1	
p142-0	142		7	足へん＋西			8DF4				1	
p142-1	142		12	襾／復				覆	包摂適用	88		1
p142-2	142		13	覊				覇	包摂適用	88		1
p142-3	142		17	覊	2-88-38	4						
p142-4	142	見	3	りっしんべん＋見			6093				1	
p142-5	142	見	3	瑣のつくり			898D					
p142-6	142	見	4	不／見	1-91-88	3						
p142-7	142	見	4	見のにょうの形＋爻	2-88-39	4						
p142-8	142	見	5	示＋見	1-91-89	3		視	包摂適用	161		
p142-9	142	見	5	必＋見			8995					
p142-10	142	見	6	糸＋見			7D78				1	
p142-11	142	見	6	派のつくり＋見								1
p142-12	142	見	6	兆＋見			899C					
p142-13	142	見	7	志＋見	2-88-40	4						
p142-14	142	見	7	君＋見			89A0					
p142-15	142	見	8	靜のへん＋見	1-93-75	3					1	
p142-16	142	見	8	典＋見			89A5					
p142-17	142	見	10					覯	包摂適用	47		1
p142-18	142	見	11	虎＋見	2-88-41	4						
p142-19	142	見	12	墟のつくり＋見	2-88-42	4						
p142-20	142	見	12	登＋見			89B4					
p142-21	142	見	12	燗のつくり＋見			89B5					
p142-22	142	見	12	辭のへん＋見			89B6					
p142-23	142	見	14	爾＋見			89BC					
p142-24	142	見	15					覽	デザイン差			1
p142-25	142	角	0					角	包摂適用	191		1
p142-26	142	角	2	角＋力	1-91-90	3						
p142-27	142	角	3	てへん＋角			6354				1	
p142-28	142	角	4	角＋夬	2-88-43	4						
p142-29	142	角	4	角＋少	2-88-44	4						
p142-30	142	角	4	特のへん＋角			89D5					
p142-31	142	角	4	角＋氏			89D7					
p142-32	142	角	5	石＋角	1-89-6	3					1	
p142-33	142	角	6	角＋光	1-91-91	3						
p142-34	142	角	7	角＋束	2-88-45	4						
p142-35	142	角	7	角＋求			89E9					
p142-36	142	角	8	角＋奇			89ED					
p142-37	142	角	9	角＋思	2-88-46	4						
p142-38	142	角	9	咸／角	2-88-47	4						
p142-39	142	角	10	轂	2-88-48	4						
p142-40	142	角	12	角＋單	1-91-92	3						
p142-41	142	角	12	角＋燗のつくり			2793D					
p142-42	142	角	13	角＋雋			89F9					
p142-43	142	角	16	角＋（山／雋）	2-88-49	4						
p142-44	142	角	18	角＋攜のつくり	2-88-50	4						
p142-45	142	言	2	言＋りっとう	2-88-51	4						
p142-46	142	言	2	旭			8A04					
p143-0	143		2	言＋九			8A05					
p143-1	143		2	鞫のつくり			8A07					
p143-2	143		2	言＋犯のつくり								pdf
p143-3	143		3					訊	包摂適用	24		1
p143-4	143		3					訊	包摂適用	24		1
p143-5	143		3	言＋仞のつくり	1-91-93	3						
p143-6	143		3	言＋山	1-91-94	3						
p143-7	143		3	言＋也	2-88-52	4						
p143-8	143		3	山／言	2-88-53	4						
p143-9	143		3	囗＜言			5701				1	
p143-10	143		3	言＋于			8A0F					
p143-11	143		4					訟	デザイン差	UCV236		1
p143-12	143		4	二点しんにょうの這				這	包摂適用	128		1
p143-13	143		4	言＋斤	1-92-1	3						
p143-14	143		4	言＋区	2-88-54	4						
p143-15	143		4	言＋今	2-88-55	4						
p143-16	143		4	言／心			60A5				1	
p143-17	143		4	言＋夭			8A1E					
p143-18	143		4	言＋引			8A20					
p143-19	143		4	言＋爻			8A24					
p143-20	143		4	言＋沈のつくり			8A26					
p143-21	143		4	言＋心			8A2B					
p143-22	143		4	言＋少			8A2C					
p143-23	143		4	言＋（岌−山）			8A2F					
p143-24	143		5	言＋（麈−鹿）				註	包摂適用	UCV201		1
p143-25	143		5	言＋怦のつくり				評	包摂適用	13		1
p143-26	143		5	言＋呀のつくり				訝	包摂適用	121		1
p143-27	143		5	言＋申	1-92-2	3						
p143-28	143		5	言＋央	1-92-3	3						
p143-29	143		5	言＋秬のつくり	1-92-4	3						
p143-30	143		5	言＋貯のつくり	1-92-5	3						
p143-31	143		5	言＋駟のつくり	2-88-56	4						
p143-32	143		5	此／言	2-88-57	4						
p143-33	143		5	言＋令	2-88-58	4						
p143-34	143		5	言＋世	2-88-59	4						
p143-35	143		5	言＋出	2-88-60	4						
p143-36	143		5	言＋句			8A3D					
p143-37	143		5	言＋占			8A40					
p143-38	143		5	言＋玄			8A43					
p143-39	143		5	言＋奴			8A49					
p143-40	143		5	言＋去			8A53					
p143-41	143		5	言＋皮			8A56					
p143-42	143		5	言＋炯のつくり			8A57					
p143-43	143		5	言＋（艸−屮）／又			8A5C					
p143-44	143		5	癶／言			279B4					
p143-45	143		6					詮	包摂適用	79		1
p143-46	143		6	言＋栩のつくり	1-92-6	3						
p143-47	143		6	言＋先	1-92-7	3						
p143-48	143		6	譫のつくり	1-92-8	3						
p143-49	143		6	言＋合			8A65					
p143-50	143		6	祭			8A67					
p143-51	143		6	言＋州			8A76					
p143-52	143		6	言＋同			8A77					
p143-53	143		6	言＋名			8A7A					
p143-54	143		6	言＋各			8A7B					
p143-55	143		6	言＋匈			8A7E					
p143-56	143		6	言＋圭			8A7F					
p144-0	144		6	言＋耳			8A80					
p144-1	144		6	言＋多			8A83					
p144-2	144		6	言＋匡			8A86					
p144-3	144		6	言＋侃のつくり			8A64					
p144-4	144		6	言＋亦			279E9					
p144-5	144		7	言＋蜈のつくり				誤	包摂適用	48		1
p144-6	144		7					誠	包摂適用	113		1
p144-7	144		7	蜒				誕	包摂適用	116		1
p144-8	144		7	認				認	包摂適用	170		1
p144-9	144		7	言＋兌				説	包摂適用	15		1
p144-10	144		7	言＋甫	1-92-9	3						
p144-11	144		7	言＋椛のつくり	2-88-61	4						
p144-12	144		7	言＋我	2-88-62	4						
p144-13	144		7	言＋忌			8A8B					
p144-14	144		7	言＋良			8A8F					
p144-15	144		7	言＋矣			8A92					
p144-16	144		7	言＋孛			8A96					
p144-17	144		7	言＋利			8A97					
p144-18	144		7	言＋徑のつくり			8A99					
p144-19	144		7	言＋孝			8A9F					
p144-20	144		7	言＋言			8AA9					
p144-21	144		8	詔				諂	包摂適用	81		pdf
p144-22	144		8	言＋睛のつくり				請	包摂適用	146		1
p144-23	144		8	言＋蜩のつくり				調	包摂適用	44		1
p144-24	144		8	言＋非				誹	デザイン差			1
p144-25	144		8	侃／言	1-92-10	3						
p144-26	144		8	言＋罔	2-88-63	4						
p144-27	144		8	門＜言	2-88-64	4						
p144-28	144		8	言＋念	2-88-65	4						
p144-29	144		8	言＋昌			8AAF					
p144-30	144		8	言＋屈			8AB3					
p144-31	144		8	言＋卒			8AB6					
p144-32	144		8	言＋沓			8ABB					
p144-33	144		8	言＋林			8AC3					
p144-34	144		8	言＋其			8AC6					
p144-35	144		8	言＋垂			8AC8					
p144-36	144		8	言＋委			8AC9					
p144-37	144		8	言＋鞠のつくり			8ACA					
p144-38	144		8	言＋（冢−冖）			8AD1					
p144-39	144		8	言＋戔			8AD3					
p144-40	144		8	言＋叔			8AD4					
p144-41	144		8	言＋虎			8AD5					
p144-42	144		8	雨かんむり／言			9705				1	
p144-43	144		9	言＋臾				諛	統合適用	UCV173		1
p144-44	144		9	言＋顏のへん				諺	包摂適用	72		1
p144-45	144		9	諮				諮	包摂適用	33		1
p144-46	144		9	言＋兪				諭	包摂適用	178		1
p144-47	144		9	諞				諞	包摂適用	5		1
p144-48	144		9	言＋睹のつくり	1-92-14	3		諸	包摂適用	125		
p144-49	144		9	言＋曷	1-92-15	3		謁	包摂適用	150		
p144-50	144		9	言＋是	1-92-11	3						
p144-51	144		9	言＋咸	1-92-12	3						
p144-52	144		9	言＋甚	1-92-13	3						
p145-0	145		9	言＋爰	2-88-66	4						
p145-1	145		9	言＋信	2-88-67	4						
p145-2	145		9	言＋荒	2-88-68	4						
p145-3	145		9	言＋荒				※［＃「言＋荒」の「亡」に代えて「氓のへん」、第4水準2-88-68］	統合適用	UCV350		pdf
p145-4	145		9	言＋胥			8ADD					
p145-5	145		9	（禾＋尤）／言			8AEC					
p145-6	145		9	言＋思			8AF0					
p145-7	145		9	言＋南			8AF5					
p145-8	145		9	言＋楫のつくり			8AFF					
p145-9	145		9	言＋嫂のつくり			8B0F					
p145-10	145		9	言＋溲のつくり			8B0F					
p145-11	145		10	言＋賺のつくり				謙	包摂適用	7		1
p145-12	145		10	講				講	包摂適用	47		1
p145-13	145		10	二点しんにょうの謎				謎	包摂適用	128		1
p145-14	145		10	縢				謄	包摂適用	36		1
p145-15	145		10	言＋芻	2-88-69	4						
p145-16	145		10	螢	2-88-70	4						
p145-17	145		10	言＋原	2-88-71	4						
p145-18	145		10	言＋稻のつくり	2-88-72	4						
p145-19	145		10	言＋（戸の旧字＋栩のつくり）			8B06					
p145-20	145		10	言＋桀			8B0B					
p145-21	145		10	言＋奚			8B11					
p145-22	145		10	言＋高			8B1E					
p145-23	145		11					謬	包摂適用	18		1
p145-24	145		11	言＋槿のつくり	1-92-16	3		謹	包摂適用	142		
p145-25	145		11	謾				謾	包摂適用	68		1
p145-26	145		11	言＋剪	2-88-73	4						
p145-27	145		11	言＋二点しんにょうの連			8B30					
p145-28	145		11	敖／言			8B37					
p145-29	145		11	言＋罅のつくり			8B3C					
p145-30	145		11	言＋票			8B24					
p145-31	145		12					譚	包摂適用	88		1
p145-32	145		12	言＋喜	1-92-17	3						
p145-33	145		12	言＋饌のつくり	1-92-18	3						
p145-34	145		12	言＋焦	1-92-19	3						
p145-35	145		12	言＋墟のつくり	2-88-74	4						
p145-36	145		12	戀−心	2-88-75	4						
p145-37	145		12	言＋喬	2-88-76	4						
p145-38	145		12	言＋單			8B42					
p145-39	145		12	言＋曾			8B44					
p145-40	145		12	言＋澀のつくり			8B45					
p145-41	145		12	言＋敦			8B48					
p145-42	145		12	言＋番			8B52					
p145-43	145		12	言＋惠			8B53					
p145-44	145		12	就／言								pdf
p145-45	145		13					譜	包摂適用	190		1
p145-46	145		13	言＋意	1-92-20	3						
p145-47	145		13	言＋鐶のつくり	2-88-77	4						
p145-48	145		13	應			8B4D					
p145-49	145		13	言＋僉			8B63					
p145-50	145		13	言＋毀			8B6D					
p145-51	145		13	言＋蜀			2B358					
p145-52	145		14					譖	包摂適用	123		1
p145-53	145		14					譖	包摂適用	123		1
p145-54	145		14	言／（言＋言）	2-88-78	4						
p145-55	145		14	言＋壽			8B78					
p146-0	146		14	言＋豪			8B79					
p146-1	146		15	言＋（彗／心）	2-88-79	4						
p146-2	146		15	言＋二点しんにょうの適	2-88-80	4						
p146-3	146		15	覽			8B7C					
p146-4	146		15	言＋翦			8B7E					
p146-5	146		15	言＋儡のつくり			8B84					
p146-6	146		15	言＋審			8B85					
p146-7	146		15	纎			471F					
p146-8	146		16	龍／言	2-88-81	4						
p146-9	146		16	言＋王の中の空白部に口が四つ			8B8D					
p146-10	146		16	衞／言			8B8F					
p146-11	146		17	言＋隱	2-88-82	4						
p146-12	146		17	言＋闌	2-88-83	4						
p146-13	146		20	言＋嚴	1-92-21	3						
p146-14	146		20	言＋黨	2-88-84	4						
p146-15	146		20	言＋獻	2-88-85	4						
p146-16	146		22	讀＋言			8B9F					
p146-17	146	谷	3	刋のへん＋谷			8C38					
p146-18	146	谷	4	谷＋肱のつくり	2-88-86	4						
p146-19	146	谷	4	社のへん＋谷			2567F				1	
p146-20	146	谷	5	谷＋甘	2-88-87	4						
p146-21	146	谷	7	谷＋含	2-88-88	4						
p146-22	146	谷	8	渓のつくり＋谷	2-88-89	4						
p146-23	146	谷	8	谷＋空			8C3E					
p146-24	146	谷	10	谷＋竜	2-88-90	4						
p146-25	146	谷	11	谷＋鳥	1-94-60	3					1	
p146-26	146	谷	16	谷＋龍	2-88-91	4						
p146-27	146	豆	2	頭のへん＋りっとう			5245				1	
p146-28	146	豆	3	頭のへん＋工	2-88-92	4						
p146-29	146	豆	4	二点しんにょうの逗				逗	包摂適用	128		1
p146-30	146	豆	4	頭のへん＋支	1-92-22	3						
p146-31	146	豆	4	月＋豆			8130				1	
p146-32	146	豆	5	ころもへん＋豆			88CB				1	
p146-33	146	豆	6	祭			8C4B					
p146-34	146	豆	10	頭のへん＋賺のつくり	2-88-93	4						
p146-35	146	豆	13	艶のへん＋弟			8C51					
p146-36	146	豆	14	雨かんむり／豊	1-93-71	3					1	
p146-37	146	豆	20	艷のへん＋（太／皿）			8C53					
p146-38	146	豆	21	艷のへん＋盍	2-88-94	4						
p146-39	146	豕	3	兀のにょうの形＋豕	2-89-1	4						
p146-40	146	豕	3	冖／一／豕			51A1				1	
p146-41	146	豕	3	囗＜豕			5702				1	
p146-42	146	豕	4	二点しんにょうの逐				逐	包摂適用	128		1
p146-43	146	豕	4	豬のへん＋屯			8C58					
p146-44	146	豕	4	彖			8C59					
p146-45	146	豕	4	豬のへん＋殳			8C5B					
p147-0	147		4	豬のへん＋巴			8C5D					
p147-1	147		5	豕のにょうの形＋生	2-81-18	4					1	
p147-2	147		6					象	包摂適用	156		1
p147-3	147		6	豬のへん＋幵			8C63					
p147-4	147		6	豬のへん＋艮			8C64					
p147-5	147		6	據のつくり			8C66					
p147-6	147		7	豬のへん＋希	1-92-23	3						
p147-7	147		7	豬のへん＋豕	2-89-2	4						
p147-8	147		8					豪	包摂適用	145		1
p147-9	147		9	豬のへん＋（暇−日）	2-89-3	4						
p147-10	147		10	幽	2-89-4	4						
p147-11	147		10	轂			8C70					
p147-12	147		11	豬のへん＋從			8C75					
p147-13	147		12	豕／（虫＋虫）			87F8				1	
p147-14	147		12	豬のへん＋賁			8C76					
p147-15	147	豸	3	豸＋（勹＜一）				豹	包摂適用	32		1
p147-16	147	豸	3	豸＋干			8C7B					
p147-17	147	豸	5	豸＋占	2-89-5	4						
p147-18	147	豸	5	豸＋丕			8C7E					
p147-19	147	豸	5	豸＋由			27CB9					
p147-20	147	豸	6	豸＋亘			8C86					
p147-21	147	豸	6	豸＋艮			8C87					
p147-22	147	豸	7	豸＋旱			8C8B					
p147-23	147	豸	8	豸＋苗	2-89-6	4						
p147-24	147	豸	9	豸＋端のつくり	2-89-7	4						
p147-25	147	豸	9	豸＋兪			8C90					
p147-26	147	豸	11	豸＋區	2-89-8	4						
p147-27	147	豸	11	豸＋鳥			2A070					
p147-28	147	豸	12	豸＋僚のつくり	2-89-9	4						
p147-29	147	豸	18	豸＋權のつくり	2-89-10	4						
p147-30	147	豸	20	豸＋矍			8C9C					
p147-31	147	貝	2	負								1
p147-32	147	貝	2	刀／貝				負	包摂適用	81		1
p147-33	147	貝	2	厶／貝			8C9F					
p147-34	147	貝	3	貝＋也	2-89-11	4						
p147-35	147	貝	3	貝＋おおざと			90E5				1	
p147-36	147	貝	4	（訛−言）／貝				貨	包摂適用	77		1
p147-37	147	貝	4					貧	デザイン差	UCV236		1
p147-38	147	貝	5	貝＋生			8CB9					
p147-39	147	貝	5	貝＋兄			8CBA					
p147-40	147	貝	5	貝＋古			27D51					
p147-41	147	貝	6	資				資	包摂適用	33		1
p147-42	147	貝	6	貝＋戎				賊	包摂適用	24		1
p147-43	147	貝	6	貝＋亥			8CC5					
p147-44	147	貝	6	貝＋并			8CC6					
p147-45	147	貝	6	貝＋血			8CC9					
p147-46	147	貝	6	貝＋皎のつくり			8CCB					
p147-47	147	貝	7	嬪のつくり	1-92-24	3		賓	包摂適用	136		
p147-48	147	貝	7	貝＋余	2-89-12	4						
p148-0	148		7	貝＋求	2-89-13	4						
p148-1	148		7	貝＋貝			8CCF					
p148-2	148		7	貝＋（人がしら／示）			8CD2					
p148-3	148		8	广＋（庚−广）／貝	1-92-25	3						
p148-4	148		8	貝＋蜩のつくり	2-89-14	4						
p148-5	148		8	續のつくり	2-89-15	4						
p148-6	148		8	貝＋深のつくり			8CDD					
p148-7	148		8	宗			8CE8					
p148-8	148		8	貝＋長			8CEC					
p148-9	148		8	金＋貝			92C7				1	
p148-10	148		8	斎								1
p148-11	148		9	貝＋睹のつくり				賭	包摂適用	125		1
p148-12	148		9	懶−りっしんべん	1-92-26	3		頼	包摂適用	151		
p148-13	148		9	貝＋春	2-89-16	4						
p148-14	148		9	貝＋軍	2-89-17	4						
p148-15	148		9	貝＋（旬／子）			8CEF					
p148-16	148		9	保／貝			8CF2					
p148-17	148		9	貝＋瑁のつくり			8CF5					
p148-18	148		10	購				購	包摂適用			1
p148-19	148		10	縢	1-92-27	3						
p148-20	148		10	頤のへん＋責	1-92-28	3						
p148-21	148		10	喪			8CF7					
p148-22	148		10	討／貝								pdf
p148-23	148		11	貝＋膠のつくり			8CFF					
p148-24	148		11	（貝／貝）＋攵			8D01					
p148-25	148		11	貝＋患			8D03					
p148-26	148		12	貝＋曾	1-92-29	3		贈	包摂適用	101		
p148-27	148		12	貝＋貳	2-89-18	4						
p148-28	148		12	貝＋覃	2-89-19	4						
p148-29	148		13	賢	1-92-30	3						
p148-30	148		13	貝＋萬	2-89-20	4						
p148-31	148		15	鴈／貝			8D17					
p148-32	148		17	章＋（夂／貢）	1-92-31	3						
p148-33	148		17	貝＋藏			8D1C					
p148-34	148	赤	3	赤＋おおざと	1-92-70	3					1	
p148-35	148	赤	4	赤＋欠			8D65					
p148-36	148	赤	4	赤＋報のつくり				赧	統合適用	UCV125		1
p148-37	148	赤	6	赤＋色			8D69					
p148-38	148	赤	9	赤＋貞	2-89-21	4						
p148-39	148	赤	9	赤＋頁	2-92-27	4					1	
p148-40	148	赤	9	赤＋（暇−日）			8D6E					
p148-41	148	走	3	走にょう＋巳				起	包摂適用	70		1
p148-42	148	走	3	走にょう＋干			8D76					
p148-43	148	走	4	走にょう＋氏			8D7F					
p148-44	148	走	4	走にょう＋斗			FA23					
p148-45	148	走	5	走にょう＋且	2-89-22	4						
p148-46	148	走	5	走にょう＋（「欠			8D82					
p149-0	149		5	走にょう＋占			8D88					
p149-1	149		6	走にょう＋多			8D8D					
p149-2	149		6	走にょう＋栩のつくり			8D90					
p149-3	149		6	走にょう＋（咨−口）			8D91					
p149-4	149		7					趙	包摂適用	16		1
p149-5	149		7	走にょう＋旱	2-89-23	4						
p149-6	149		8	走にょう＋昔			8D9E					
p149-7	149		8	走にょう＋淌のつくり			8D9F					
p149-8	149		8	走にょう＋卓			8DA0					
p149-9	149		9	走にょう＋咨	2-89-24	4						
p149-10	149		9	走にょう＋愉のつくり			27F2F					
p149-11	149		9	走にょう＋兪			2F9D8					
p149-12	149		11	走にょう＋異			8DA9					
p149-13	149		11	魚＋走			9BD0				1	
p149-14	149		12	走にょう＋喬			8DAB					
p149-15	149		12	走にょう＋堯			8DAC					
p149-16	149		14	走にょう＋櫂のつくり	1-92-32	3						
p149-17	149		19	走にょう＋贊			8DB2					
p149-18	149	足𧾷	0	足へん	2-89-25	4						
p149-19	149	足𧾷	3	足へん＋（勹＜一）			8DB5					
p149-20	149	足𧾷	3	足へん＋乞			8DB7					
p149-21	149	足𧾷	3	足へん＋也			27FC7					
p149-22	149	足𧾷	4	足へん＋夬			8DB9					
p149-23	149	足𧾷	4	足へん＋今			8DBB					
p149-24	149	足𧾷	4	足へん＋月			8DC0					
p149-25	149	足𧾷	4	足へん＋内			47DC					
p149-26	149	足𧾷	4	足へん＋吶のつくり			47DC					
p149-27	149	足𧾷	5					距	包摂適用	50		1
p149-28	149	足𧾷	5					跚	包摂適用	94		1
p149-29	149	足𧾷	5	足へん＋它	1-92-33	3						
p149-30	149	足𧾷	5	足へん＋鉋のつくり	1-92-34	3						
p149-31	149	足𧾷	5	足へん＋付	1-92-35	3						
p149-32	149	足𧾷	5	足へん＋台	2-89-26	4						
p149-33	149	足𧾷	5	足へん＋珍のつくり	2-89-27	4						
p149-34	149	足𧾷	5	足へん＋且	2-89-28	4						
p149-35	149	足𧾷	5	足へん＋斥			8DC5					
p149-36	149	足𧾷	5	足へん＋世			8DC7					
p149-37	149	足𧾷	5	足へん＋未			8DCA					
p149-38	149	足𧾷	5	足へん＋句			8DD4					
p149-39	149	足𧾷	5	足へん＋占			8DD5					
p149-40	149	足𧾷	5	足へん＋丿／友			47E6					
p149-41	149	足𧾷	5	足へん＋令								pdf
p149-42	149	足𧾷	6	足へん＋圭	2-89-29	4						
p149-43	149	足𧾷	6	足へん＋幵			8DBC					
p149-44	149	足𧾷	6	足へん＋皎のつくり			8DE4					
p149-45	149	足𧾷	6	足へん＋朶			8DE5					
p149-46	149	足𧾷	6	足へん＋銓のつくり			8DE7					
p149-47	149	足𧾷	6	足へん＋并			8DF0					
p149-48	149	足𧾷	6	足へん＋寺			8DF1					
p149-49	149	足𧾷	6	足へん＋合			8DF2					
p149-50	149	足𧾷	6	足へん＋西			8DF4					
p149-51	149	足𧾷	6	足へん＋多			8DE2					
p150-0	150		7	足へん＋寿	2-89-30	4						
p150-1	150		7	足へん＋流のつくり	2-89-31	4						
p150-2	150		7	足へん＋忌	2-89-32	4						
p150-3	150		7	足へん＋俊のつくり	2-89-33	4						
p150-4	150		7	足へん＋徑のつくり			8E01					
p150-5	150		7	折／足			8E05					
p150-6	150		7	足へん＋却			8E0B					
p150-7	150		7	足へん＋陟のつくり			8E04					
p150-8	150		8	足へん＋歩			8E04					
p150-9	150		8	足へん＋宛	1-92-36	3						
p150-10	150		8	足へん＋倍のつくり	1-92-37	3						
p150-11	150		8	足へん＋周	2-89-34	4						
p150-12	150		8	足へん＋卓	2-89-35	4						
p150-13	150		8	足へん＋昔	2-89-36	4						
p150-14	150		8	足へん＋卷	2-89-37	4						
p150-15	150		8	足へん＋易	2-89-38	4						
p150-16	150		8	足へん＋叔	2-89-39	4						
p150-17	150		8	足へん＋其			8E11					
p150-18	150		8	足へん＋奇			8E26					
p150-19	150		8	足へん＋從のつくり			8E28					
p150-20	150		9	足へん＋禹	1-92-38	3						
p150-21	150		9	足へん＋稲のつくり	2-89-40	4						
p150-22	150		9	足へん＋咨	2-89-41	4						
p150-23	150		9	足へん＋是	2-89-42	4						
p150-24	150		9	足へん＋端のつくり	2-89-43	4						
p150-25	150		9	足へん＋度			8E31					
p150-26	150		9	足へん＋春			8E33					
p150-27	150		9	足へん＋睹のつくり			8E37					
p150-28	150		9	足へん＋甚			8E38					
p150-29	150		9	足へん＋喋のつくり			8E40					
p150-30	150		9	足へん＋編のつくり			8E41					
p150-31	150		9	足へん＋屏			280B2					
p150-32	150		10	足へん＋搨のつくり	2-89-44	4						
p150-33	150		10	足へん＋展			8E4D					
p150-34	150		10	足へん＋眞			8E4E					
p150-35	150		10	足へん＋褫のつくり			8E4F					
p150-36	150		10	足へん＋扇			280E9					
p150-37	150		11	斬／足	2-89-45	4						
p150-38	150		11	足へん＋滴のつくり	2-89-46	4						
p150-39	150		11	足へん＋帶			8E5B					
p150-40	150		11	足へん＋宿			8E5C					
p150-41	150		11	足へん＋徙			8E5D					
p150-42	150		11	足へん＋（比のへん＋頁）			8E5E					
p150-43	150		11	足へん＋將			8E61					
p150-44	150		11	足へん＋鹿			8E57					
p150-45	150		11	足へん＋堂			8E5A					
p150-46	150		12	足へん＋厨	1-92-39	3						
p150-47	150		12	足へん＋喬	1-92-40	3						
p150-48	150		12	足へん＋登	2-89-47	4						
p150-49	150		12	足へん＋曾	2-89-48	4						
p150-50	150		12	足へん＋番	2-89-49	4						
p150-51	150		12	敝／足			8E69					
p150-52	150		12	足へん＋童			8E71					
p150-53	150		12	足へん＋翕			8E79					
p150-54	150		12	足へん＋堯			8E7A					
p150-55	150		12	足へん＋僊のつくり			8E6E					
p150-56	150		12	厥／足			8E77					
p151-0	151		13	足へん＋二点しんにょうの達			8E82					
p151-1	151		13	足へん＋辟			8E83					
p151-2	151		13	萬／足			8E89					
p151-3	151		14	足へん＋櫂のつくり				躍	包摂適用	19		1
p151-4	151		15	足へん＋鑞のつくり			8E90					
p151-5	151		15	足へん＋樂			8E92					
p151-6	151		15	足へん＋廚			8E95					
p151-7	151		16	足へん＋龍	2-89-50	4						
p151-8	151		16	足へん＋韆のつくり			8E9A					
p151-9	151		15	足へん＋遷			8E9A					
p151-10	151		16	衞／足			8E9B					
p151-11	151		17	足へん＋燮	2-89-51	4						
p151-12	151		17	足へん＋闌			8E9D					
p151-13	151		18	足へん＋（門＜搨のつくり）			8EA2					
p151-14	151		19	足へん＋麗			8EA7					
p151-15	151		20	足へん＋矍			8EA9					
p151-16	151	身	4	身＋扮のつくり	2-89-52	4						
p151-17	151	身	4	身＋沈のつくり			8EAD					
p151-18	151	身	5	身＋矢			4836					
p151-19	151	身	7	身＋呂	2-89-53	4						
p151-20	151	身	7	身＋（仞のつくり／心）	2-89-54	4						
p151-21	151	身	7	身＋応								1
p151-22	151	身	8	身＋果	2-89-55	4						
p151-23	151	身	8	身＋空	2-89-56	4						
p151-24	151	身	8	身＋尚			8EBA					
p151-25	151	身	10	身＋容	1-92-41	3						
p151-26	151	身	11	身＋區	1-92-42	3		躯	78互換包摂			
p151-27	151	身	11	身＋（黨−尚）	2-89-57	4						
p151-28	151	身	11	身＋婁			8EC1					
p151-29	151	身	12	身＋單			8EC3					
p151-30	151	身	12	識			8EC4					
p151-31	151	身	14	身＋壽			8EC7					
p151-32	151	車	2	車＋几	1-92-43	3						
p151-33	151	車	2	厂＋車			5399				1	
p151-34	151	車	3	車＋大	2-89-58	4						
p151-35	151	車	3	車＋仞のつくり	2-89-59	4						
p151-36	151	車	3	車＋刄				※［＃「車＋仞のつくり」、第4水準2-89-59］	包摂適用			1
p151-37	151	車	3	車＋兀			8ECF					
p151-38	151	車	3	車＋川			4845					
p151-39	151	車	4	車＋戸	2-89-60	4						
p151-40	151	車	4	車＋吶のつくり			8EDC					
p151-41	151	車	5	車＋召	1-92-44	3						
p151-42	151	車	5	車＋只	2-89-61	4						
p151-43	151	車	5	車＋令			8EE8					
p151-44	151	車	5	車＋央			8EEE					
p151-45	151	車	5	北／車			8EF0					
p151-46	151	車	5	車＋拔のつくり			8EF7					
p151-47	151	車	6					較	デザイン差	UCV235		1
p152-0	152		6	車＋因	2-89-62	4						
p152-1	152		6	車＋而	2-89-63	4						
p152-2	152		6	車＋舟	2-89-64	4						
p152-3	152		6	車＋匡			8EED					
p152-4	152		6	車＋瓜			8EF1					
p152-5	152		6	共／車			8F02					
p152-6	152		6	車＋銓のつくり			8F07					
p152-7	152		7	車＋酉			8F0F					
p152-8	152		7	車＋完			8F10					
p152-9	152		8	非／車				輩	デザイン差			1
p152-10	152		8					輓	包摂適用	102		1
p152-11	152		8	車＋罔	1-92-45	3						
p152-12	152		8	車＋兒	2-89-65	4						
p152-13	152		8	車＋（緋−糸）	2-89-66	4						
p152-14	152		8	車＋蜩のつくり			8F16					
p152-15	152		8	車＋陵のつくり			8F18					
p152-16	152		8	車＋果			8F20					
p152-17	152		8	車＋陷のつくり			8F21					
p152-18	152		8	車＋（萠−くさかんむり）			8F23					
p152-19	152		8	車＋昆			8F25					
p152-20	152		8	車＋餠のつくり			8F27					
p152-21	152		8	車＋官			8F28					
p152-22	152		8	車＋京			8F2C					
p152-23	152		8	車＋度			2834F					
p152-24	152		9	車＋兪				輸	包摂適用	178		1
p152-25	152		9	車＋（而／大）	1-92-46	3						
p152-26	152		9	車＋鰌のつくり	1-92-47	3						
p152-27	152		9	車＋柔			8F2E					
p152-28	152		9	車＋盾			8F34					
p152-29	152		9	車＋曷			8F35					
p152-30	152		9	車＋鞫のつくり			8F37					
p152-31	152		9	車＋（卅／田）			8F3A					
p152-32	152		9	車＋端のつくり			8F32					
p152-33	152		10	車＋瞎のつくり				轄	包摂適用	3		1
p152-34	152		10					轄	包摂適用	3		1
p152-35	152		10	車＋慍のつくり	2-89-67	4						
p152-36	152		10	車＋稻のつくり			8F41					
p152-37	152		10	車＋秦			8F43					
p152-38	152		11	車＋彗	2-89-68	4						
p152-39	152		11	車＋膠のつくり			8F47					
p152-40	152		12	車＋隣のつくり	1-92-48	3						
p152-41	152		12	車＋鐶のつくり	2-89-69	4						
p152-42	152		12	車＋孱			8F4F					
p152-43	152		12	車＋僚のつくり			8F51					
p152-44	152		12	車＋賁			8F52					
p152-45	152		12	車＋番			8F53					
p152-46	152		13	車＋臈のつくり			8F55					
p152-47	152		13	譽			8F5D					
p152-48	152		13	車＋嗇			8F56					
p152-49	152		14	車＋榮	1-92-49	3						
p152-50	152		15	車＋監			8F5E					
p152-51	152		20	車＋藺			8F65					
p152-52	152	辛	1	立／（舉−與）	2-89-70	4						
p152-53	152	辛	1	辛＋礼のつくり			4E75				1	
p153-0	153		5	台＋辛			8F9D					
p153-1	153		6	自／辛			8FA0					
p153-2	153		7	くさかんむり／辛	1-90-88	3					1	
p153-3	153		7	辧−刀			8FA1					
p153-4	153		7	束＋辛			8FA2					
p153-5	153		8	受＋辛	2-89-71	4						
p153-6	153		8	金＋辛			92C5				1	
p153-7	153		9	辧	1-92-50	3						
p153-8	153		9	（屮／師のへん）＋辛			8FA5					
p153-9	153		12	辭				辭	デザイン差			pdf
p153-10	153		17	辟＋鳥	2-94-44	4					1	
p153-11	153	辰	3	くさかんむり／辰			8380				1	
p153-12	153	辰	4	辰＋攵			6550				1	
p153-13	153	辰	4	辰／日			3AF3				1	
p153-14	153	辰	6	虫＋辰			8704				1	
p153-15	153	辰	8	金＋辰	1-93-19	3					1	
p153-16	153	辰	11	塵			9E8E				1	
p153-17	153	辰	12	單＋辰	2-89-72	4						
p153-18	153	辰	12	晶／辰			66DF				1	
p153-19	153	辶辶辵	0	走	1-92-51	3						
p153-20	153	辶辶辵	0	一点しんにょう	2-89-73	4						
p153-21	153	辶辶辵	0	二点しんにょう	2-89-74	4						
p153-22	153	辶辶辵	2	二点しんにょうの込				込	包摂適用	128		1
p153-23	153	辶辶辵	2	二点しんにょうの辻				辻	包摂適用	128		1
p153-24	153	辶辶辵	2	二点しんにょう＋乃			8FB8					
p153-25	153	辶辶辵	3	二点しんにょうの辿				辿	包摂適用	128		1
p153-26	153	辶辶辵	3	二点しんにょうの迂				迂	包摂適用	128		1
p153-27	153	辶辶辵	3	二点しんにょうの迄				迄	包摂適用	128		1
p153-28	153	辶辶辵	3	二点しんにょうの巡				巡	包摂適用	128		1
p153-29	153	辶辶辵	3					迅	包摂適用	128		1
p153-30	153	辶辶辵	3					迅	包摂適用	128		1
p153-31	153	辶辶辵	3	一点しんにょう＋口	2-89-75	4						
p153-32	153	辶辶辵	3	二点しんにょう＋千	2-89-76	4						
p153-33	153	辶辶辵	3	二点しんにょう＋也	2-89-77	4						
p153-34	153	辶辶辵	3	二点しんにょう＋大			8FBE					
p153-35	153	辶辶辵	3	二点しんにょう＋干			8FC0					
p153-36	153	辶辶辵	3	一点しんにょう＋万			8FC8					
p153-37	153	辶辶辵	4	二点しんにょうの迎				迎	包摂適用	128		1
p153-38	153	辶辶辵	4					返	包摂適用	128		1
p153-39	153	辶辶辵	4	二点しんにょうの近				近	包摂適用	128		1
p153-40	153	辶辶辵	4	二点しんにょう＋（岌−山）	2-89-78	4						
p153-41	153	辶辶辵	4	二点しんにょう＋師のつくり	2-89-79	4						
p153-42	153	辶辶辵	4	二点しんにょう＋屯	2-89-80	4						
p153-43	153	辶辶辵	4	二点しんにょう＋冴のつくり	2-89-81	4						
p153-44	153	辶辶辵	4	二点しんにょう＋午	2-89-82	4						
p153-45	153	辶辶辵	4	二点しんにょう＋王			8FCB					
p153-46	153	辶辶辵	4	二点しんにょう＋云			8FD0					
p153-47	153	辶辶辵	4	二点しんにょう＋亢			8FD2					
p153-48	153	辶辶辵	4	二点しんにょう＋勿			28465					
p153-49	153	辶辶辵	5	二点しんにょうの迦				迦	包摂適用	128		
p154-0	154		5	二点しんにょう＋朮				述	包摂適用	128		1
p154-1	154		5	二点しんにょうの迭				迭	包摂適用	128		1
p154-2	154		5	二点しんにょうの迪				迪	包摂適用	128		1
p154-3	154		5	二点しんにょうの迫				迫	包摂適用	128		1
p154-4	154		5	二点しんにょうの迩				迩	包摂適用	128		1
p154-5	154		5	二点しんにょう＋施のつくり	1-92-52	3						
p154-6	154		5	二点しんにょう＋台	1-92-53	3						
p154-7	154		5	二点しんにょう＋乍	1-92-54	3						
p154-8	154		5	二点しんにょう＋占	2-89-83	4						
p154-9	154		5	二点しんにょう＋它	2-89-84	4						
p154-10	154		5	二点しんにょう＋世			8FE3					
p154-11	154		6	二点しんにょうの逆				逆	包摂適用	128		1
p154-12	154		6	鎹のつくり				送	包摂適用	128		1
p154-13	154		6	二点しんにょうの追				追	包摂適用	128		1
p154-14	154		6	二点しんにょうの逃				逃	包摂適用	128		1
p154-15	154		6	二点しんにょうの迷				迷	包摂適用	128		1
p154-16	154		6	二点しんにょうの退				退	包摂適用	128		1
p154-17	154		6					迺	包摂適用	128		1
p154-18	154		6	二点しんにょう＋向	1-92-55	3						
p154-19	154		6	二点しんにょう＋同	2-89-85	4						
p154-20	154		6	二点しんにょう＋多	2-89-86	4						
p154-21	154		6	二点しんにょう＋舌	2-89-87	4						
p154-22	154		6	二点しんにょう＋有			8FF6					
p154-23	154		6	二点しんにょう＋列			8FFE					
p154-24	154		6	二点しんにょう＋降のつくり			9004					
p154-25	154		7	二点しんにょう＋酲のつくり				逞	包摂適用	1		1
p154-26	154		7	二点しんにょうの這				這	包摂適用	128		1
p154-27	154		7	二点しんにょうの逗				逗	包摂適用	128		1
p154-28	154		7	二点しんにょうの逢				逢	包摂適用	128		1
p154-29	154		7	二点しんにょうの逐				逐	包摂適用	128		1
p154-30	154		7	二点しんにょうの逝				逝	包摂適用	128		1
p154-31	154		7	二点しんにょう＋晧のつくり				造	包摂適用	128		1
p154-32	154		7	二点しんにょうの速				速	包摂適用	128		1
p154-33	154		7	二点しんにょうの通				通	包摂適用	128		1
p154-34	154		7	二点しんにょうの途				途	包摂適用	128		1
p154-35	154		7	二点しんにょうの透				透	包摂適用	128		1
p154-36	154		7	二点しんにょうの連				連	包摂適用	128		1
p154-37	154		7	二点しんにょう＋（上／巨）	2-89-88	4						
p154-38	154		7	二点しんにょう＋矣			9018					
p154-39	154		7	二点しんにょう＋狂			901B					
p154-40	154		8	二点しんにょう＋蜩のつくり				週	包摂適用	128		1
p154-41	154		8	二点しんにょうの進				進	包摂適用	128		1
p154-42	154		8	二点しんにょうの逮				逮	包摂適用	128		1
p154-43	154		8	二点しんにょう＋兔	1-92-57	3		逸	包摂適用	128		
p154-44	154		8	一点しんにょう＋（菟−くさかんむり）				逸	包摂適用	128		1
p154-45	154		8	二点しんにょう＋官	1-92-56	3						
p154-46	154		8	二点しんにょう＋くさかんむり／（木＋右上に丶）	2-86-51	4					1	
p154-47	154		8	二点しんにょう＋易	2-89-89	4						
p154-48	154		8	二点しんにょう＋奔			9029					
p154-49	154		8	二点しんにょう＋來			9028					
p154-50	154		8	二点しんにょう＋昔			902A					
p154-51	154		8	二点しんにょう＋餠のつくり			902C					
p154-52	154		8	二点しんにょう＋碌のつくり			902F					
p154-53	154		8	二点しんにょう＋育			9033					
p154-54	154		8	二点しんにょう＋卓			9034					
p154-55	154		8	一点しんにょう＋於			28506					
p154-56	154		9	二点しんにょう＋幃のつくり				違	包摂適用	128		1
p155-0	155		9	二点しんにょうの運				運	包摂適用	128		1
p155-1	155		9	二点しんにょうの過				過	包摂適用	128		1
p155-2	155		9	二点しんにょうの遇				遇	包摂適用	128		1
p155-3	155		9	燧−火				遂	包摂適用	128		1
p155-4	155		9	二点しんにょうの達				達	包摂適用	128		1
p155-5	155		9	二点しんにょうの道				道	包摂適用	128		1
p155-6	155		9	二点しんにょうの遁				遁	包摂適用	128		1
p155-7	155		9	二点しんにょうの逼				逼	包摂適用	128		1
p155-8	155		9	二点しんにょう＋編のつくり				遍	包摂適用	128		1
p155-9	155		9	二点しんにょうの遊				遊	包摂適用	128		1
p155-10	155		9	二点しんにょうの遁				遁	包摂適用	128		1
p155-11	155		9	二点しんにょう＋神	2-89-90	4						
p155-12	155		9	二点しんにょう＋顏のへん	2-89-91	4						
p155-13	155		9	二点しんにょう＋端のつくり	2-89-92	4						
p155-14	155		9	二点しんにょう＋昜			903F					
p155-15	155		9	二点しんにょう＋咢			904C					
p155-16	155		9	過				過	統合適用	UCV338		1
p155-17	155		10	二点しんにょうの遠				遠	包摂適用	128		1
p155-18	155		10	二点しんにょうの遣				遣	包摂適用	128		1
p155-19	155		10	二点しんにょうの遡				遡	包摂適用	128		1
p155-20	155		10	二点しんにょうの遜				遜	包摂適用	128		1
p155-21	155		10	遘				遘	包摂適用	128		1
p155-22	155		10	二点しんにょう＋鰥のつくり	2-89-93	4						
p155-23	155		10	二点しんにょう＋留			905B					
p155-24	155		10	二点しんにょう＋搨のつくり			9062					
p155-25	155		11	二点しんにょうの遮				遮	包摂適用	128		1
p155-26	155		11	二点しんにょうの遭				遭	包摂適用	128		1
p155-27	155		11					適	包摂適用	128		1
p155-28	155		11	二点しんにょう＋貫			9066					
p155-29	155		11	二点しんにょう＋章			9067					
p155-30	155		11	二点しんにょう＋（嗽−口）			906C					
p155-31	155		11	二点しんにょう＋帶			9070					
p155-32	155		12	二点しんにょうの遺				遺	包摂適用	128		1
p155-33	155		12	二点しんにょう＋墫のつくり				遵	包摂適用	128		1
p155-34	155		12	二点しんにょう＋饌のつくり				選	包摂適用	128		1
p155-35	155		12	二点しんにょう＋僊のつくり				遷	包摂適用	128		1
p155-36	155		12					遷	包摂適用	71		1
p155-37	155		12					遷	包摂適用	128		1
p155-38	155		12	二点しんにょうの遼				遼	包摂適用	128		1
p155-39	155		12	遲				遲	デザイン差			pdf
p155-40	155		12	二点しんにょう＋景	2-89-94	4						
p155-41	155		12	二点しんにょう＋（穴かんむり／豬のへん）	2-90-1	4						
p155-42	155		12	二点しんにょう＋隣のつくり			9074					
p155-43	155		12	二点しんにょう＋橘のつくり			9079					
p155-44	155		13	二点しんにょうの還				還	包摂適用	128		1
p155-45	155		13	二点しんにょうの避				避	包摂適用	128		1
p155-46	155		13					邉	統合適用	UCV273		1
p155-47	155		13					邉	統合適用	UCV273		1
p155-48	155		13					邉	統合適用	UCV273		1
p155-49	155		13					邉	統合適用	UCV273		1
p155-50	155		13					邉	統合適用	UCV273		1
p155-51	155		13	二点しんにょう＋亶	2-90-2	4						
p155-52	155		14	邃				邃	包摂適用	11		1
p155-53	155		14	二点しんにょう＋貌	1-92-58	3						
p155-54	155		15					邊	包摂適用	26		1
p155-55	155		15					邊	統合適用	UCV273		1
p155-56	155		15	二点しんにょう＋黎	2-90-3	4						
p156-0	156		15	二点しんにょう＋鑞のつくり			908B					
p156-1	156		18	二点しんにょう＋（搖のつくり＋系）			908E					
p156-2	156		19	二点しんにょう＋麗	2-90-4	4						
p156-3	156	阝邑	0	郁−有	2-90-5	4						
p156-4	156	阝邑	3	巛／邑	1-92-59	3						
p156-5	156	阝邑	3	干＋おおざと	1-92-60	3						
p156-6	156	阝邑	3	氓のへん＋おおざと	1-92-61	3						
p156-7	156	阝邑	3	功のへん＋おおざと	1-92-62	3						
p156-8	156	阝邑	3	口＋邑			5508				1	
p156-9	156	阝邑	3	于＋おおざと			9098					
p156-10	156	阝邑	3	郷−即のへん			28675					
p156-11	156	阝邑	4	那				那	包摂適用	52		1
p156-12	156	阝邑	4	扈				扈	包摂適用	5		1
p156-13	156	阝邑	4	呀のつくり＋おおざと				邪	包摂適用	121		1
p156-14	156	阝邑	4	形のへん＋おおざと	1-92-63	3						
p156-15	156	阝邑	4	方＋おおざと	2-90-6	4						
p156-16	156	阝邑	4	云＋おおざと	2-90-7	4						
p156-17	156	阝邑	4	扮のつくり＋おおざと			90A0					
p156-18	156	阝邑	4	鴆のへん＋おおざと			90A5					
p156-19	156	阝邑	5	示＋おおざと				祁	包摂適用	161		1
p156-20	156	阝邑	5	丕＋おおざと	1-92-64	3						
p156-21	156	阝邑	5	台＋おおざと	2-90-8	4						
p156-22	156	阝邑	5	北＋おおざと	2-90-9	4						
p156-23	156	阝邑	5	必＋おおざと			90B2					
p156-24	156	阝邑	5	炳のつくり＋おおざと			90B4					
p156-25	156	阝邑	6	幵＋おおざと				※［＃「形のへん＋おおざと」、第3水準1-92-63］	包摂適用			1
p156-26	156	阝邑	6	朱＋おおざと	1-92-65	3						
p156-27	156	阝邑	6	希＋おおざと	1-92-66	3						
p156-28	156	阝邑	6	到のへん＋おおざと	1-92-67	3						
p156-29	156	阝邑	6	旬＋おおざと	1-92-68	3						
p156-30	156	阝邑	6	衄のへん＋おおざと	2-88-4	4					1	
p156-31	156	阝邑	6	合＋おおざと	2-90-10	4						
p156-32	156	阝邑	6	后＋おおざと	2-90-11	4						
p156-33	156	阝邑	6	卦のへん＋おおざと			90BD					
p156-34	156	阝邑	6	卦のへん＋邑			90CC					
p156-35	156	阝邑	6	成＋おおざと			90D5					
p156-36	156	阝邑	6	并＋おおざと			90F1					
p156-37	156	阝邑	8	餠のつくり＋おおざと			2F9E3					
p156-38	156	阝邑	7	希＋おおざと	1-92-69	3						
p156-39	156	阝邑	7	赤＋おおざと	1-92-70	3						
p156-40	156	阝邑	7	螂−虫	1-92-71	3		郎	包摂適用			
p156-41	156	阝邑	7	邑＋おおざと	2-90-12	4						
p156-42	156	阝邑	7	晧のつくり＋おおざと	2-90-13	4						
p156-43	156	阝邑	7	夾＋おおざと	2-90-14	4						
p156-44	156	阝邑	7	螂−虫			90D2					
p156-45	156	阝邑	7	呂＋おおざと			90D8					
p156-46	156	阝邑	7	甫＋おおざと			90D9					
p156-47	156	阝邑	7	貝＋おおざと			90E5					
p156-48	156	阝邑	8	炎＋おおざと	1-92-72	3						
p156-49	156	阝邑	8	林＋おおざと	1-92-73	3						
p156-50	156	阝邑	8	其＋おおざと	2-90-15	4						
p156-51	156	阝邑	8	倍のつくり＋邑	2-90-16	4						
p156-52	156	阝邑	8	來＋おおざと	2-90-17	4						
p156-53	156	阝邑	8	若＋おおざと	2-90-18	4						
p157-0	157		8	諏のつくり＋おおざと			90F0					
p157-1	157		9	睹のつくり＋おおざと	1-92-74	3		都	包摂適用	125		
p157-2	157		9	婢のつくり＋おおざと	2-90-19	4						
p157-3	157		9	偃のつくり＋おおざと	2-90-20	4						
p157-4	157		9	眉＋おおざと	2-90-21	4						
p157-5	157		9	（西／土）＋おおざと	2-90-22	4						
p157-6	157		9	軍＋おおざと	2-90-23	4						
p157-7	157		9	禹＋おおざと			9105					
p157-8	157		9	癸＋おおざと			9108					
p157-9	157		9	猶のつくり＋おおざと			2871F					
p157-10	157		10	烏＋おおざと	1-92-75	3						
p157-11	157		10	郷	1-92-76	3		郷	包摂適用			
p157-12	157		10	郷				郷	包摂適用	153		1
p157-13	157		10	員＋おおざと	1-92-77	3						
p157-14	157		10	冥＋おおざと			910D					
p157-15	157		10	畜＋おおざと			9110					
p157-16	157		10	高＋おおざと			9117					
p157-17	157		10	莫＋おおざと			911A					
p157-18	157		10	樗のつくり＋おおざと			9120					
p157-19	157		11	焉＋おおざと	1-92-78	3						
p157-20	157		11	章＋おおざと	1-92-79	3						
p157-21	157		11	庸＋おおざと	2-90-24	4						
p157-22	157		11	鹿＋おおざと	2-90-25	4						
p157-23	157		11	覲のへん＋おおざと	2-90-26	4						
p157-24	157		11	鳥＋おおざと			9125					
p157-25	157		12					鄭	包摂適用	11		1
p157-26	157		12	登＋おおざと	1-92-80	3						
p157-27	157		12	善＋おおざと	1-92-81	3						
p157-28	157		12	番＋おおざと	1-92-82	3						
p157-29	157		12	尋＋おおざと			9129					
p157-30	157		12	（卯／貝）＋おおざと			912E					
p157-31	157		13	業＋おおざと	1-92-83	3						
p157-32	157		13	豊＋おおざと	2-90-27	4						
p157-33	157		13	會＋おおざと			9136					
p157-34	157		14	聚＋おおざと	2-90-28	4						
p157-35	157		15	廛＋おおざと	1-92-84	3						
p157-36	157		15	廣＋おおざと	2-90-29	4						
p157-37	157		15	賛＋おおざと			913C					
p157-38	157		16	纒のつくり＋おおざと								pdf
p157-39	157		17	櫺のつくり＋おおざと			9143					
p157-40	157		18	艷のへん＋おおざと	2-90-30	4						
p157-41	157		19	麗＋おおざと	1-92-85	3						
p157-42	157		19	贊＋おおざと	2-90-31	4						
p157-43	157	酉	2	鰌のつくり				酋	包摂適用	11		1
p157-44	157	酉	3	酉＋（勹＜一）				酌	包摂適用	32		1
p157-45	157	酉	3	酉＋也			914F					
p157-46	157	酉	4	酉＋元	1-92-86	3						
p157-47	157	酉	4	酉＋凶	2-90-32	4						
p157-48	157	酉	4	酉＋斗	2-90-33	4						
p157-49	157	酉	4	木＋酉			6884				1	
p157-50	157	酉	4	今／酉			9153					
p157-51	157	酉	4	酉＋扮のつくり			915A					
p157-52	157	酉	5	酉＋它	2-90-34	4						
p157-53	157	酉	5	酉＋古	2-90-35	4						
p158-0	158		5	酉＋珍のつくり								pdf
p158-1	158		6	酉＋守			9167					
p158-2	158		6	酉＋有			916D					
p158-3	158		7	酉＋晧のつくり				酷	包摂適用	42		1
p158-4	158		7	酉＋余	2-90-36	4						
p158-5	158		7	酉＋埒のつくり	2-90-37	4						
p158-6	158		7	車＋酉			8F0F				1	
p158-7	158		7	酉＋甫			917A					
p158-8	158		7	酉＋孚			917B					
p158-9	158		8	酉＋奄	1-92-87	3						
p158-10	158		8	酉＋倍のつくり	2-90-38	4						
p158-11	158		8	酉＋碌のつくり			9181					
p158-12	158		8	酉＋戔			9186					
p158-13	158		8	酉＋綴のつくり			918A					
p158-14	158		9	酉＋咸	2-90-39	4						
p158-15	158		9	酉＋胥			9191					
p158-16	158		9	醢			9193					
p158-17	158		9	秋／酉			9194					
p158-18	158		9	酉＋京			9195					
p158-19	158		10	酉＋慍のつくり	1-92-88	3						
p158-20	158		10	酉＋盍			9198					
p158-21	158		10	酉＋窄			91A1					
p158-22	158		11	將／酉	1-92-89	3		醤	78互換包摂			
p158-23	158		11	酉＋璃のつくり	2-90-40	4						
p158-24	158		11	酉＋參			91A6					
p158-25	158		12	酉＋發	1-92-90	3		醗	78互換包摂			
p158-26	158		12	酉＋焦	2-90-41	4						
p158-27	158		12	酉＋僕のつくり			91AD					
p158-28	158		12	酉＋覃			91B0					
p158-29	158		13	酉＋澤のつくり	2-90-42	4						
p158-30	158		13	酉＋僉	2-90-43	4						
p158-31	158		13	酉＋農			91B2					
p158-32	158		14	酉＋壽			91BB					
p158-33	158		16	酉＋燕	1-92-91	3						
p158-34	158		17	酉＋櫺のつくり			91BD					
p158-35	158		17	酉＋縻			91BF					
p158-36	158		18	酉＋嚼のつくり			91C2					
p158-37	158		19	酉＋麗	2-90-44	4						
p158-38	158		19	酉＋靡	2-90-45	4						
p158-39	158		20	酉＋嚴			91C5					
p158-40	158	里	3	りっしんべん＋里	1-84-49	3					1	
p158-41	158	里	3	女＋里	2-5-56	4					1	
p158-42	158	里	4	木＋里			68A9				1	
p158-43	158	里	5	瓰			74FC				1	
p158-44	158	里	6	舟＋里			8243				1	
p158-45	158	里	8	金＋里			92F0				1	
p159-0	159		1	金＋礼のつくり			91D3					
p159-1	159		1	金＋乙			91D4					
p159-2	159		2					釜	デザイン差	UCV235		1
p159-3	159		2	金＋りっとう	1-92-92	3						
p159-4	159		2	金＋九	2-90-46	4						
p159-5	159		2	金＋卜			91D9					
p159-6	159		2	金＋入			91DE					
p159-7	159		3	金＋（勹＜一）				釣	包摂適用	32		1
p159-8	159		3	金＋刃				釼	包摂適用	170		1
p159-9	159		3	金＋丸	1-92-93	3						
p159-10	159		3	金＋彡	1-92-94	3						
p159-11	159		3	金＋小	1-93-1	3						
p159-12	159		3	金＋工	1-93-2	3						
p159-13	159		3	金＋大	1-93-3	3						
p159-14	159		3	金＋山	2-90-47	4						
p159-15	159		3	金＋畝のつくり	2-90-48	4						
p159-16	159		3	金＋干	2-90-49	4						
p159-17	159		3	金＋才	2-90-50	4						
p159-18	159		3	てへん＋金			6366				1	
p159-19	159		3	金＋凡			91E9					
p159-20	159		3	金＋于			91EA					
p159-21	159		3	金＋氓のへん			91EF					
p159-22	159		3	金＋仞のつくり			91F0					
p159-23	159		3	金＋土			91F7					
p159-24	159		3	金＋女			91F9					
p159-25	159		4	金＋夫	1-93-4	3						
p159-26	159		4	金＋今	1-93-5	3						
p159-27	159		4	金＋方	2-90-51	4						
p159-28	159		4	金＋心	2-90-52	4						
p159-29	159		4	金＋扮のつくり	2-90-53	4						
p159-30	159		4	金＋允	2-90-54	4						
p159-31	159		4	金＋爪			91FD					
p159-32	159		4	金＋巴			9200					
p159-33	159		4	金＋斗			9204					
p159-34	159		4	金＋月			9205					
p159-35	159		4	金＋蚣のつくり			9206					
p159-36	159		4	金＋吶のつくり			9209					
p159-37	159		4	金＋夬			920C					
p159-38	159		4	金＋（岌−山）			9212					
p159-39	159		4	金＋壬			9213					
p159-40	159		4	金＋支			9218					
p159-41	159		4	金＋肱のつくり			921C					
p159-42	159		4	金＋牛			921D					
p159-43	159		4	金＋丐			9223					
p159-44	159		4	金＋日			9224					
p159-45	159		4	金＋火			9225					
p159-46	159		4	金＋太			9226					
p159-47	159		4	金＋元			9228					
p159-48	159		4	金＋研のつくり			9203					
p159-49	159		4	金＋木			9222					
p159-50	159		5					鉛	包摂適用	189		1
p159-51	159		5	金＋拔のつくり	1-93-6	3						
p159-52	159		5	金＋皮	1-93-7	3						
p159-53	159		5	金＋玉	1-93-8	3						
p159-54	159		5	金＋乍	1-93-9	3						
p159-55	159		5	金＋甲	1-93-10	3						
p159-56	159		5	金＋矢	1-93-11	3						
p160-0	160		5	金＋且	1-93-12	3						
p160-1	160		5	卯／金	2-90-55	4						
p160-2	160		5	金＋可	2-90-56	4						
p160-3	160		5	金＋駛のつくり	2-90-57	4						
p160-4	160		5	金＋施のつくり	2-90-58	4						
p160-5	160		5	金＋召	2-90-59	4						
p160-6	160		5	金＋生	2-90-60	4						
p160-7	160		5	金＋白	2-90-61	4						
p160-8	160		5	金＋（鼕−鼓）	2-90-62	4						
p160-9	160		5	金＋只	2-90-63	4						
p160-10	160		5	金＋央	2-90-64	4						
p160-11	160		5	金＋絆のつくり	2-90-65	4						
p160-12	160		5	金＋朮	2-90-66	4						
p160-13	160		5	金＋母	2-90-67	4						
p160-14	160		5	金＋欠	2-90-68	4						
p160-15	160		5	金＋尼			922E					
p160-16	160		5	金＋出			922F					
p160-17	160		5	金＋市			9230					
p160-18	160		5	金＋丙			9235					
p160-19	160		5	金＋台			9236					
p160-20	160		5	金＋由			923E					
p160-21	160		5	金＋占			9246					
p160-22	160		5	金＋必			924D					
p160-23	160		5	金＋弗			9258					
p160-24	160		5	金＋付			925C					
p160-25	160		5	金＋立			925D					
p160-26	160		5	金＋（人がしら／小）			9269					
p160-27	160		5	金＋申			926E					
p160-28	160		5	金＋以			926F					
p160-29	160		5	金＋司			9270					
p160-30	160		5	金＋乏			28967					
p160-31	160		6	金＋皎のつくり	1-93-13	3						
p160-32	160		6	金＋圭	1-93-14	3						
p160-33	160		6	金＋峡のつくり	2-90-69	4						
p160-34	160		6	金＋曲	2-90-70	4						
p160-35	160		6	金＋并	2-90-71	4						
p160-36	160		6	金＋式	2-90-72	4						
p160-37	160		6	金＋合	2-90-73	4						
p160-38	160		6	金＋聿	2-90-74	4						
p160-39	160		6	金＋至	2-90-75	4						
p160-40	160		6	金＋后	2-90-76	4						
p160-41	160		6	金＋夸	2-90-77	4						
p160-42	160		6	金＋（山／巾）	2-90-78	4						
p160-43	160		6	金＋光	2-90-79	4						
p160-44	160		6	金＋色	2-90-80	4						
p160-45	160		6	金＋虫			9275					
p160-46	160		6	金＋刑			9276					
p160-47	160		6	金＋共			9277					
p160-48	160		6	金＋多			9279					
p160-49	160		6	金＋各			927B					
p160-50	160		6	金＋戌			928A					
p160-51	160		6	恐			928E					
p160-52	160		6	金＋幵			9292					
p160-53	160		6	金＋老			92A0					
p160-54	160		6	金＋米			92A4					
p160-55	160		6	金＋衣			92A5					
p160-56	160		6	金＋安			92A8					
p161-0	161		6	金＋糸			92AF					
p161-1	161		7	金＋兌				鋭	包摂適用	15		1
p161-2	161		7	金＋誨のつくり	1-93-15	3						
p161-3	161		7	蜒	1-93-16	3						
p161-4	161		7	金＋梃のつくり	1-93-17	3						
p161-5	161		7	金＋利	1-93-18	3						
p161-6	161		7	金＋辰	1-93-19	3						
p161-7	161		7	金＋邑	2-90-81	4						
p161-8	161		7	金＋男	2-90-82	4						
p161-9	161		7	金＋旱	2-90-83	4						
p161-10	161		7	金＋甬	2-90-84	4						
p161-11	161		7	金＋豆	2-90-85	4						
p161-12	161		7	（土へん＋勹＜二）／金	2-90-86	4						
p161-13	161		7	金＋完	2-90-87	4						
p161-14	161		7	金＋宏	2-90-88	4						
p161-15	161		7	金＋絹のつくり	2-90-89	4						
p161-16	161		7	金＋吾	2-90-90	4						
p161-17	161		7	金＋酲のつくり	2-90-91	4						
p161-18	161		7	金＋見	2-90-92	4						
p161-19	161		7	金＋求			92B6					
p161-20	161		7	金＋輒のつくり			92B8					
p161-21	161		7	壯／金			92BA					
p161-22	161		7	金＋弟			92BB					
p161-23	161		7	金＋坐			92BC					
p161-24	161		7	金＋（氏／口）			92BD					
p161-25	161		7	金＋呂			92C1					
p161-26	161		7	金＋良			92C3					
p161-27	161		7	金＋辛			92C5					
p161-28	161		7	金＋貝			92C7					
p161-29	161		7	沃／金			92C8					
p161-30	161		7	金＋孛			92CD					
p161-31	161		7	金＋志			92D5					
p161-32	161		7	金＋蜈のつくり			92D8					
p161-33	161		7	金＋足			92DC					
p161-34	161		7	金＋埒のつくり			92DD					
p161-35	161		7	金＋駸のつくり			92DF					
p161-36	161		7	金＋含			92E1					
p161-37	161		7	金＋邪			92E3					
p161-38	161		7	金＋我			92E8					
p161-39	161		7	（てへん＋反）／金			92EC					
p161-40	161		7	金＋成			92EE					
p161-41	161		7	金＋里			92F0					
p161-42	161		7	金＋孝			FA27					
p161-43	161		7	金＋谷			92CA					
p161-44	161		7	金＋俊のつくり			92D1					
p161-45	161		7	金＋床			289D6					
p161-46	161		8	金＋碌のつくり	1-93-21	3		録	包摂適用	167		
p161-47	161		8	金＋睛のつくり				錆	包摂適用	146		1
p161-48	161		8	金＋淌のつくり	1-93-20	3						
p161-49	161		8	金＋炎	1-93-22	3						
p161-50	161		8	金＋奇	1-93-23	3						
p161-51	161		8	金＋育	1-93-24	3						
p161-52	161		8	金＋英	1-93-25	3						
p161-53	161		8	金＋（戸の旧字＋犬）	2-90-93	4						
p161-54	161		8	金＋（皎のつくり−亠）／斤	2-90-94	4						
p161-55	161		8	金＋忠	2-91-1	4						
p161-56	161		8	金＋諏のつくり	2-91-2	4						
p162-0	162		8	金＋長	2-91-3	4						
p162-1	162		8	堅	2-91-4	4						
p162-2	162		8	金＋陵のつくり	2-91-5	4						
p162-3	162		8	金＋婢のつくり	2-91-6	4						
p162-4	162		8	金＋昆	2-91-7	4						
p162-5	162		8	金＋宗	2-91-8	4						
p162-6	162		8	金＋享	2-91-9	4						
p162-7	162		8	金＋官	2-91-10	4						
p162-8	162		8	金＋昌	2-91-11	4						
p162-9	162		8	金＋侖			9300					
p162-10	162		8	金＋卷			9308					
p162-11	162		8	金＋沓			9314					
p162-12	162		8	金＋念			931C					
p162-13	162		8	金＋其			9324					
p162-14	162		8	金＋典			932A					
p162-15	162		8	金＋孟			9333					
p162-16	162		8	金＋陸のつくり			9334					
p162-17	162		8	金＋表			9336					
p162-18	162		8	金＋軋			9337					
p162-19	162		8	金＋幸			FA28					
p162-20	162		9					鍵	デザイン差	UCV235		1
p162-21	162		9	金＋柬	1-93-27	3		錬	包摂適用	100		
p162-22	162		9	金＋是	1-93-26	3						
p162-23	162		9	金＋插のつくり	1-93-28	3						
p162-24	162		7	金＋挿のつくり								pdf
p162-25	162		9	金＋禊のつくり	1-93-29	3						
p162-26	162		9	鶩	1-93-30	3						
p162-27	162		9	金＋爰	1-93-31	3						
p162-28	162		9	金＋彦	2-91-12	4						
p162-29	162		9	金＋春	2-91-13	4						
p162-30	162		9	金＋皆	2-91-14	4						
p162-31	162		9	金＋腹のつくり	2-91-15	4						
p162-32	162		9	金＋帝	2-91-16	4						
p162-33	162		9	金＋昜	2-91-17	4						
p162-34	162		9	秋／金	2-91-18	4						
p162-35	162		9	金＋喋のつくり	2-91-19	4						
p162-36	162		9	覧	2-91-20	4						
p162-37	162		9	金＋滋のつくり	2-91-21	4						
p162-38	162		9	金＋椶のつくり			9350					
p162-39	162		9	金＋柔			9352					
p162-40	162		9	金＋軍			9355					
p162-41	162		9	金＋則			9358					
p162-42	162		9	金＋貞			935E					
p162-43	162		9	金＋鞫のつくり			9367					
p162-44	162		9	金＋若			9369					
p162-45	162		9	金＋侯			936D					
p162-46	162		9	金＋怱			936F					
p162-47	162		9	金＋端のつくり			9374					
p162-48	162		9	金＋思			9376					
p162-49	162		9	金＋睹のつくり			937A					
p162-50	162		9	金＋編のつくり			937D					
p162-51	162		9	金＋（卅／田）			937F					
p162-52	162		9	金＋修			9380					
p162-53	162		9	金＋耶			9381					
p162-54	162		9	金＋美			9382					
p162-55	162		9	金＋禺			935D					
p162-56	162		10	金＋（巛／貝）				鎖	包摂適用	172		1
p163-0	163		10	金＋賺のつくり				鎌	包摂適用	7		1
p163-1	163		10	二点しんにょうの鎚				鎚	包摂適用	128		1
p163-2	163		10	金＋瑣のつくり				鎖	包摂適用	172		1
p163-3	163		10	金＋溥のつくり	1-93-32	3						
p163-4	163		10	螢	1-93-33	3						
p163-5	163		10	金＋示＋且	1-93-34	3						
p163-6	163		10	金＋将	2-91-22	4						
p163-7	163		10	金＋恵	2-91-23	4						
p163-8	163		10	金＋差	2-91-24	4						
p163-9	163		10	金＋瞎のつくり	2-91-25	4						
p163-10	163		10	流／金	2-91-26	4						
p163-11	163		10	金＋貔のつくり	2-91-27	4						
p163-12	163		10	金＋華	2-91-28	4						
p163-13	163		10	金＋旁			938A					
p163-14	163		10	金＋索			938D					
p163-15	163		10	金＋辱			9392					
p163-16	163		10	金＋溏のつくり			9395					
p163-17	163		10	金＋鬲			9398					
p163-18	163		10	金＋晃			93A4					
p163-19	163		10	金＋（卯／田）			93A6					
p163-20	163		10	金＋隼			93A8					
p163-21	163		10	金＋（「向／儿／夂			93AB					
p163-22	163		10	金＋息			93B4					
p163-23	163		10	金＋家			93B5					
p163-24	163		10	金＋哥			93B6					
p163-25	163		11	鏝				鏝	包摂適用	68		1
p163-26	163		11	金＋貫	1-93-35	3						
p163-27	163		11	金＋庸	1-93-36	3						
p163-28	163		11	金＋顏のへん	1-93-37	3						
p163-29	163		11	金＋（廣−广）	1-93-38	3						
p163-30	163		11	金＋二点しんにょうの通	2-91-29	4						
p163-31	163		11	金＋権のつくり	2-91-30	4						
p163-32	163		11	金＋章	2-91-31	4						
p163-33	163		11	金＋樔のつくり	2-91-32	4						
p163-34	163		11	金＋旋	2-91-33	4						
p163-35	163		11	金＋堂	2-91-34	4						
p163-36	163		11	金＋票	2-91-35	4						
p163-37	163		11	磬	2-91-36	4						
p163-38	163		11	金＋殺			93A9					
p163-39	163		11	金＋專			93C4					
p163-40	163		11	金＋脩			93C5					
p163-41	163		11	金＋（嗽−口）			93C9					
p163-42	163		11	敖／金			93CA					
p163-43	163		11	金＋滿のつくり			93CB					
p163-44	163		11	金＋莫			93CC					
p163-45	163		11	金＋累			93CD					
p163-46	163		11	金＋總のつくり			93D3					
p163-47	163		11	金＋崔			93D9					
p163-48	163		11	金＋從			93E6					
p163-49	163		11	金＋強			93F9					
p163-50	163		11	金＋國			28AF5					
p163-51	163		12	金＋肅	1-93-39	3						
p163-52	163		12	金＋饌のつくり	2-91-37	4						
p163-53	163		12	金＋墫のつくり	2-91-38	4						
p163-54	163		12	金＋饑のつくり	2-91-39	4						
p163-55	163		12	金＋燗のつくり	2-91-40	4						
p164-0	164		12	金＋僕のつくり			93F7					
p164-1	164		12	金＋惠			93F8					
p164-2	164		12	金＋發			93FA					
p164-3	164		12	金＋斯			9401					
p164-4	164		12	金＋澑のつくり			9402					
p164-5	164		12	金＋喬			9408					
p164-6	164		12	金＋橘のつくり			940D					
p164-7	164		12	金＋焦			940E					
p164-8	164		12	金＋（簪−竹かんむり）			9415					
p164-9	164		12	金＋替			941F					
p164-10	164		13	金＋雷	1-93-40	3						
p164-11	164		13	金＋護のつくり	1-93-41	3						
p164-12	164		13	金＋隣のつくり	2-91-41	4						
p164-13	164		13	金＋蜀	2-91-42	4						
p164-14	164		13	金＋辟	2-91-43	4						
p164-15	164		13	金＋據のつくり	2-91-44	4						
p164-16	164		13	金＋濂のつくり			942E					
p164-17	164		13	金＋墸のつくり			942F					
p164-18	164		13	金＋僉			9431					
p164-19	164		13	金＋二点しんにょうの達			943D					
p164-20	164		13	金＋意			943F					
p164-21	164		14	二点しんにょうの鑓				鑓	包摂適用	128		1
p164-22	164		14	金＋榮	2-91-45	4						
p164-23	164		14	金＋櫂のつくり			9443					
p164-24	164		14	金＋爾			9448					
p164-25	164		14	金＋嬪のつくり			944C					
p164-26	164		14	金＋截			496B					
p164-27	164		15	金＋塵	1-93-42	3						
p164-28	164		15	金＋二点しんにょうの樋	2-91-46	4						
p164-29	164		15	金＋遺	2-91-47	4						
p164-30	164		15	金＋質			9455					
p164-31	164		15	金＋（禾＋尤）／旨			9459					
p164-32	164		15	金＋賞			945C					
p164-33	164		15	金＋續のつくり			945F					
p164-34	164		15	金＋齒			9461					
p164-35	164		16	金／（金＋金）	1-93-43	3						
p164-36	164		16	金＋龍			9468					
p164-37	164		17	金＋纔のつくり	1-93-44	3						
p164-38	164		17	金＋襄	1-93-45	3						
p164-39	164		17	金＋闌	2-91-48	4						
p164-40	164		17	金＋孅のつくり	2-91-49	4						
p164-41	164		17	錨			946E					
p164-42	164		20	錨			9484					
p164-43	164		21	金＋屬			9483					
p164-44	164	長	0	髟のへん	2-91-50	4						
p164-45	164	長	2	にんべん＋長	2-1-56	4					1	
p164-46	164	長	2	髟のへん＋畝のつくり	2-91-51	4						
p164-47	164	長	3	てへん＋長			6381				1	
p164-48	164	長	4	木＋長	2-14-94	4					1	
p164-49	164	長	5	髟のへん＋瓶のつくり	2-81-15	4					1	
p164-50	164	長	6	瓜＋長			24B05					
p164-51	164	長	6	米＋長			7CBB				1	
p164-52	164	長	7	貝＋長			8CEC				1	
p164-53	164	長	8	金＋長	2-91-3	4					1	
p165-0	165		9	飮のへん＋長			9926				1	
p165-1	165		10	韋＋長	2-92-13	4					1	
p165-2	165		13	鼓／長			9F1A				1	
p165-3	165		14	髟のへん＋爾			957E					
p165-4	165	門	2	門＋人			9584					
p165-5	165	門	3	門＜三	2-91-52	4						
p165-6	165	門	3	門＜干			9588					
p165-7	165	門	3	口＋門			20D58					
p165-8	165	門	4	門＜壬				閏	包摂適用	1		1
p165-9	165	門	4	燗のつくり				間	包摂適用	152		1
p165-10	165	門	4	門＜肱のつくり	1-93-46	3						
p165-11	165	門	4	門＜亢	2-91-53	4						
p165-12	165	門	4	門＜方	2-91-54	4						
p165-13	165	門	4	門＜牛			28CEF					
p165-14	165	門	5	門＜必	1-93-47	3						
p165-15	165	門	5	門＜令			959D					
p165-16	165	門	5	門＜弁			959E					
p165-17	165	門	6	門＜（人がしら／从）	1-93-48	3						
p165-18	165	門	6	門＜虫	1-93-49	3						
p165-19	165	門	6	門＜先	2-91-55	4						
p165-20	165	門	6	門＜亥			95A1					
p165-21	165	門	7	門＜兌				閲	包摂適用	15		1
p165-22	165	門	7	門＜（螂−虫−おおざと）	1-93-50	3						
p165-23	165	門	7	門＜言	2-88-64	4					1	
p165-24	165	門	7	門＜困	2-91-56	4						
p165-25	165	門	7	門＜貝	2-91-57	4						
p165-26	165	門	8					閻	包摂適用	81		1
p165-27	165	門	8	閼				閼	包摂適用	25		1
p165-28	165	門	8	門＜者				闍	包摂適用	125		1
p165-29	165	門	8	門＜昌	1-93-51	3						
p165-30	165	門	8	門＜昏	1-93-52	3						
p165-31	165	門	8	門＜旻			95BA					
p165-32	165	門	8	門＜受			95BF					
p165-33	165	門	8	門＜兒			49A7					
p165-34	165	門	9	門＜癸	1-93-53	3						
p165-35	165	門	9	門＜屋	2-91-58	4						
p165-36	165	門	9	門＜韋	2-91-59	4						
p165-37	165	門	9	門＜品			95C6					
p165-38	165	門	9	門＜煙のつくり			95C9					
p165-39	165	門	10	門＜眞	1-93-54	3						
p165-40	165	門	10	門＜豈	1-93-55	3						
p165-41	165	門	10	門＜（自／木）			95D1					
p165-42	165	門	10	門＜搨のつくり			95D2					
p165-43	165	門	10	門＜嗅のつくり			28D91					
p165-44	165	門	11	門＜亀	1-93-56	3						
p165-45	165	門	11	門＜規	1-93-57	3						
p165-46	165	門	11	門＜（（戸の旧字＋口）＋攵）			95D9					
p165-47	165	門	11	門＜敗			95DD					
p165-48	165	門	12	門＜敢	1-93-58	3						
p165-49	165	門	12	門＜翕			95DF					
p165-50	165	門	12	門＜貴			95E0					
p165-51	165	門	13	門＜環のつくり			95E4					
p166-0	166		13	門＜豊			95E6					
p166-1	166		19	門＜（戀−心）	2-91-60	4						
p166-2	166	阝阜	0	阪−反	2-90-5	4						
p166-3	166	阝阜	2	こざとへん＋力			961E					
p166-4	166	阝阜	3	こざとへん＋兀			9622					
p166-5	166	阝阜	3	こざとへん＋也			9624					
p166-6	166	阝阜	3	こざとへん＋干			28E17					
p166-7	166	阝阜	4	こざとへん＋区	2-91-61	4						
p166-8	166	阝阜	4	こざとへん＋亢	2-91-62	4						
p166-9	166	阝阜	4	こざとへん＋日	2-91-63	4						
p166-10	166	阝阜	4	こざとへん＋月	2-91-64	4						
p166-11	166	阝阜	4	こざとへん＋水			9625					
p166-12	166	阝阜	4	こざとへん＋火			9626					
p166-13	166	阝阜	4	こざとへん＋井			9631					
p166-14	166	阝阜	5	こざとへん＋怦のつくり	2-91-65	4						
p166-15	166	阝阜	5	こざとへん＋乍	2-91-66	4						
p166-16	166	阝阜	5	こざとへん＋施のつくり	2-91-67	4						
p166-17	166	阝阜	5	こざとへん＋正			9637					
p166-18	166	阝阜	5	こざとへん＋（戸の旧字＋乙）			9638					
p166-19	166	阝阜	5	こざとへん＋去			9639					
p166-20	166	阝阜	5	こざとへん＋低のつくり			963A					
p166-21	166	阝阜	5	こざとへん＋占			963D					
p166-22	166	阝阜	6	こざとへん＋危			9652					
p166-23	166	阝阜	6	こざとへん＋亥			9654					
p166-24	166	阝阜	7	こざとへん＋徑のつくり	1-93-59	3						
p166-25	166	阝阜	7	こざとへん＋走	2-91-68	4						
p166-26	166	阝阜	7	こざとへん＋俊のつくり			9656					
p166-27	166	阝阜	7	こざとへん＋悄のつくり			9657					
p166-28	166	阝阜	8	こざとへん＋綵のつくり	2-91-69	4						
p166-29	166	阝阜	8	こざとへん＋隹			966E					
p166-30	166	阝阜	8	こざとへん＋婢のつくり			9674					
p166-31	166	阝阜	8	こざとへん＋林								pdf
p166-32	166	阝阜	9	隧−二点しんにょう				隊	包摂適用	11		1
p166-33	166	阝阜	9	嶐−山	1-93-61	3		隆	包摂適用	133		
p166-34	166	阝阜	9	こざとへん＋是	1-93-60	3						
p166-35	166	阝阜	9	こざとへん＋（人がしら／髟のへん）	2-91-70	4						
p166-36	166	阝阜	9	こざとへん＋煙のつくり			967B					
p166-37	166	阝阜	9	こざとへん＋睹のつくり			967C					
p166-38	166	阝阜	9	こざとへん＋（而／大）			967E					
p166-39	166	阝阜	9	こざとへん＋匚＜夾			967F					
p166-40	166	阝阜	9	こざとへん＋偃のつくり			9681					
p166-41	166	阝阜	9	こざとへん＋兪			9683					
p166-42	166	阝阜	9	こざとへん＋（臼／土）			9689					
p166-43	166	阝阜	10	隔				隔	包摂適用	73		1
p166-44	166	阝阜	10					隘	包摂適用	11		1
p166-45	166	阝阜	10	こざとへん＋竜	2-91-71	4						
p166-46	166	阝阜	10	こざとへん＋豈			9691					
p166-47	166	阝阜	10	こざとへん＋烏			9696					
p166-48	166	阝阜	10	こざとへん＋島			FA29					
p166-49	166	阝阜	11	隙				隙	包摂適用	137		1
p166-50	166	阝阜	11	こざとへん＋鳥	1-93-62	3						
p166-51	166	阝阜	11	こざとへん＋堂	2-91-72	4						
p166-52	166	阝阜	11	こざとへん＋（巛／果）			969F					
p167-0	167		12	こざとへん＋鄰のへん				隣	包摂適用	120		1
p167-1	167		12					隧	包摂適用	11		1
p167-2	167		12	こざとへん＋貴	1-93-63	3						
p167-3	167		12	こざとへん＋登	1-93-64	3						
p167-4	167		12	こざとへん＋（くさかんむり／人がしら／髟のへん）	2-91-73	4						
p167-5	167		13	こざとへん＋義	2-91-74	4						
p167-6	167		13	こざとへん＋奧	2-91-75	4						
p167-7	167		13	こざとへん＋辟			96A6					
p167-8	167		14	こざとへん＋壽	2-91-76	4						
p167-9	167		14	こざとへん＋齊			96AE					
p167-10	167		15	隋／恭	2-91-77	4						
p167-11	167	隹	2					隻	デザイン差	UCV235		1
p167-12	167	隹	2	確のつくり	2-91-78	4						
p167-13	167	隹	2	隹／乃	2-91-79	4						
p167-14	167	隹	3	大／隹			595E				1	
p167-15	167	隹	3	こざとへん＋隹			966E				1	
p167-16	167	隹	4	雇				雇	包摂適用	5		1
p167-17	167	隹	4	呀のつくり＋隹				雅	包摂適用	121		1
p167-18	167	隹	4	二点しんにょうの進				進	包摂適用	128	1	1
p167-19	167	隹	5	右＋隹	2-91-80	4						
p167-20	167	隹	5	句＋隹			96CA					
p167-21	167	隹	6	櫂のつくり	1-90-32	3					1	
p167-22	167	隹	6	各＋隹	1-93-65	3						
p167-23	167	隹	6	虫＋隹			873C				1	
p167-24	167	隹	8	山／雋	2-8-68	4						
p167-25	167	隹	8	渓のつくり＋隹	2-91-81	4						
p167-26	167	隹	10	奚＋隹	1-93-66	3						
p167-27	167	隹	10	栴−木−（尓−小）＋護のつくり	2-91-82	4						
p167-28	167	隹	10	權のつくり	2-91-83	4						
p167-29	167	隹	10	廱−广	2-91-84	4						
p167-30	167	隹	10	魅	2-93-32	4					1	
p167-31	167	隹	10	攜のつくり			96DF					
p167-32	167	隹	11	攤−てへん	1-93-67	3		難	包摂適用	143		
p167-33	167	隹	11	（今／酉）＋隹	2-91-85	4						
p167-34	167	隹	11	鳥＋隹			9D7B				1	
p167-35	167	隹	11	隹＋鳥			4CE1				1	
p167-36	167	隹	12	隻＋隻			4A07					
p167-37	167	雨	0	雨かんむり			2ED7					
p167-38	167	雨	3	膤のつくり				雪	包摂適用	54		1
p167-39	167	雨	3	樗のつくり	1-93-68	3						
p167-40	167	雨	3	尸＋雨			5C5A				1	
p167-41	167	雨	4	雨かんむり／扮のつくり				雰	デザイン差	UCV236		1
p167-42	167	雨	4	雨かんむり／（吝−口）	1-93-69	3						
p167-43	167	雨	4	雨かんむり／方			96F1					
p167-44	167	雨	5	雨かんむり／矛			96FA					
p167-45	167	雨	7	雨かんむり／沐			9702					
p167-46	167	雨	7	雨かんむり／沈			9703					
p167-47	167	雨	7	雨かんむり／言			9705					
p167-48	167	雨	7	雨かんむり／誨のつくり			9709					
p167-49	167	雨	8	雨かんむり／注	2-91-86	4						
p168-0	168		9	雨かんむり／（鶩−鳥）			971A					
p168-1	168		9	雨かんむり／（弓＋弓＋弓）			971B					
p168-2	168		9	櫺のつくり			971D					
p168-3	168		9	雨かんむり／活								1
p168-4	168		10	雨かんむり／員	2-91-87	4						
p168-5	168		10	雨かんむり／（示＋申）	2-91-88	4						
p168-6	168		10	雨かんむり／脉			9721					
p168-7	168		10	雨かんむり／（月＋二／水）			9721					
p168-8	168		10	雨かんむり／脈			9722					
p168-9	168		11	窿	1-93-70	3						
p168-10	168		11	雨かんむり／尉			9728					
p168-11	168		12	靈	1-47-53	3					1	
p168-12	168		12	雨かんむり／橘のつくり			9731					
p168-13	168		12	雨かんむり／斯			29170					
p168-14	168		13	雨かんむり／豊	1-93-71	3						
p168-15	168		13	雨かんむり／滂	2-91-89	4						
p168-16	168		15	雨かんむり／儡のつくり	2-91-90	4						
p168-17	168		16	雨かんむり／龍	2-91-91	4						
p168-18	168		16	雨かんむり／（隹＋隹）			9743					
p168-19	168		18	雨かんむり／豐			974A					
p168-20	168		19	雨かんむり／（隹＋鳥）	1-93-72	3						
p168-21	168		19	雨かんむり／（金＋鳥）	1-93-73	3						
p168-22	168		21	雨かんむり／鶴	1-93-74	3						
p168-23	168		25	靈	1-94-88	3					1	
p168-24	168	青	0	睛のつくり				青	包摂適用	146		1
p168-25	168	青	3	りっしんべん＋睛のつくり				情	包摂適用	146	1	1
p168-26	168	青	3	さんずい＋睛のつくり				清	包摂適用	146	1	1
p168-27	168	青	3	けものへん＋青				猜	包摂適用	11	1	1
p168-28	168	青	4	日＋睛のつくり				晴	包摂適用	146	1	1
p168-29	168	青	4	木＋睛のつくり	1-85-73	3					1	
p168-30	168	青	4	政のへん＋睛のつくり	2-91-92	4						
p168-31	168	青	5	立＋睛のつくり								1
p168-32	168	青	6	米＋睛のつくり							1	1
p168-33	168	青	6	靜のへん＋争				静	包摂適用	146		1
p168-34	168	青	6	靜のへん＋光	2-91-93	4						
p168-35	168	青	6	靜のへん＋色			9758					
p168-36	168	青	7	言＋睛のつくり				請	包摂適用	146	1	1
p168-37	168	青	7	靜のへん＋見	1-93-75	3						
p168-38	168	青	8	金＋睛のつくり				錆	包摂適用	146	1	1
p168-39	168	青	8	青＋爭				靜	包摂適用	146		1
p168-40	168	青	8					靜	包摂適用	21		1
p168-41	168	青	8	靜のへん＋定	2-91-94	4						
p168-42	168	青	11	魚＋睛のつくり				鯖	包摂適用	146	1	1
p168-43	168	青	11	靜のへん＋鳥	2-94-26	4					1	
p168-44	168	青	13	鼠＋睛のつくり			9F31				1	
p168-45	168	青	6	虫＋青							1	1
p168-46	168	非	2	（緋−糸）＋りっとう	2-3-25	4					1	
p168-47	168	非	3	彳＋非							1	1
p168-48	168	非	3	てへん＋非							1	1
p169-0	169		3	口＋非	2-4-8	4					1	
p169-1	169		3	りっしんべん＋（緋−糸）	2-12-50	4					1	
p169-2	169		3	けものへん＋非			7305				1	
p169-3	169		4	非／（吝−口）				斐	包摂適用	1	1	1
p169-4	169		4	非／心							1	1
p169-5	169		4	戸の旧字／非							1	1
p169-6	169		4	（緋−糸）／木	1-85-74	3					1	
p169-7	169		6	糸＋非							1	1
p169-8	169		6	褒	1-91-77	3					1	
p169-9	169		7	言＋非							1	1
p169-10	169		7	非／車							1	1
p169-11	169		7	車＋（緋−糸）	2-89-66	4					1	
p169-12	169	面	0	百			9763					
p169-13	169	面	12	面＋貴			9767					
p169-14	169	革	2	革＋丁	2-92-1	4						
p169-15	169	革	3	革＋仞のつくり				靭	包摂適用	170		1
p169-16	169	革	3					靱	デザイン差	UCV235		1
p169-17	169	革	3	革＋（勹＜一）	1-93-76	3						
p169-18	169	革	3	革＋干			976C					
p169-19	169	革	4	訛				靴	包摂適用	77		1
p169-20	169	革	4	革＋斤	1-93-77	3						
p169-21	169	革	4	革＋巴			9776					
p169-22	169	革	4	革＋引			9777					
p169-23	169	革	4	革＋（岌−山）			9778					
p169-24	169	革	5	革＋鉋のつくり				鞄	包摂適用	70		1
p169-25	169	革	5	革＋且			977B					
p169-26	169	革	5	革＋絆のつくり			977D					
p169-27	169	革	5	革＋幼			977F					
p169-28	169	革	5	革＋召			9780					
p169-29	169	革	5	革＋弘			9783					
p169-30	169	革	6	革＋光	2-92-2	4						
p169-31	169	革	6	革＋兆			9789					
p169-32	169	革	6	安／革			978C					
p169-33	169	革	7	革＋悄のつくり				鞘	包摂適用	16		1
p169-34	169	革	7	革＋哽のつくり	1-93-78	3						
p169-35	169	革	7	革＋誨のつくり	2-92-3	4						
p169-36	169	革	7	革＋綏のつくり	2-92-4	4						
p169-37	169	革	7	條			9797					
p169-38	169	革	7	革＋絹のつくり			9799					
p169-39	169	革	8	革＋空	2-92-5	4						
p169-40	169	革	8	革＋婢のつくり	2-92-6	4						
p169-41	169	革	8	革＋喋のつくり	2-92-7	4						
p169-42	169	革	8	革＋享			979F					
p169-43	169	革	8	革＋廴＋聿			97AC					
p169-44	169	革	8	革＋蜩のつくり			292D9					
p169-45	169	革	9					鞭	デザイン差	UCV235		1
p169-46	169	革	9	革＋是	1-93-79	3						
p169-47	169	革	9	革＋室			292E1					
p169-48	169	革	9	革＋面			292E0					
p170-0	170		10	革＋稻のつくり	2-92-8	4						
p170-1	170		10	革＋冓	2-92-9	4						
p170-2	170		10	革＋華	2-92-10	4						
p170-3	170		10	革＋奚			97B5					
p170-4	170		10	般／革			97B6					
p170-5	170		11	革＋堂	1-93-80	3						
p170-6	170		11	革＋畢			97B8					
p170-7	170		11	革＋郭			97B9					
p170-8	170		12	革＋貴			97BC					
p170-9	170		12	革＋饑のつくり			97BF					
p170-10	170		13	革＋橿のつくり	1-93-81	3						
p170-11	170		13	革＋譫のつくり			97C2					
p170-12	170		14	革＋護のつくり			97C4					
p170-13	170		14	革＋濕のつくり			97C5					
p170-14	170		14	韈								pdf
p170-15	170		15	革＋續のつくり			97C7					
p170-16	170		16	革＋薦	1-93-82	3						
p170-17	170		20	鞳			97CA					
p170-18	170	韋	2	にんべん＋幃のつくり				偉	包摂適用	120		1
p170-19	170	韋	3	韋＋仞のつくり	2-92-11	4						
p170-20	170	韋	3	彳＋韋			5FAB				1	
p170-21	170	韋	3	りっしんべん＋韋			6107				1	
p170-22	170	韋	4	二点しんにょう＋幃のつくり				違	包摂適用	120		1
p170-23	170	韋	4	火＋幃のつくり	1-87-54	3					1	
p170-24	170	韋	5	韋＋拔のつくり			97CD					
p170-25	170	韋	5	韋＋末			97CE					
p170-26	170	韋	6	糸＋韋				緯	包摂適用	120		1
p170-27	170	韋	6	光のにょうの形＋韋	2-92-12	4						
p170-28	170	韋	6	韋＋合			97D0					
p170-29	170	韋	8	朝のへん＋幃のつくり				韓	包摂適用	120		1
p170-30	170	韋	8	門＜韋	2-91-59	4					1	
p170-31	170	韋	8	韋＋長	2-92-13	4						
p170-32	170	韋	9	韋＋喋のつくり	2-92-14	4						
p170-33	170	韋	9	題	2-92-15	4						
p170-34	170	韋	9	韋＋軍			97D7					
p170-35	170	韋	10	韋＋慍のつくり	1-93-83	3						
p170-36	170	韋	10	韋＋華	2-92-16	4						
p170-37	170	韋	10	韋＋冓			97DD					
p170-38	170	韋	11	韋＋備のつくり	1-93-84	3						
p170-39	170	韋	11	韋＋畢			97E0					
p170-40	170	韋	15	韋＋韈のつくり			97E4					
p170-41	170	韭	6	栽			97EF					
p170-42	170	韭	8	孅のつくり	2-92-17	4						
p170-43	170	韭	10	さんずい＋粲	2-79-44	4					1	
p170-44	170	音	0					音	デザイン差	UCV62		1
p170-45	170	音	3	りっしんべん＋音			6114				1	
p171-0	171		4					暗	デザイン差	UCV62		1
p171-1	171		4	音＋戈			6220				1	
p171-2	171		4	音＋欠	1-86-32	3					1	
p171-3	171		4	音＋師のつくり	1-93-85	3						
p171-4	171		5	やまいだれ＋音	1-88-52	3					1	
p171-5	171		5	音＋出			97F7					
p171-6	171		7	音＋峰のつくり			97F8					
p171-7	171		9	音＋英			97FA					
p171-8	171		11	音＋鳥			9D95				1	
p171-9	171		11	響	1-93-86	3						
p171-10	171		13	響				響	包摂適用	153		1
p171-11	171	頁	2	九＋頁	2-92-18	4						
p171-12	171	頁	3	干＋頁			9807					
p171-13	171	頁	4	王＋頁	1-93-87	3						
p171-14	171	頁	4	支＋頁	2-92-19	4						
p171-15	171	頁	4	斤＋頁	2-92-20	4						
p171-16	171	頁	5	由＋頁	2-92-21	4						
p171-17	171	頁	5	絆のつくり＋頁	2-92-22	4						
p171-18	171	頁	5	出＋頁	2-92-23	4						
p171-19	171	頁	5	疎			9819					
p171-20	171	頁	6	熙−れんが				頤	包摂適用	90		1
p171-21	171	頁	6	安＋頁	1-93-88	3						
p171-22	171	頁	6	兆＋頁	1-93-89	3						
p171-23	171	頁	6	到のへん＋頁	2-92-24	4						
p171-24	171	頁	6	臣＋頁	2-92-25	4						
p171-25	171	頁	6	頴			71B2				1	
p171-26	171	頁	6	合＋頁			981C					
p171-27	171	頁	6	危＋頁			9820					
p171-28	171	頁	6	亥＋頁			9826					
p171-29	171	頁	7					頽	包摂適用	69		1
p171-30	171	頁	7	夾＋頁	1-93-90	3		頬	78互換包摂			
p171-31	171	頁	7	陟のつくり＋頁	1-93-91	3		頻	包摂適用	136		
p171-32	171	頁	7	りっしんべん＋頼				懶	包摂適用	151		1
p171-33	171	頁	7	梃のつくり＋頁	2-92-26	4						
p171-34	171	頁	7	赤＋頁	2-92-27	4						
p171-35	171	頁	7	ぼう＋臣＋頁	2-92-28	4						
p171-36	171	頁	7	（水／廾）＋頁			982E					
p171-37	171	頁	7	搖のつくり＋頁			982F					
p171-38	171	頁	7	君＋頁			9835					
p171-39	171	頁	8	卒＋頁	2-92-29	4						
p171-40	171	頁	8	須／此			983E					
p171-41	171	頁	8	函＋頁			9844					
p171-42	171	頁	8	阜＋頁			984A					
p171-43	171	頁	9	禺＋頁	1-93-92	3						
p171-44	171	頁	9	端のつくり＋頁	1-93-93	3						
p171-45	171	頁	9	咸＋頁			9851					
p171-46	171	頁	10	眞＋頁	1-94-3	3		顛	78互換包摂			
p171-47	171	頁	10	類	1-94-4	3		類	包摂適用	124		
p171-48	171	頁	10	貔のつくり＋頁	1-93-94	3						
p171-49	171	頁	10	凱のへん＋頁	1-94-1	3						
p171-50	171	頁	10	桑＋頁	1-94-2	3						
p171-51	171	頁	11	滿のつくり＋頁			9862					
p171-52	171	頁	11	戚＋頁			9863					
p172-0	172		12	顧				顧	包摂適用	5		1
p172-1	172		12	景＋頁	1-94-5	3						
p172-2	172		12	類	2-84-60	4					1	
p172-3	172		12	焦＋頁	2-92-30	4						
p172-4	172		13	穢のつくり＋頁			986A					
p172-5	172		14	需＋頁	1-94-6	3						
p172-6	172		15	さんずい＋景＋頁	1-87-32	3					1	
p172-7	172		17	龠＋頁			9FA5				1	
p172-8	172	風	2	にんべん＋風			5051				1	
p172-9	172	風	4	風にょう＋夫	2-92-31	4						
p172-10	172	風	5	風にょう＋占	2-92-32	4						
p172-11	172	風	5	風にょう＋拔のつくり	2-92-33	4						
p172-12	172	風	5	風にょう＋鉋のつくり			98AE					
p172-13	172	風	6	栗	2-92-34	4						
p172-14	172	風	6	風にょう＋舟			295CB					
p172-15	172	風	7	風にょう＋旋のつくり			98B4					
p172-16	172	風	8	風にょう＋炎	2-92-35	4						
p172-17	172	風	9	風にょう＋昜	1-94-7	3						
p172-18	172	風	9	風にょう＋思	2-92-36	4						
p172-19	172	風	9	風にょう＋容			4B12					
p172-20	172	風	10	搖のつくり＋風	2-92-37	4						
p172-21	172	風	10	風にょう＋溲のつくり	2-92-38	4						
p172-22	172	風	10	馬＋風	2-92-39	4						
p172-23	172	風	10	凱のへん＋風			98BD					
p172-24	172	風	10	風にょう＋留			98C0					
p172-25	172	風	11	風にょう＋膠のつくり	2-92-40	4						
p172-26	172	風	12	風にょう＋（火／（火＋火））	1-94-8	3						
p172-27	172	風	12	風にょう＋（犬／（犬＋犬））	2-92-41	4						
p172-28	172	風	12	風にょう＋澑のつくり			98C5					
p172-29	172	風	13	風にょう＋瑟	2-92-42	4						
p172-30	172	風	15	風にょう＋劉			4B1F					
p172-31	172	風	18	權のつくり＋風			98CC					
p172-32	172	食𩙿飠	0	餮−殄				食	デザイン差	UCV62		1
p172-33	172	食𩙿飠	0	飲のへん	2-92-43	4						
p172-34	172	食𩙿飠	0	飮のへん	2-92-44	4						
p172-35	172	食𩙿飠	2	飮のへん＋几				飢	包摂適用	155		1
p172-36	172	食𩙿飠	2	冫＋（餮−殄）	2-92-45	4						
p172-37	172	食𩙿飠	2	飮のへん＋丁	2-92-46	4						
p172-38	172	食𩙿飠	3	夕＋（餮−殄）	1-94-9	3						
p172-39	172	食𩙿飠	3	さんずい＋（餮−殄）	2-78-87	4						
p172-40	172	食𩙿飠	3	飮のへん＋托のつくり	2-92-47	4						
p172-41	172	食𩙿飠	3	飮のへん＋干			98E6					
p172-42	172	食𩙿飠	4	飮のへん＋反				飯	包摂適用	155		1
p172-43	172	食𩙿飠	4	飲のへん＋向				飫	包摂適用	155		1
p172-44	172	食𩙿飠	4	飮のへん＋壬	2-92-48	4						
p172-45	172	食𩙿飠	4	飮のへん＋卞	2-92-49	4						
p172-46	172	食𩙿飠	4	歹＋（餮−殄）	2-92-50	4						
p172-47	172	食𩙿飠	5	飮のへん＋台				飴	包摂適用	155		1
p172-48	172	食𩙿飠	5	飾				飾	包摂適用			1
p172-49	172	食𩙿飠	5	飮のへん＋鉋のつくり				飽	包摂適用	155		1
p173-0	173		5	飮のへん＋司				飼	包摂適用	155		1
p173-1	173		5	飮のへん＋（麈−鹿）	2-92-51	4						
p173-2	173		5	飮のへん＋必			98F6					
p173-3	173		5	飲のへん＋甘			296B5					
p173-4	173		5	飮のへん＋甘			296B5					
p173-5	173		6	癢−やまいだれ				養	デザイン差	UCV62		1
p173-6	173		6	飮のへん＋耳				餌	包摂適用	155		1
p173-7	173		6	飮のへん＋虫				蝕	包摂適用	155		1
p173-8	173		6	飮のへん＋并				餅	包摂適用	155		1
p173-9	173		6	飲のへん＋餠のつくり				餠	包摂適用	155		pdf
p173-10	173		6	飲のへん＋向				餉	包摂適用	155		1
p173-11	173		6	飲のへん＋交				餃	包摂適用	155		1
p173-12	173		6	（咨−口）／（餮−殄）	2-92-52	4						
p173-13	173		6	飲のへん＋銭のつくり	2-92-53	4						
p173-14	173		6	飮のへん＋舌			9902					
p173-15	173		6	飮のへん＋同			9907					
p173-16	173		6	餮			4B38					
p173-17	173		6	飮のへん＋旨								pdf
p173-18	173		7	飮のへん＋我				餓	包摂適用	155		1
p173-19	173		7	粲				餐	デザイン差	UCV62		1
p173-20	173		7	求／（餮−殄）	2-92-54	4						
p173-21	173		7	飮のへん＋豆	2-92-55	4						
p173-22	173		7	飮のへん＋束	2-92-56	4						
p173-23	173		7	飮のへん＋孛			9911					
p173-24	173		7	飮のへん＋俊のつくり			9915					
p173-25	173		8	飮のへん＋官				館	包摂適用	155		1
p173-26	173		8	餡				餡	包摂適用	155		1
p173-27	173		8	飲のへん＋尭	2-92-57	4						
p173-28	173		8	飮のへん＋肴	2-92-58	4						
p173-29	173		8	飮のへん＋昆	2-92-59	4						
p173-30	173		8	飮のへん＋果	2-92-60	4						
p173-31	173		8	飮のへん＋綴のつくり			991F					
p173-32	173		8	飮のへん＋倍のつくり			9922					
p173-33	173		8	飮のへん＋長			9926					
p173-34	173		8	飮のへん＋委			9927					
p173-35	173		8	飮のへん＋奔			9934					
p173-36	173		9	飮のへん＋滋のつくり	2-92-61	4						
p173-37	173		9	飮のへん＋侯	2-92-62	4						
p173-38	173		9	飮のへん＋曷	2-92-63	4						
p173-39	173		9	飮のへん＋昜	2-92-64	4						
p173-40	173		9	飮のへん＋軍			992B					
p173-41	173		9	飮のへん＋畏			9935					
p173-42	173		10	飮のへん＋溥のつくり	2-92-65	4						
p173-43	173		10	飮のへん＋羔	2-92-66	4						
p173-44	173		10	飮のへん＋氣	2-92-67	4						
p173-45	173		10	飮のへん＋稻のつくり	2-92-68	4						
p173-46	173		10	飮のへん＋盍	2-92-69	4						
p173-47	173		10	飮のへん＋畢	2-92-70	4						
p173-48	173		10	飮のへん＋溏のつくり			9939					
p173-49	173		11	飲のへん＋曼				饅	包摂適用	155		1
p173-50	173		11	飮のへん＋曼				饅	包摂適用			1
p173-51	173		11	飮のへん＋區			9947					
p173-52	173		11	飮のへん＋羞			9948					
p173-53	173		11	（勢−力）／（餮−殄）								pdf
p173-54	173		12	飲のへん＋貴				饋	包摂適用	155		1
p173-55	173		12	飮のへん＋善	2-92-71	4						
p173-56	173		12	飮のへん＋喜	2-92-72	4						
p174-0	174		12	飮のへん＋賁			9959					
p174-1	174		13	（「郷				饗	包摂適用	UCV203		1
p174-2	174		13	（「郷				饗	包摂適用	UCV203		1
p174-3	174		13	飮のへん＋亶	1-94-10	3						
p174-4	174		13	雍／（餮−殄）			9954					
p174-5	174		14	厭／（餮−殄）	2-92-73	4						
p174-6	174		14	飮のへん＋蒙			995B					
p174-7	174		17	飮のへん＋襄	2-92-74	4						
p174-8	174		18	飮のへん＋纔のつくり			995E					
p174-9	174		20	飮のへん＋羅	2-92-75	4						
p174-10	174	首	6	舟＋首	2-85-77	4					1	
p174-11	174	首	12	（止＋（首／儿）＋巳）／夂	2-5-28	4					1	
p174-12	174	香	4	木＋香	2-15-18	4					1	
p174-13	174	香	5	香＋拔のつくり			999B					
p174-14	174	香	5	香＋必			999D					
p174-15	174	香	6	香＋孛	1-94-11	3						
p174-16	174	香	7	香＋孚			999F					
p174-17	174	香	8	香＋奄	2-92-76	4						
p174-18	174	香	10	香＋賺のつくり	2-92-77	4						
p174-19	174	香	11	塵			9E98				1	
p174-20	174	馬	3	馬＋（勹＜一）			99B0					
p174-21	174	馬	3	馬＋大			99B1					
p174-22	174	馬	3	馬＋托のつくり			99B2					
p174-23	174	馬	3	馬／廾			99B5					
p174-24	174	馬	3	（馬−れんが）／廾								1
p174-25	174	馬	4					駁	デザイン差	UCV235		1
p174-26	174	馬	4	馬＋日	2-92-78	4						
p174-27	174	馬	4	馬／中	2-92-79	4						
p174-28	174	馬	4	馬＋戸の旧字	2-92-80	4						
p174-29	174	馬	4	馬＋夬	2-92-81	4						
p174-30	174	馬	4	馬＋（岌−山）			99BA					
p174-31	174	馬	4	馬＋犬			4B7E					
p174-32	174	馬	5	馬＋（麈−鹿）				駐	包摂適用	UCV201		1
p174-33	174	馬	5	馬＋炯のつくり	2-92-82	4						
p174-34	174	馬	5	馬＋且	2-92-83	4						
p174-35	174	馬	5	馬＋付	2-92-84	4						
p174-36	174	馬	5	馬＋施のつくり	2-92-85	4						
p174-37	174	馬	5	馬＋丕			99D3					
p174-38	174	馬	5	馬＋央			99DA					
p174-39	174	馬	5	馬＋必			99DC					
p174-40	174	馬	5	馬＋巨			99CF					
p174-41	174	馬	6	馬＋羊	2-92-86	4						
p174-42	174	馬	6	馬＋因	2-92-87	4						
p174-43	174	馬	6	虫＋馬			879E				1	
p174-44	174	馬	6	馬＋同			99E7					
p174-45	174	馬	6	馬＋先			99EA					
p174-46	174	馬	6	馬＋光			99EB					
p174-47	174	馬	6	馬＋耳			99EC					
p175-0	175		6	褒			892D					
p175-1	175		6	哭			99E1					
p175-2	175		6	馬＋戎			99E5					
p175-3	175		7	馬＋辛	1-94-12	3						
p175-4	175		7	馬＋矣	1-94-13	3						
p175-5	175		7	馬＋尨	2-92-88	4						
p175-6	175		7	馬＋余	2-92-89	4						
p175-7	175		7	馬＋戒			99F4					
p175-8	175		7	馬＋「柳の本字、第4水準2-14-72	2-14-72	4	99F5					
p175-9	175		7	馬＋絹のつくり			99FD					
p175-10	175		7	馬＋兌			99FE					
p175-11	175		8	駢				駢	包摂適用	97		1
p175-12	175		8	馬＋淘のつくり	2-92-90	4						
p175-13	175		8	馬＋（緋−糸）	2-92-91	4						
p175-14	175		8	馬＋碌のつくり			9A04					
p175-15	175		8	馬＋宗			9A0C					
p175-16	175		8	馬＋來			9A0B					
p175-17	175		8	馬＋念			9A10					
p175-18	175		9					騙	包摂適用	5		1
p175-19	175		9	馬＋癸	1-94-14	3						
p175-20	175		9	馬＋風	2-92-39	4					1	
p175-21	175		9	鶩	2-92-92	4						
p175-22	175		9	馬＋（剪−刀）	2-92-93	4						
p175-23	175		9	馬＋是	2-92-94	4						
p175-24	175		9	馬＋（挈−刀−手）／石			9A1E					
p175-25	175		9	馬＋（暇−日）			9A22					
p175-26	175		9	馬＋椶のつくり			9A23					
p175-27	175		9	馬＋咼			9A27					
p175-28	175		10	縢				騰	包摂適用	36		1
p175-29	175		10	陟／馬	1-94-15	3						
p175-30	175		10	馬＋留	1-94-16	3						
p175-31	175		10	馬＋（戸の旧字＋栩のつくり）	1-94-17	3						
p175-32	175		10	馬＋奚	2-93-1	4						
p175-33	175		10	馬＋芻	2-93-2	4						
p175-34	175		10	馬＋馬			9A33					
p175-35	175		10	馬＋原			9A35					
p175-36	175		11	馬＋華	1-94-18	3						
p175-37	175		11	馬＋總のつくり	2-93-3	4						
p175-38	175		11	敖／馬			9A41					
p175-39	175		11	勢			9A47					
p175-40	175		11	馬＋畢			9A46					
p175-41	175		11	馬＋墟のつくり			9A49					
p175-42	175		12	馬＋單	1-94-20	3		騨	78互換包摂			
p175-43	175		12	馬＋鄰のへん	1-94-19	3						
p175-44	175		12	馬＋發			9A4B					
p175-45	175		12	馬＋澑のつくり			9A51					
p175-46	175		12	馬＋覃			9A54					
p175-47	175		13	馬＋肅	2-93-4	4						
p175-48	175		13	羸	2-93-5	4						
p175-49	175		13	馬＋鐵のつくり			9A56					
p175-50	175		14	馬＋（士／冖／石／木）			9A5D					
p175-51	175		24	馬／（馬＋馬）／木	2-93-6	4						
p175-52	175	骨	3	口＋骨			55D7				1	
p175-53	175	骨	3	てへん＋骨			6430				1	
p176-0	176		3	くさかんむり／骨			84C7				1	
p176-1	176		3	骨＋凡			9AAA					
p176-2	176		3	骨＋于			9AAC					
p176-3	176		3	骨＋弋			9AAE					
p176-4	176		4	骨＋亢	2-93-7	4						
p176-5	176		5	骨＋低のつくり	1-94-21	3						
p176-6	176		5	骨＋可	2-93-8	4						
p176-7	176		5	骨＋古	2-93-9	4						
p176-8	176		5	骨＋鉋のつくり			9AB2					
p176-9	176		5	骨＋此			9AB4					
p176-10	176		5	骨＋本			9AB5					
p176-11	176		6	骨＋行	2-93-10	4						
p176-12	176		6	骨＋皎のつくり	2-93-11	4						
p176-13	176		6	骨＋夸			9ABB					
p176-14	176		7	骨＋果	1-94-22	3						
p176-15	176		7	骨＋綏のつくり			9ABD					
p176-16	176		7	骨＋哽のつくり			9ABE					
p176-17	176		8	骨＋餠のつくり			9ABF					
p176-18	176		9	骨＋禺	1-94-23	3						
p176-19	176		9	骨＋曷	2-93-12	4						
p176-20	176		10	骨＋溥のつくり	2-93-13	4						
p176-21	176		10	骨＋旁			9AC8					
p176-22	176		11	骨＋膠のつくり	1-94-24	3						
p176-23	176		12	骨＋堯	2-93-14	4						
p176-24	176		12	骨＋葬	2-93-15	4						
p176-25	176		14	骨＋嬪のつくり	2-93-16	4						
p176-26	176		15	骨＋（「寛	1-94-25	3						
p176-27	176		16	骨＋盧			9AD7					
p176-28	176		17	骨＋權のつくり			29ABC					
p176-29	176	高	0					高	包摂適用	145		1
p176-30	176	高	2	にんべん＋高			5090				1	
p176-31	176	高	3	高／大	2-93-17	4						
p176-32	176	高	3	高＋おおざと			9117				1	
p176-33	176	高	3	口＋高			55C3				1	
p176-34	176	高	3	さんずい＋高			6EC8				1	
p176-35	176	高	4					槁	包摂適用	145	1	1
p176-36	176	高	4	高／木	2-15-28	4					1	
p176-37	176	高	4	高＋欠	2-15-89	4					1	
p176-38	176	高	4	高＋殳			6BC3				1	
p176-39	176	高	5	高＋尻			9ADB					
p176-40	176	高	7	言＋高			8B1E				1	
p176-41	176	高	8	高＋昇	2-93-18	4						
p176-42	176	高	11	高＋鳥			9DAE				1	
p176-43	176	髟	2	髟／几	2-93-19	4						
p176-44	176	髟	4	髟／（冂＜はみ出た横棒二本）	2-93-20	4						
p176-45	176	髟	4	髟／眄のつくり	2-93-21	4						
p176-46	176	髟	4	髟／木			9AE4					
p176-47	176	髟	4	髟／沈のつくり			9AE7					
p177-0	177		5					髯	包摂適用	47		1
p177-1	177		5	髟／丕			9AEC					
p177-2	177		5	髟／皮			9AF2					
p177-3	177		5	髟／矛			9AF3					
p177-4	177		6	髟／休	1-94-26	3						
p177-5	177		6	髟／而			9AF5					
p177-6	177		6	髟／舌			9AFA					
p177-7	177		7	髟／兵	1-94-27	3						
p177-8	177		7	髟／坐			9AFD					
p177-9	177		7	髟／沙			9AFF					
p177-10	177		7	髟／弟			9B00					
p177-11	177		7	髟／利			9B01					
p177-12	177		8	髟／卷	1-94-28	3						
p177-13	177		8	髟／宗	2-93-22	4						
p177-14	177		8	髟／易			9B04					
p177-15	177		8	髟／（萠−くさかんむり）			9B05					
p177-16	177		9	髟／惰のつくり	2-93-23	4						
p177-17	177		9	髟／椶のつくり			9B09					
p177-18	177		9	髟／（剪−刀）			9B0B					
p177-19	177		9	髟／胡			9B0D					
p177-20	177		9	髟／剌			9B0E					
p177-21	177		10	髟／耆	2-93-24	4						
p177-22	177		10	髟／眞	2-93-25	4						
p177-23	177		11					鬘	包摂適用	68		1
p177-24	177		11	髟／參	2-93-26	4						
p177-25	177		11	髟／票			29BB3					
p177-26	177		12	髟／燗のつくり	2-93-27	4						
p177-27	177		12	髟／曾			9B19					
p177-28	177		12	鑞のつくり			9B1B					
p177-29	177		12	髟／衆								pdf
p177-30	177		13	髟／會	1-94-29	3						
p177-31	177	鬥	4	鬥＜斗			9B26					
p177-32	177	鬥	11	鬥＜亀	1-94-30	3						
p177-33	177	鬥	12	鬥＜敢	2-93-28	4						
p177-34	177	鬥	14	鬥＜（（卯／亞の下半分）＋斤）	1-94-31	3						
p177-35	177	鬲	3	隔								1
p177-36	177	鬲	3	口＋鬲	2-4-23	4					1	
p177-37	177	鬲	4	木＋鬲			69C5				1	
p177-38	177	鬲	6	鬲＋栩のつくり	1-90-34	3					1	
p177-39	177	鬲	6	虎	2-93-29	4						
p177-40	177	鬲	6	虫／鬲			878E				1	
p177-41	177	鬲	7	鬲＋甫			9B34					
p177-42	177	鬲	8	金＋鬲			9398				1	
p177-43	177	鬲	8	蠶			9B35					
p177-44	177	鬲	9	鬲＋椶のつくり			9B37					
p177-45	177	鬲	11	規／鬲			9B39					
p177-46	177	鬲	11	鬲＋傷のつくり			9B3A					
p177-47	177	鬲	11	鬲＋鳥			9DCA				1	
p177-48	177	鬲	13	潛	1-87-31	3					1	
p178-0	178	鬼	3	魅	2-93-30	4						
p178-1	178	鬼	5	魅	2-93-31	4						
p178-2	178	鬼	5	やまいだれ＋鬼			7623				1	
p178-3	178	鬼	6	耳＋鬼			806D				1	
p178-4	178	鬼	7	魅			9B48					
p178-5	178	鬼	8					魍	包摂適用	51		1
p178-6	178	鬼	8	魅	2-93-32	4						
p178-7	178	鬼	8	魅			9B4C					
p178-8	178	鬼	8	魅			29CE6					
p178-9	178	鬼	11	麾				魔	包摂適用	30		1
p178-10	178	鬼	12	魅			9B55					
p178-11	178	鬼	12	魅			9B56					
p178-12	178	鬼	14					魘	包摂適用	179		1
p178-13	178	鬼	14	壽＋鬼			9B57					
p178-14	178	魚	2	魚＋入	1-94-32	3						
p178-15	178	魚	2	魚＋刀			9B5B					
p178-16	178	魚	3	魚＋（勹＜一）			9B61					
p178-17	178	魚	4	魚＋毛	1-94-33	3						
p178-18	178	魚	4	魚＋少	1-94-34	3						
p178-19	178	魚	4	魚＋戸の旧字	1-94-35	3						
p178-20	178	魚	4	魚＋扮のつくり	1-94-36	3						
p178-21	178	魚	4	魚＋予	2-93-33	4						
p178-22	178	魚	4	魚＋（岌−山）	2-93-34	4						
p178-23	178	魚	4	魚＋沈のつくり	2-93-35	4						
p178-24	178	魚	4	魚＋反	2-93-36	4						
p178-25	178	魚	4	魚＋師のつくり	2-93-37	4						
p178-26	178	魚	4	魚＋吶のつくり	2-93-38	4						
p178-27	178	魚	4	魚＋尤	2-93-39	4						
p178-28	178	魚	4	魚＋屯			9B68					
p178-29	178	魚	4	魚＋介			9B6A					
p178-30	178	魚	4	魚＋元			9B6D					
p178-31	178	魚	4	魚＋比			9B6E					
p178-32	178	魚	4	魚＋片			9B78					
p178-33	178	魚	4	魚＋蚣のつくり			4C38					
p178-34	178	魚	4	魚＋文			9B70					
p178-35	178	魚	4	魚＋夫			29D69					
p178-36	178	魚	5	魚＋弗	1-94-37	3						
p178-37	178	魚	5	魚＋白	1-94-38	3						
p178-38	178	魚	5	魚＋生	1-94-39	3						
p178-39	178	魚	5	魚＋禾	2-83-3	4					1	
p178-40	178	魚	5	魚＋令			9B7F					
p178-41	178	魚	5	魚＋它			9B80					
p178-42	178	魚	5	魚＋必			9B85					
p178-43	178	魚	5	此／魚			9B86					
p178-44	178	魚	5	魚＋未			9B87					
p178-45	178	魚	5	魚＋召			9B89					
p178-46	178	魚	5	魚＋由			9B8B					
p178-47	178	魚	5	魚＋皮			9B8D					
p178-48	178	魚	5	魚＋台			9B90					
p179-0	179		5	魚＋秬のつくり			9B94					
p179-1	179		5	魚＋且			4C49					
p179-2	179		5	魚＋低のつくり			29D85					
p179-3	179		6	魚＋交				鮫	デザイン差	UCV235		1
p179-4	179		6					鮨	包摂適用	149		1
p179-5	179		6					鮮	包摂適用	149		1
p179-6	179		6	魚＋而	1-94-40	3						
p179-7	179		6	魚＋夷	1-94-41	3						
p179-8	179		6	魚＋同	2-93-40	4						
p179-9	179		6	魚＋夸	2-93-41	4						
p179-10	179		6	魚＋老	2-93-42	4						
p179-11	179		6	魚＋吉			9B9A					
p179-12	179		6	劵			9B9D					
p179-13	179		6	魚＋并			9BA9					
p179-14	179		6	魚＋回			9BB0					
p179-15	179		6	魚＋米			4C4A					
p179-16	179		6	魚＋兆			9BA1					
p179-17	179		7					鮹	包摂適用	16		1
p179-18	179		7	魚＋哽のつくり	1-94-42	3						
p179-19	179		7	魚＋成	1-94-43	3						
p179-20	179		7	魚＋角	2-93-43	4						
p179-21	179		7	魚＋椛のつくり	2-93-44	4						
p179-22	179		7	魚＋伏	2-93-45	4						
p179-23	179		7	魚＋俛のつくり	2-93-46	4						
p179-24	179		7	魚＋綏のつくり	2-93-47	4						
p179-25	179		7	魚＋完	2-93-48	4						
p179-26	179		7	魚＋弟			9BB7					
p179-27	179		7	魚＋俊のつくり			9BBB					
p179-28	179		7	魚＋駸のつくり			9BBC					
p179-29	179		7	魚＋輒のつくり			9BBF					
p179-30	179		7	條			9BC8					
p179-31	179		7	魚＋走			9BD0					
p179-32	179		7	魚＋君			9BB6					
p179-33	179		7	魚＋豕			2B660					
p179-34	179		8	魚＋（冢−冖）			2B660					
p179-35	179		8	魚＋蜩のつくり				鯛	包摂適用	44		1
p179-36	179		8	魚＋虎				鯱	包摂適用	69		1
p179-37	179		8	魚＋睛のつくり				鯖	包摂適用	146		1
p179-38	179		8					鯲	包摂適用	25		1
p179-39	179		8	魚＋陸のつくり	1-94-44	3						
p179-40	179		8	魚＋底	2-93-49	4						
p179-41	179		8	魚＋委	2-93-50	4						
p179-42	179		8	魚＋固	2-93-51	4						
p179-43	179		8	魚＋昌	2-93-52	4						
p179-44	179		8	魚＋陵のつくり	2-93-53	4						
p179-45	179		8	魚＋取	2-93-54	4						
p179-46	179		8	魚＋制	2-93-55	4						
p179-47	179		8	魚＋宗	2-93-56	4						
p179-48	179		8	魚＋長	2-93-57	4						
p179-49	179		8	魚＋睹のつくり	2-93-58	4						
p179-50	179		8	養			9BD7					
p179-51	179		8	魚＋東			9BDF					
p179-52	179		8	魚＋戔			4C60					
p179-53	179		8	魚＋府			29E05					
p179-54	179		9	魚＋（喞−口）				※［＃「魚＋皀＋卩」、第3水準1-94-46］	包摂適用			1
p179-55	179		9	魚＋侯	1-94-45	3						
p180-0	180		9	魚＋皀＋卩	1-94-46	3						
p180-1	180		9	魚＋爰	1-94-47	3						
p180-2	180		9	魚＋荒	2-93-59	4						
p180-3	180		9	魚＋是	2-93-60	4						
p180-4	180		9	魚＋飛	2-93-61	4						
p180-5	180		9	魚＋惰のつくり	2-93-62	4						
p180-6	180		9	魚＋室	2-93-63	4						
p180-7	180		9	魚＋若	2-93-64	4						
p180-8	180		9	魚＋宣	2-93-65	4						
p180-9	180		9	魚＋星			9BF9					
p180-10	180		9	魚＋編のつくり			9BFF					
p180-11	180		9	魚＋則			9C02					
p180-12	180		9	魚＋偃のつくり			9C0B					
p180-13	180		9	魚＋福のつくり			9C0F					
p180-14	180		9	魚＋昜			9C11					
p180-15	180		9	魚＋（くさかんむり／甫）								pdf
p180-16	180		10	魚＋嫋のつくり				鰯	包摂適用	20		1
p180-17	180		10	魚＋時	1-94-48	3						
p180-18	180		10	魚＋高	2-93-66	4						
p180-19	180		10	魚＋馬	2-93-67	4						
p180-20	180		10	縢	2-93-68	4						
p180-21	180		10	魚＋搖のつくり	2-93-69	4						
p180-22	180		10	魚＋盍	2-93-70	4						
p180-23	180		10	魚＋賺のつくり			9C1C					
p180-24	180		10	魚＋烏			9C1E					
p180-25	180		10	魚＋茲			9C26					
p180-26	180		10	魚＋搨のつくり			9C28					
p180-27	180		10	魚＋容			9C2B					
p180-28	180		10	魚＋央／皿			2B66C					
p180-29	180		11	魚＋膤のつくり				鱈	包摂適用	54		1
p180-30	180		11					鰻	包摂適用	149		1
p180-31	180		11	魚＋二点しんにょう＋豕	1-94-49	3						
p180-32	180		11	魚＋罘	2-93-71	4						
p180-33	180		11	魚＋二点しんにょうの連	2-93-72	4						
p180-34	180		11	魚＋祭	2-93-73	4						
p180-35	180		11	魚＋條	2-93-74	4						
p180-36	180		11	魚＋庸	2-93-75	4						
p180-37	180		11	魚＋鳥	2-94-40	4					1	
p180-38	180		11	（誨のつくり＋攵）／魚			9C35					
p180-39	180		11	魚＋曹			9C3D					
p180-40	180		11	魚＋羞			9C43					
p180-41	180		11	魚＋專			9C44					
p180-42	180		12	魚＋墫のつくり				鱒	包摂適用	11		1
p180-43	180		12	魚＋鄰のへん				鱗	包摂適用	120		1
p180-44	180		12	魚＋覃	1-94-50	3						
p180-45	180		12	魚＋肅	1-94-51	3						
p180-46	180		12	魚＋單	1-94-52	3						
p180-47	180		12	魚＋郷	2-93-76	4						
p180-48	180		12	魚＋澁のつくり	2-93-77	4						
p180-49	180		12	敝／魚	2-93-78	4						
p180-50	180		12	魚＋橘のつくり	2-93-79	4						
p180-51	180		12	魚＋僭のつくり	2-93-80	4						
p180-52	180		12	魚＋善	2-93-81	4						
p180-53	180		12	魚＋潯のつくり	2-93-82	4						
p180-54	180		12	魚＋曾	2-93-83	4						
p181-0	181		12	魚＋喬			9C4E					
p181-1	181		12	魚＋厥			9C56					
p181-2	181		12	魚＋膠のつくり								1
p181-3	181		13	魚＋亶	1-94-53	3						
p181-4	181		13	魚＋穢のつくり	1-94-54	3						
p181-5	181		13	魚＋賁	2-93-84	4						
p181-6	181		13	學	2-93-85	4						
p181-7	181		13	魚＋雷	2-93-86	4						
p181-8	181		13	魚＋暑	2-93-87	4						
p181-9	181		13	魚＋愛	2-93-88	4						
p181-10	181		13	魚＋鐶のつくり			9C5E					
p181-11	181		13	魚＋賊			9C61					
p181-12	181		13	魚＋操のつくり			9C62					
p181-13	181		13	魚＋義			4C91					
p181-14	181		14	魚＋齊	2-93-89	4						
p181-15	181		14	魚＋與	2-93-90	4						
p181-16	181		14	魚＋署	2-93-91	4						
p181-17	181		14	魚＋嘗			9C68					
p181-18	181		15	魚＋鑞のつくり	2-93-92	4						
p181-19	181		15	魚＋箴	2-93-93	4						
p181-20	181		16	魚＋王の中の空白部に口が四つ	1-94-55	3						
p181-21	181		19	魚＋麗	2-93-94	4						
p181-22	181		22	魚＋（魚＋魚）			9C7B					
p181-23	181	鳥	1	鳥＋乙	2-94-1	4						
p181-24	181	鳥	2	丁＋鳥			29F9A					
p181-25	181	鳥	3	鳥／山	2-8-62	4					1	
p181-26	181	鳥	3	尸＋鳥	2-94-2	4						
p181-27	181	鳥	3	鳥＋おおざと			9125				1	
p181-28	181	鳥	4					鴇	包摂適用	78		1
p181-29	181	鳥	4					鴈	デザイン差			1
p181-30	181	鳥	4	方＋鳥	2-94-3	4						
p181-31	181	鳥	4	刔のへん＋鳥	2-94-4	4						
p181-32	181	鳥	4	予＋鳥	2-94-5	4						
p181-33	181	鳥	4	支＋鳥			9CF7					
p181-34	181	鳥	4	今＋鳥			9CF9					
p181-35	181	鳥	5	呀のつくり＋鳥				鴉	包摂適用	121		1
p181-36	181	鳥	5	句＋鳥	1-94-56	3						
p181-37	181	鳥	5	号＋鳥	1-94-57	3						
p181-38	181	鳥	5	奴／鳥	2-94-6	4						
p181-39	181	鳥	5	立＋鳥	2-94-7	4						
p181-40	181	鳥	5	弁＋鳥	2-94-8	4						
p181-41	181	鳥	5	穴かんむり／鳥			7AB5				1	
p181-42	181	鳥	5	母＋鳥			4CC7					
p181-43	181	鳥	5	鳥＋令								pdf
p181-44	181	鳥	6	舟＋鳥	1-94-58	3						
p181-45	181	鳥	6	年＋鳥	1-94-59	3						
p181-46	181	鳥	6	輝のへん＋鳥	2-94-9	4						
p181-47	181	鳥	6	此＋鳥	2-94-10	4						
p181-48	181	鳥	6	鳥＋戎	2-94-11	4						
p182-0	182		6	旨＋鳥	2-94-12	4						
p182-1	182		6	有＋鳥	2-94-13	4						
p182-2	182		6	休＋鳥	2-94-14	4						
p182-3	182		6	此／鳥			9D1C					
p182-4	182		6	而＋鳥			9D2F					
p182-5	182		6	舌＋鳥			9D30					
p182-6	182		6	安＋鳥			9D33					
p182-7	182		6	行＋鳥			9D34					
p182-8	182		6	夷＋鳥			9D3A					
p182-9	182		6	鳥＋各			9D3C					
p182-10	182		6	如／鳥			9D3D					
p182-11	182		6	各＋鳥			9D45					
p182-12	182		7	晧のつくり＋酉				鵠	包摂適用	42		1
p182-13	182		7	谷＋鳥	1-94-60	3						
p182-14	182		7	束＋鳥	1-94-61	3						
p182-15	182		7	石＋化のつくり＋鳥	2-82-59	4					1	
p182-16	182		7	夾＋鳥	2-94-15	4						
p182-17	182		7	狂／鳥	2-94-16	4						
p182-18	182		7	身＋鳥	2-94-17	4						
p182-19	182		7	即／鳥	2-94-18	4						
p182-20	182		7	勃のへん＋鳥			9D53					
p182-21	182		7	鳥＋俊のつくり			9D54					
p182-22	182		7	判／鳥			9D65					
p182-23	182		7	豸＋鳥			2A070					
p182-24	182		8	（萠−くさかんむり）＋鳥				鵬	包摂適用	36		1
p182-25	182		8	蜩のつくり＋鳥	1-94-62	3						
p182-26	182		8	空＋鳥	1-94-63	3						
p182-27	182		8	庚＋鳥	1-94-64	3						
p182-28	182		8	服＋鳥	2-94-19	4						
p182-29	182		8	卓＋鳥	2-94-20	4						
p182-30	182		8	朝のへん＋鳥	2-94-21	4						
p182-31	182		8	（戸の旧字＋月）＋鳥	2-94-22	4						
p182-32	182		8	亞＋鳥	2-94-23	4						
p182-33	182		8	宛＋鳥	2-94-24	4						
p182-34	182		8	昆＋鳥	2-94-25	4						
p182-35	182		8	靜のへん＋鳥	2-94-26	4						
p182-36	182		8	易＋鳥	2-94-27	4						
p182-37	182		8	奄＋鳥			9D6A					
p182-38	182		8	鳥＋隹			9D7B					
p182-39	182		8	鳥＋兒			9D83					
p182-40	182		8	來＋鳥			9D86					
p182-41	182		8	宗＋鳥			9D8E					
p182-42	182		8	隹＋鳥			4CE1					
p182-43	182		8	兒＋鳥			9D82					
p182-44	182		8	緇のつくり＋鳥			9D85					
p182-45	182		8	虎＋鳥			2A0AC					
p182-46	182		8	虎＋鳥			2A0AC					
p182-47	182		9	茲＋鳥				※［＃「滋のつくり＋鳥」、第3水準1-94-66］	包摂適用			1
p182-48	182		9	秋／鳥	1-94-65	3						
p182-49	182		9	滋のつくり＋鳥	1-94-66	3						
p182-50	182		9	帝＋鳥	2-94-28	4						
p182-51	182		9	曷＋鳥	2-94-29	4						
p182-52	182		9	慈	2-94-30	4						
p182-53	182		9	勅＋鳥			9D92					
p182-54	182		9	苗＋鳥			9D93					
p182-55	182		9	音＋鳥			9D95					
p183-0	183		9	題			9D97					
p183-1	183		9	胡＋鳥			9D98					
p183-2	183		9	（目／犬）＋鳥			9DAA					
p183-3	183		9	即＋鳥			4CED					
p183-4	183		9	喞								pdf
p183-5	183		10	留＋鳥				※［＃「（卯／田）＋鳥」、第4水準2-94-32］	包摂適用			1
p183-6	183		10	渓のつくり＋鳥				鷂	統合適用	UCV375		1
p183-7	183		10	倉＋鳥	1-94-67	3						
p183-8	183		10	賺のつくり＋鳥	1-94-68	3						
p183-9	183		10	芻＋鳥	2-94-31	4						
p183-10	183		10	（卯／田）＋鳥	2-94-32	4						
p183-11	183		10	隼＋鳥	2-94-33	4						
p183-12	183		10	晏＋鳥	2-94-34	4						
p183-13	183		10	轂	2-94-35	4						
p183-14	183		10	褫のつくり＋鳥	2-94-36	4						
p183-15	183		10	高＋鳥			9DAE					
p183-16	183		10	塞			9DB1					
p183-17	183		10	鬲＋鳥			9DCA					
p183-18	183		11	區＋鳥	1-94-69	3		鴎	78互換包摂			
p183-19	183		11	寉＋鳥				鶴	統合適用	UCV304		1
p183-20	183		11	醫	2-94-37	4						
p183-21	183		11	膠のつくり＋鳥	2-94-38	4						
p183-22	183		11	族／鳥	2-94-39	4						
p183-23	183		11	魚＋鳥	2-94-40	4						
p183-24	183		11	敖／鳥			9DD4					
p183-25	183		11	唯／鳥			9DD5					
p183-26	183		11	爽＋鳥			9DDE					
p183-27	183		11	鹿＋鳥			2A2DE					
p183-28	183		12	集＋鳥	1-94-70	3						
p183-29	183		12	懿のへん＋鳥	1-94-71	3						
p183-30	183		12	譚のつくり＋鳥	2-94-41	4						
p183-31	183		12	閑＋鳥	2-94-42	4						
p183-32	183		12	絲／鳥			9DE5					
p183-33	183		12	敝／鳥			9DE9					
p183-34	183		12	肅＋鳥			9DEB					
p183-35	183		12	喬＋鳥			9DEE					
p183-36	183		12	燕			9DF0					
p183-37	183		12	燗のつくり＋鳥			9DF3					
p183-38	183		12	鳥＋橘のつくり								pdf
p183-39	183		13	顫のへん＋鳥	1-94-72	3						
p183-40	183		13	零＋鳥	2-94-43	4						
p183-41	183		13	辟＋鳥	2-94-44	4						
p183-42	183		13	さんずい＋鷄	2-94-45	4						
p183-43	183		13	意＋鳥			9DFE					
p183-44	183		13	辟／鳥			9DFF					
p183-45	183		13	羸			9E01					
p183-46	183		13	澤のつくり＋鳥			9E05					
p183-47	183		13	虞＋鳥			9E06					
p183-48	183		13	虞＋鳥			9E06					
p183-49	183		14	爾＋鳥	2-94-46	4						
p183-50	183		14	嬰			9E0E					
p183-51	183		14	櫂のつくり＋鳥			9E10					
p183-52	183		14	獄／鳥			9E11					
p183-53	183		14	與／鳥			9E12					
p183-54	183		16	顱のへん＋鳥	1-94-73	3						
p184-0	184		16	霍＋鳥			9E16					
p184-1	184		17	龠＋鳥	2-94-47	4						
p184-2	184		18	瞿＋鳥	2-94-48	4						
p184-3	184		19	麗＋鳥	2-94-49	4						
p184-4	184	鹵	10	鹵＋賺のつくり	2-94-50	4						
p184-5	184	鹵	10	鹵＋差			9E7A					
p184-6	184	鹵	13	鹵＋僉	1-94-74	3		鹸	78互換包摂			
p184-7	184	鹿	0	廉−（朔のへん−屮）	2-94-51	4						
p184-8	184	鹿	2	塵	2-94-52	4						
p184-9	184	鹿	2	鹿／几			9E82					
p184-10	184	鹿	3	鹿＋おおざと	2-90-25	4					1	
p184-11	184	鹿	4	塵			9E83					
p184-12	184	鹿	4	扮のつくり／塵			9E84					
p184-13	184	鹿	5	鹿／鉋のつくり	2-94-53	4						
p184-14	184	鹿	5	塵			9E87					
p184-15	184	鹿	6	鹿／而			2A2AB					
p184-16	184	鹿	6	塵			2A2B2					
p184-17	184	鹿	7	塵			9E8E					
p184-18	184	鹿	7	塵			9E8F					
p184-19	184	鹿	8	塵			9E96					
p184-20	184	鹿	8	鹿＋蜩のつくり								1
p184-21	184	鹿	9	塵	2-94-54	4						
p184-22	184	鹿	9	塵			9E98					
p184-23	184	鹿	9	塵			9E9A					
p184-24	184	鹿	11	鹿／章	1-94-75	3						
p184-25	184	鹿	12	鹿＋鄰のへん				麟	包摂適用	120		1
p184-26	184	鹿	20	鹿＋嚴			9EA3					
p184-27	184	鹿	22	鹿／（鹿＋鹿）	1-94-76	3						
p184-28	184	麥麦	0	麩−夫								1
p184-29	184	麥麦	4	麥＋眄のつくり				麪	包摂適用	180		1
p184-30	184	麥麦	4	麥＋夫				麩	包摂適用	180		1
p184-31	184	麥麦	4	麩	2-94-55	4						
p184-32	184	麥麦	5	麥＋鉋のつくり				麭	包摂適用	180		1
p184-33	184	麥麦	5	麥＋皮	1-94-77	3						
p184-34	184	麥麦	5	麩				※［＃「麥＋皮」、第3水準1-94-77］	包摂適用			1
p184-35	184	麥麦	5	麥＋去			9EAE					
p184-36	184	麥麦	5	麸			24FF2					
p184-37	184	麥麦	6	麩	1-94-78	3						
p184-38	184	麥麦	6	麩			9EB0					
p184-39	184	麥麦	7	麸	2-94-56	4						
p184-40	184	麥麦	8	麭	1-94-79	3		麹	78互換包摂			
p184-41	184	麥麦	8	麥＋來			9EB3					
p184-42	184	麥麦	9	麩	1-94-80	3		麺	78互換包摂			
p184-43	184	麻	0	嘛のつくり				麻	包摂適用	30		1
p184-44	184	麻	3	くさかんむり／嘛のつくり	2-86-74	4					1	
p185-0	185		3	麾	2-94-57	4						
p185-1	185		4	麾				摩	包摂適用	30	1	1
p185-2	185		5	麾				磨	包摂適用	30	1	1
p185-3	185		5	麾			7A48				1	
p185-4	185		7	麾				麿	包摂適用	30		1
p185-5	185		10	麾				魔	包摂適用	30	1	1
p185-6	185	黄黃	0	廣−广	1-94-81	3		黄	包摂適用	141		
p185-7	185	黄黃	3	广＋黄				廣	包摂適用	141		1
p185-8	185	黄黃	4	日＋（廣−广）			66C2				1	
p185-9	185	黄黃	4	火＋（廣−广）			71BF				1	
p185-10	185	黄黃	4	（廣−广）＋沈のつくり			9EC6					
p185-11	185	黄黃	4	（廣−广）＋今			9EC5					
p185-12	185	黄黃	5	やまいだれ＋（廣−广）			7640				1	
p185-13	185	黄黃	5	（廣−广）＋（麈−鹿）			9EC8					
p185-14	185	黄黃	6	光のにょうの形＋（廣−广）			9ECB					
p185-15	185	黄黃	8	享＋（廣−广）			2A3C6					
p185-16	185	黄黃	10	轂			2A3D9					
p185-17	185	黄黃	13					黌	包摂適用	141		1
p185-18	185	黒黑	0	黨−尚	1-94-82	3		黒	包摂適用	99		
p185-19	185	黒黑	3	壥−土へん−厂	1-15-62	3		墨	包摂適用	99	1	
p185-20	185	黒黑	3	口＋（黨−尚）	2-4-36	4					1	
p185-21	185	黒黑	4	黯のへん＋沈のつくり			9ED5					
p185-22	185	黒黑	5	黨				黛	包摂適用	99		1
p185-23	185	黒黑	5	黯のへん＋玄	2-94-58	4						
p185-24	185	黒黑	6	黯のへん＋多	2-94-59	4						
p185-25	185	黒黑	7	條	1-14-46	3						
p185-26	185	黒黑	8	犂	2-94-60	4						
p185-27	185	黒黑	8	黯のへん＋奄			9EE4					
p185-28	185	黒黑	9	黯のへん＋甚	2-94-61	4						
p185-29	185	黒黑	9	黯のへん＋咸			9EEC					
p185-30	185	黒黑	9	黯のへん＋（合／廾）			9EED					
p185-31	185	黒黑	10	黯のへん＋眞			9EF0					
p185-32	185	黒黑	10	縢			9EF1					
p185-33	185	黒黑	11	黯のへん＋參			9EF2					
p185-34	185	黒黑	13	黯のへん＋譫のつくり			9EF5					
p185-35	185	黒黑	16	黯のへん＋盧			9EF8					
p185-36	185	單	4	火＋單			71C0				1	
p185-37	185	單	8	鶉のへん＋單	2-4-50	4					1	
p185-38	185	單	10	單＋展	2-4-51	4					1	
p185-39	185	單	11	魚＋單	1-94-52	3					1	
p185-40	185	黽	2	にんべん＋黽			50F6				1	
p185-41	185	黽	4	元／黽	2-94-62	4						
p185-42	185	黽	5	鼈	2-94-63	4						
p185-43	185	黽	6	卦のへん＋黽	2-94-64	4						
p186-0	186		6	鼈	2-94-65	4						
p186-1	186		12	（口＋口）／田／一／黽			9F09					
p186-2	186	鼎	2	乃／鼎	1-94-83	3						
p186-3	186	鼎	2	冖／鼎			9F0F					
p186-4	186	鼎	2	占			9F11					
p186-5	186	鼎	3	才／鼎			9F12					
p186-6	186	鼓	0	鼓			9F14					
p186-7	186	鼓	5	賁			9F16					
p186-8	186	鼓	6	兆／鼓	2-94-66	4						
p186-9	186	鼓	6	鼓／兆			2A51B					
p186-10	186	鼓	8	鼓／婢のつくり	2-94-67	4						
p186-11	186	鼓	8	鼓／長			9F1A					
p186-12	186	鼓	8	鼓／咎			9F1B					
p186-13	186	鼓	12	鼓／登			9F1F					
p186-14	186	鼡鼠	4	鼠＋扮のつくり			9F22					
p186-15	186	鼡鼠	5	鼬			9F26					
p186-16	186	鼡鼠	5	鼬			9F2A					
p186-17	186	鼡鼠	5	鼬			9F2B					
p186-18	186	鼡鼠	5	鼠＋占			2A550					
p186-19	186	鼡鼠	7	鼬	2-94-68	4						
p186-20	186	鼡鼠	8	鼠＋睛のつくり			9F31					
p186-21	186	鼡鼠	9	鼠＋軍			9F32					
p186-22	186	鼡鼠	10	鼬	1-94-84	3						
p186-23	186	鼡鼠	10	鼬	2-94-69	4						
p186-24	186	鼡鼠	10	鼬			9F34					
p186-25	186	鼡鼠	10	鼬			4D89					
p186-26	186	鼡鼠	10	鼠＋留			4D89					
p186-27	186	鼡鼠	15	鼠＋儡のつくり	2-94-70	4						
p186-28	186	鼻	0	鼾のへん				鼻	包摂適用	45		1
p186-29	186	鼻	2	鼾のへん＋りっとう	1-14-65	3					1	
p186-30	186	鼻	2	鼾のへん＋九	2-94-71	4						
p186-31	186	鼻	2	鼾のへん＋（収−又）			9F3C					
p186-32	186	鼻	3	山＋鼻	2-8-70	4					1	
p186-33	186	鼻	3	鼾のへん＋兀			9F3F					
p186-34	186	鼻	5	鼾のへん＋句	2-94-72	4						
p186-35	186	鼻	5	ころもへん＋鼾のへん			8963				1	
p186-36	186	鼻	9	鼾のへん＋曷			9F43					
p186-37	186	鼻	9	鼾のへん＋査			9F44					
p186-38	186	鼻	10	鼾のへん＋嗅のつくり	2-94-73	4						
p186-39	186	鼻	10	鼾のへん＋（巛／邑）	2-94-74	4						
p186-40	186	鼻	11	鼾のへん＋虎			9F47					
p187-0	187	斉齊	0	斉				斉	デザイン差			1
p187-1	187	斉齊	2					剤	デザイン差	UCV235	1	1
p187-2	187	斉齊	3	斎				斎	デザイン差		1	1
p187-3	187	斉齊	3					済	デザイン差	UCV235	1	1
p187-4	187	斉齊	3	こざとへん＋齊			96AE				1	
p187-5	187	斉齊	6	虫＋齊	1-91-69	3					1	
p187-6	187	歯齒	1	齒＋礼のつくり	2-94-75	4						
p187-7	187	歯齒	3	齒＋乞	2-94-76	4						
p187-8	187	歯齒	4	齒＋斤	1-94-85	3						
p187-9	187	歯齒	4	齒＋介	2-94-77	4						
p187-10	187	歯齒	4	齒＋冴のつくり			9F56					
p187-11	187	歯齒	5	歯＋且	2-94-78	4						
p187-12	187	歯齒	5	歯＋句			2B81A					
p187-13	187	歯齒	5	齒＋台	2-94-79	4						
p187-14	187	歯齒	5	齒＋乍			9F5A					
p187-15	187	歯齒	5	齒＋只			9F5E					
p187-16	187	歯齒	6	契	2-94-80	4						
p187-17	187	歯齒	6	齒＋皎のつくり	2-94-81	4						
p187-18	187	歯齒	6	齒＋臼			9F68					
p187-19	187	歯齒	6	歯＋艮								1
p187-20	187	歯齒	7	歯＋吾	2-94-82	4						
p187-21	187	歯齒	8	齒＋（戸の旧字＋斤）	2-94-83	4						
p187-22	187	歯齒	8	齒＋昔	2-94-84	4						
p187-23	187	歯齒	8	齒＋奇			9F6E					
p187-24	187	歯齒	8	齒＋兒			9F6F					
p187-25	187	歯齒	8	齒＋諏のつくり			9F71					
p187-26	187	歯齒	9	齒＋禺	2-94-85	4						
p187-27	187	歯齒	9	齒＋軍			9F73					
p187-28	187	歯齒	10	齒＋芻			9F7A					
p187-29	187	歯齒	13	齒＋禁			9F7D					
p187-30	187	竜龍	0					龍	統合適用	UCV65		1
p187-31	187	竜龍	2	にんべん＋龍			5131				1	
p187-32	187	竜龍	3	广＋龍	1-94-86	3						
p187-33	187	竜龍	3	口＋龍	2-4-48	4					1	
p187-34	187	竜龍	3	山／龍			5DC3				1	
p187-35	187	竜龍	3	龍／廾			9F8F					
p187-36	187	竜龍	4	龍／天			9F91					
p187-37	187	竜龍	5	龍／石	1-89-17	3					1	
p187-38	187	竜龍	5	穴かんむり／龍			7AC9				1	
p187-39	187	竜龍	5	龍／示			9F92					
p187-40	187	竜龍	5	龍／呀のつくり								pdf
p188-0	188		5	龍／冴のつくり								pdf
p188-1	188		6	龍／共	1-94-87	3						
p188-2	188		7	龍／言	2-88-81	4					1	
p188-3	188		8	金＋龍			9468				1	
p188-4	188		16	龍＋龍			9F96					
p188-5	188		17	靈	1-94-88	3						
p188-6	188	亀龜	0					龜	包摂適用	89		1
p188-7	188	亀龜	4	月＋亀	2-94-86	4						
p188-8	188	亀龜	5					龝	包摂適用	89		1
p188-9	188	亀龜	10	鬥＜亀	1-94-30	3					1	
p188-10	188	亀龜	10	敝／龜			9F9E					
p188-11	188	龠	3	さんずい＋龠	2-79-46	4					1	
p188-12	188	龠	4	龠＋欠			9FA1					
p188-13	188	龠	4	火＋龠			721A				1	
p188-14	188	龠	5	龠＋禾	1-94-89	3						
p188-15	188	龠	5	示＋龠	2-82-77	4					1	
p188-16	188	龠	8	龠＋碌のつくり			9FA3					
p188-17	188	龠	9	龠＋頁			9FA5					
p188-18	188	龠	11	龠＋鳥	2-94-47	4					1	
p188-19	188	龠	15	竹かんむり／（龠＋頁）			7C72				1	
